season,round,DriverId,TeamId,grid_position,race_finishing_position,classified_position,status,raw_points,laps_completed,event_name,location,event_date,event_format,qualifying_position,Q1,Q2,Q3,classification_points,Top10,Podium,IncidentDNF,driver_points_mean_last3,driver_qualifying_mean_last3,driver_incident_rate_last10,driver_previous_starts,mean_team_classification_points_per_race,mean_team_qualifying_position_per_race,team_points_mean_last3,team_qualifying_mean_last3,previous_qualifying_position,previous_classification_points,predicted_qualifying_score,predicted_qualifying_position,qualifying_surprise,positive_qualifying_surprise,negative_qualifying_surprise,predicted_classification_points,predicted_classification_points_raw,race_gain,race_loss,recent_gain_exposure,recent_loss_exposure,exposure_history_count,net_recent_deviation
2020,16,aitken,williams,17,16,16,Finished,0.0,87,Sakhir Grand Prix,Sakhir,2020-12-06,conventional,18,0 days 00:00:54.892000,,,0,0,0,0,,,,0.0,0.0,17.5,0.0,17.333333333333332,,,,,,,,,,,,0.0,0.0,0.0,0.0
2019,1,albon,toro_rosso,13,14,14,+1 Lap,0.0,57,Australian Grand Prix,Melbourne,2019-03-17,conventional,13,0 days 00:01:22.757000,0 days 00:01:22.636000,,0,0,0,0,,,,0.0,0.5,14.0,0.16666666666666666,14.833333333333334,,,,,,,,,,,,0.0,0.0,0.0,0.0
2019,2,albon,toro_rosso,12,9,9,Finished,2.0,57,Bahrain Grand Prix,Sakhir,2019-03-31,conventional,12,0 days 00:01:29.514000,0 days 00:01:29.513000,,2,1,0,0,0.0,13.0,0.0,1.0,1.0,13.5,0.16666666666666666,14.666666666666666,13,0.0,,,,,,,,,,0.0,0.0,0.0,0.0
2019,4,albon,toro_rosso,11,11,11,+1 Lap,0.0,50,Azerbaijan Grand Prix,Baku,2019-04-28,conventional,12,0 days 00:01:42.154000,0 days 00:01:42.494000,,0,0,0,0,1.0,12.5,0.0,2.0,0.0,9.0,0.5,12.833333333333334,12,2.0,,,,,,,,,,0.0,0.0,0.0,0.0
2019,5,albon,toro_rosso,11,11,11,Finished,0.0,66,Spanish Grand Prix,Barcelona,2019-05-12,conventional,12,0 days 00:01:17.796000,0 days 00:01:17.445000,,0,0,0,0,0.6666666666666666,12.333333333333334,0.0,3.0,1.0,10.5,0.3333333333333333,11.166666666666666,12,0.0,,,,,,,,,,0.0,0.0,0.0,0.0
2019,6,albon,toro_rosso,10,8,8,Finished,4.0,78,Monaco Grand Prix,Monte Carlo,2019-05-26,conventional,10,0 days 00:01:12.007000,0 days 00:01:11.429000,0 days 00:01:11.653000,4,1,0,0,0.6666666666666666,12.0,0.0,4.0,5.0,9.0,0.3333333333333333,10.166666666666666,12,0.0,,,,,,,,,,0.0,0.0,0.0,0.0
2019,7,albon,toro_rosso,13,19,R,Collision damage,0.0,59,Canadian Grand Prix,Montréal,2019-06-09,conventional,14,0 days 00:01:12.020000,0 days 00:01:12.193000,,0,0,0,1,1.3333333333333333,11.333333333333334,0.0,5.0,0.5,13.0,2.0,9.5,10,4.0,,,,,,,,,,0.0,0.0,0.0,0.0
2019,8,albon,toro_rosso,11,15,15,+1 Lap,0.0,52,French Grand Prix,Le Castellet,2019-06-23,conventional,11,0 days 00:01:31.445000,0 days 00:01:30.461000,,0,0,0,0,1.3333333333333333,12.0,0.16666666666666666,6.0,0.0,13.5,2.1666666666666665,10.833333333333334,14,0.0,,,,,,,,,,0.0,0.0,0.0,0.0
2019,9,albon,toro_rosso,18,15,15,+1 Lap,0.0,70,Austrian Grand Prix,Spielberg,2019-06-30,conventional,13,0 days 00:01:04.708000,0 days 00:01:04.665000,,0,0,0,0,1.3333333333333333,11.666666666666666,0.14285714285714285,7.0,0.0,15.5,1.8333333333333333,11.833333333333334,11,0.0,,,,,,,,,,0.0,0.0,0.0,0.0
2019,10,albon,toro_rosso,9,12,12,Finished,0.0,52,British Grand Prix,Silverstone,2019-07-14,conventional,9,0 days 00:01:26.482000,0 days 00:01:26.403000,0 days 00:01:26.345000,0,0,0,0,0.0,12.666666666666666,0.125,8.0,1.0,13.0,0.16666666666666666,14.0,13,0.0,,,,,,,,,,0.0,0.0,0.0,0.0
2019,11,albon,toro_rosso,16,6,6,Finished,8.0,64,German Grand Prix,Hockenheim,2019-07-28,conventional,17,0 days 00:01:13.461000,,,8,1,0,0,0.0,11.0,0.1111111111111111,9.0,11.5,15.5,0.3333333333333333,14.0,9,0.0,,,,,,,,,,0.0,0.0,0.0,0.0
2019,12,albon,toro_rosso,12,10,10,+1 Lap,1.0,69,Hungarian Grand Prix,Budapest,2019-08-04,conventional,12,0 days 00:01:16.912000,0 days 00:01:16.687000,,1,1,0,0,2.6666666666666665,13.0,0.1,10.0,0.5,12.5,4.166666666666667,14.666666666666666,17,8.0,,,,,,,,,,0.0,0.0,0.0,0.0
2019,13,albon,red_bull,17,5,5,Finished,10.0,44,Belgian Grand Prix,Spa-Francorchamps,2019-09-01,conventional,14,0 days 00:01:45.528000,0 days 00:01:45.799000,,10,1,0,0,3.0,12.666666666666666,0.1,11.0,5.0,9.5,12.166666666666666,3.6666666666666665,12,1.0,,,,,,,,,,0.0,0.0,0.0,0.0
2019,14,albon,red_bull,8,6,6,Finished,8.0,53,Italian Grand Prix,Monza,2019-09-08,conventional,8,0 days 00:01:20.382000,0 days 00:01:20.021000,,8,1,0,0,6.333333333333333,14.333333333333334,0.1,12.0,6.0,14.0,10.166666666666666,5.333333333333333,14,10.0,,,,,,,,,,0.0,0.0,0.0,0.0
2019,15,albon,red_bull,6,6,6,Finished,8.0,61,Singapore Grand Prix,Singapore,2019-09-22,conventional,6,0 days 00:01:39.106000,0 days 00:01:37.865000,0 days 00:01:37.411000,8,1,0,0,6.333333333333333,11.333333333333334,0.1,13.0,11.5,5.0,8.0,9.0,8,8.0,,,,,,,,,,0.0,0.0,0.0,0.0
2019,16,albon,red_bull,0,5,5,Finished,10.0,53,Russian Grand Prix,Sochi,2019-09-29,conventional,19,0 days 00:01:39.197000,,,10,1,0,0,8.666666666666666,9.333333333333334,0.1,14.0,11.0,11.5,7.5,9.5,6,8.0,,,,,,,,,,0.0,0.0,0.0,0.0
2019,17,albon,red_bull,6,4,4,Finished,12.0,52,Japanese Grand Prix,Suzuka,2019-10-13,conventional,6,0 days 00:01:29.351000,0 days 00:01:28.156000,0 days 00:01:27.851000,12,1,0,0,8.666666666666666,11.0,0.1,15.0,6.0,5.5,9.5,10.166666666666666,19,10.0,,,,,,,,,,0.0,0.0,0.0,0.0
2019,18,albon,red_bull,5,5,5,Finished,10.0,71,Mexican Grand Prix,Mexico City,2019-10-27,conventional,5,0 days 00:01:16.175000,0 days 00:01:16.574000,0 days 00:01:15.336000,10,1,0,0,10.0,10.333333333333334,0.0,16.0,9.0,3.0,9.5,7.333333333333333,6,12.0,,,,,,,,,,0.0,0.0,0.0,0.0
2019,19,albon,red_bull,6,5,5,Finished,10.0,56,United States Grand Prix,Austin,2019-11-03,conventional,6,0 days 00:01:33.984000,0 days 00:01:32.898000,0 days 00:01:32.548000,10,1,0,0,10.666666666666666,10.0,0.0,17.0,12.5,4.5,8.666666666666666,6.666666666666667,5,10.0,,,,,,,,,,0.0,0.0,0.0,0.0
2019,20,albon,red_bull,5,14,14,Finished,0.0,71,Brazilian Grand Prix,São Paulo,2019-11-17,conventional,6,0 days 00:01:08.503000,0 days 00:01:08.117000,0 days 00:01:07.935000,0,0,0,0,10.666666666666666,5.666666666666667,0.0,18.0,12.5,3.5,9.166666666666666,4.333333333333333,6,10.0,,,,,,,,,,0.0,0.0,0.0,0.0
2019,21,albon,red_bull,5,6,6,Finished,8.0,55,Abu Dhabi Grand Prix,Yas Island,2019-12-01,conventional,6,0 days 00:01:36.102000,0 days 00:01:36.718000,0 days 00:01:35.682000,8,1,0,0,6.666666666666667,5.666666666666667,0.0,19.0,13.0,4.5,11.333333333333334,3.6666666666666665,6,0.0,,,,,,,,,,0.0,0.0,0.0,0.0
2020,1,albon,red_bull,4,13,13,Electronics,0.0,67,Austrian Grand Prix,Spielberg,2020-07-05,conventional,5,0 days 00:01:04.661000,0 days 00:01:03.746000,0 days 00:01:03.868000,0,0,0,0,6.0,6.0,0.0,20.0,0.0,4.0,12.666666666666666,4.166666666666667,6,8.0,6.0,6.0,1.0,1.0,0.0,12.0,9.386359362896503,0.0,12.0,0.0,0.0,0.0,0.0
2020,2,albon,red_bull,6,4,4,Finished,12.0,71,Styrian Grand Prix,Spielberg,2020-07-12,conventional,7,0 days 00:01:20.882000,0 days 00:01:19.014000,0 days 00:01:21.011000,12,1,0,0,2.6666666666666665,5.666666666666667,0.0,21.0,13.5,4.5,8.5,4.0,5,0.0,5.666666666666667,5.0,-2.0,0.0,2.0,2.0,6.229112014913914,10.0,0.0,0.0,12.0,1.0,-12.0
2020,3,albon,red_bull,13,5,5,Finished,10.0,70,Hungarian Grand Prix,Budapest,2020-07-19,conventional,13,0 days 00:01:15.722000,0 days 00:01:15.715000,,10,1,0,0,6.666666666666667,6.0,0.0,22.0,14.0,10.0,8.833333333333334,4.333333333333333,7,12.0,6.0,5.0,-8.0,0.0,8.0,4.0,7.333508381102623,6.0,0.0,10.0,12.0,2.0,-2.0
2020,4,albon,red_bull,12,8,8,Finished,4.0,52,British Grand Prix,Silverstone,2020-08-02,conventional,12,0 days 00:01:26.565000,0 days 00:01:26.545000,,4,1,0,0,7.333333333333333,8.333333333333334,0.0,23.0,11.0,7.5,9.166666666666666,6.166666666666667,13,10.0,8.333333333333334,7.0,-5.0,0.0,5.0,8.0,5.82062275845151,0.0,4.0,16.0,12.0,3.0,4.0
2020,5,albon,red_bull,9,5,5,Finished,10.0,52,70th Anniversary Grand Prix,Silverstone,2020-08-09,conventional,9,0 days 00:01:27.153000,0 days 00:01:26.642000,0 days 00:01:26.669000,10,1,0,0,8.666666666666666,10.666666666666666,0.0,24.0,17.5,6.5,12.833333333333334,7.333333333333333,12,4.0,10.666666666666666,12.0,3.0,3.0,0.0,12.0,7.859526812065127,0.0,2.0,16.0,4.0,3.0,12.0
2020,6,albon,red_bull,6,8,8,+1 Lap,4.0,65,Spanish Grand Prix,Barcelona,2020-08-16,conventional,6,0 days 00:01:17.419000,0 days 00:01:17.163000,0 days 00:01:17.029000,4,1,0,0,8.0,11.333333333333334,0.0,25.0,11.0,4.5,14.166666666666666,8.0,9,10.0,11.333333333333334,12.0,6.0,6.0,0.0,8.0,7.104175424175402,0.0,4.0,6.0,6.0,3.0,0.0
2020,7,albon,red_bull,5,6,6,Finished,8.0,44,Belgian Grand Prix,Spa-Francorchamps,2020-08-30,conventional,5,0 days 00:01:43.418000,0 days 00:01:42.193000,0 days 00:01:42.264000,8,1,0,0,6.0,9.0,0.0,26.0,11.5,4.0,13.166666666666666,6.166666666666667,6,4.0,9.0,9.0,4.0,4.0,0.0,10.0,5.839643044403074,0.0,2.0,0.0,10.0,3.0,-10.0
2020,8,albon,red_bull,9,15,15,Finished,0.0,53,Italian Grand Prix,Monza,2020-09-06,conventional,9,0 days 00:01:21.104000,0 days 00:01:20.064000,0 days 00:01:20.090000,0,0,0,0,7.333333333333333,6.666666666666667,0.0,27.0,0.0,7.0,13.333333333333334,5.0,5,8.0,6.666666666666667,5.0,-4.0,0.0,4.0,6.0,5.814913185382343,0.0,6.0,0.0,8.0,3.0,-8.0
2020,9,albon,red_bull,4,3,3,Finished,15.0,59,Tuscan Grand Prix,Mugello,2020-09-13,conventional,4,0 days 00:01:16.527000,0 days 00:01:15.914000,0 days 00:01:15.954000,15,1,1,0,4.0,6.666666666666667,0.0,28.0,7.5,3.5,7.5,5.166666666666667,9,0.0,6.666666666666667,6.0,2.0,2.0,0.0,10.0,11.394955319511473,5.0,0.0,0.0,12.0,3.0,-12.0
2020,10,albon,red_bull,15,10,10,Finished,1.0,53,Russian Grand Prix,Sochi,2020-09-27,conventional,10,0 days 00:01:33.919000,0 days 00:01:33.153000,0 days 00:01:33.008000,1,1,0,0,7.666666666666667,6.0,0.0,29.0,9.5,6.0,6.333333333333333,4.833333333333333,4,15.0,6.0,4.0,-6.0,0.0,6.0,2.0,4.574942716532931,0.0,1.0,5.0,8.0,3.0,-3.0
2020,11,albon,red_bull,5,17,R,Radiator,0.0,23,Eifel Grand Prix,Nürburgring,2020-10-11,conventional,5,0 days 00:01:27.126000,0 days 00:01:26.285000,0 days 00:01:26.047000,0,0,0,0,5.333333333333333,7.666666666666667,0.0,30.0,9.0,4.0,5.666666666666667,5.5,10,1.0,7.666666666666667,7.0,2.0,2.0,0.0,10.0,7.842796716128982,0.0,10.0,5.0,7.0,3.0,-2.0
2020,12,albon,red_bull,6,12,12,+1 Lap,0.0,65,Portuguese Grand Prix,Portimão,2020-10-25,conventional,6,0 days 00:01:17.435000,0 days 00:01:17.411000,0 days 00:01:17.437000,0,0,0,0,5.333333333333333,6.333333333333333,0.0,31.0,7.5,4.5,8.666666666666666,4.5,5,0.0,6.333333333333333,4.0,-2.0,0.0,2.0,8.0,9.465632830975748,0.0,8.0,5.0,11.0,3.0,-6.0
2020,13,albon,red_bull,6,15,15,Finished,0.0,63,Emilia Romagna Grand Prix,Imola,2020-11-01,conventional,6,0 days 00:01:15.402000,0 days 00:01:14.745000,0 days 00:01:14.572000,0,0,0,0,0.3333333333333333,7.0,0.0,32.0,0.0,4.5,8.666666666666666,4.833333333333333,6,0.0,7.0,6.0,0.0,0.0,-0.0,4.0,4.266039920643456,0.0,4.0,0.0,19.0,3.0,-19.0
2020,14,albon,red_bull,4,7,7,Finished,6.0,58,Turkish Grand Prix,Istanbul,2020-11-15,conventional,4,0 days 00:01:59.431000,0 days 00:01:52.282000,0 days 00:01:50.448000,6,1,0,0,0.0,5.666666666666667,0.0,33.0,7.0,3.0,5.5,4.333333333333333,6,0.0,5.666666666666667,5.0,1.0,1.0,0.0,12.0,8.917946129491993,0.0,6.0,0.0,22.0,3.0,-22.0
2020,15,albon,red_bull,4,3,3,Finished,15.0,57,Bahrain Grand Prix,Sakhir,2020-11-29,conventional,4,0 days 00:01:28.732000,0 days 00:01:28.749000,0 days 00:01:28.274000,15,1,1,0,2.0,5.333333333333333,0.0,34.0,16.5,3.5,4.833333333333333,4.0,4,6.0,5.333333333333333,4.0,0.0,0.0,-0.0,8.0,7.551267883013423,7.0,0.0,0.0,18.0,3.0,-18.0
2020,16,albon,red_bull,12,6,6,Finished,8.0,87,Sakhir Grand Prix,Sakhir,2020-12-06,conventional,12,0 days 00:00:54.620000,0 days 00:00:54.026000,,8,1,0,0,7.0,4.666666666666667,0.0,35.0,4.0,7.5,7.833333333333333,3.6666666666666665,4,15.0,4.666666666666667,3.0,-9.0,0.0,9.0,4.0,5.192718623713431,4.0,0.0,7.0,10.0,3.0,-3.0
2020,17,albon,red_bull,5,4,4,Finished,12.0,55,Abu Dhabi Grand Prix,Yas Island,2020-12-13,conventional,5,0 days 00:01:36.106000,0 days 00:01:35.654000,0 days 00:01:35.571000,12,1,0,0,9.666666666666666,6.666666666666667,0.0,36.0,18.5,3.0,9.166666666666666,4.666666666666667,12,8.0,6.666666666666667,6.0,1.0,1.0,0.0,8.0,7.011005807719259,4.0,0.0,11.0,6.0,3.0,5.0
2022,1,albon,williams,14,13,13,Finished,0.0,57,Bahrain Grand Prix,Sakhir,2022-03-20,conventional,14,0 days 00:01:32.726000,0 days 00:01:32.664000,,0,0,0,0,11.666666666666666,7.0,0.0,37.0,0.0,17.0,0.0,15.833333333333334,5,12.0,7.0,6.0,-8.0,0.0,8.0,0.0,2.1526868189888444,0.0,0.0,0.0,0.0,0.0,0.0
2022,2,albon,williams,16,14,14,Collision damage,0.0,47,Saudi Arabian Grand Prix,Jeddah,2022-03-27,conventional,17,0 days 00:01:30.492000,,,0,0,0,1,6.666666666666667,10.333333333333334,0.0,38.0,0.0,18.0,0.0,16.166666666666668,14,0.0,10.333333333333334,10.0,-7.0,0.0,7.0,0.0,0.9299526018431505,0.0,0.0,0.0,0.0,1.0,0.0
2022,3,albon,williams,20,10,10,Finished,1.0,58,Australian Grand Prix,Melbourne,2022-04-10,conventional,16,0 days 00:01:20.135000,,,1,1,0,0,4.0,12.0,0.1,39.0,0.5,17.5,0.0,17.166666666666668,17,0.0,12.0,13.0,-3.0,0.0,3.0,0.0,0.14630855200729442,1.0,0.0,0.0,0.0,2.0,0.0
2022,5,albon,williams,18,9,9,Finished,2.0,57,Miami Grand Prix,Miami,2022-05-08,conventional,18,0 days 00:01:31.266000,,,2,1,0,0,0.3333333333333333,15.666666666666666,0.1,40.0,1.0,18.5,0.16666666666666666,17.5,16,1.0,15.666666666666666,16.0,-2.0,0.0,2.0,0.0,0.52933318698686,2.0,0.0,1.0,0.0,3.0,1.0
2022,6,albon,williams,18,18,18,+2 Laps,0.0,64,Spanish Grand Prix,Barcelona,2022-05-22,conventional,19,0 days 00:01:21.645000,,,0,0,0,0,1.0,17.0,0.1,41.0,0.0,19.5,0.5,18.0,18,2.0,17.0,19.0,0.0,0.0,-0.0,0.0,0.1423427222286291,0.0,0.0,3.0,0.0,3.0,3.0
2022,7,albon,williams,16,18,R,Mechanical,0.0,48,Monaco Grand Prix,Monaco,2022-05-29,conventional,16,0 days 00:01:13.611000,,,0,0,0,0,1.0,17.666666666666668,0.1,42.0,0.0,17.5,0.5,18.5,19,0.0,17.666666666666668,19.0,3.0,3.0,0.0,0.0,0.464312873072692,0.0,0.0,3.0,0.0,3.0,3.0
2022,8,albon,williams,17,12,12,+1 Lap,0.0,50,Azerbaijan Grand Prix,Baku,2022-06-12,conventional,17,0 days 00:01:44.719000,,,0,0,0,0,0.6666666666666666,17.666666666666668,0.1,43.0,0.0,17.5,0.3333333333333333,18.5,16,0.0,17.666666666666668,19.0,2.0,2.0,0.0,0.0,0.4527269867714736,0.0,0.0,2.0,0.0,3.0,2.0
2022,9,albon,williams,12,13,13,Finished,0.0,70,Canadian Grand Prix,Montréal,2022-06-19,conventional,12,0 days 00:01:34.047000,0 days 00:01:26.858000,,0,0,0,0,0.0,17.333333333333332,0.1,44.0,0.0,15.5,0.0,18.166666666666668,17,0.0,17.333333333333332,18.0,6.0,6.0,0.0,0.0,1.308384479911843,0.0,0.0,0.0,0.0,3.0,0.0
2022,10,albon,williams,16,20,R,Collision,0.0,0,British Grand Prix,Silverstone,2022-07-03,conventional,16,0 days 00:01:42.078000,,,0,0,0,1,0.0,15.0,0.1,45.0,0.0,13.0,0.0,16.833333333333332,12,0.0,15.0,18.0,2.0,2.0,0.0,0.0,0.48176561419481967,0.0,0.0,0.0,0.0,3.0,0.0
2022,12,albon,williams,13,13,13,Finished,0.0,53,French Grand Prix,Le Castellet,2022-07-24,conventional,15,0 days 00:01:33.423000,0 days 00:01:33.307000,,0,0,0,0,0.0,15.0,0.2,46.0,0.0,17.5,0.0,15.333333333333334,16,0.0,15.0,17.0,2.0,2.0,0.0,0.0,0.311963553277141,0.0,0.0,0.0,0.0,3.0,0.0
2022,13,albon,williams,17,17,17,+1 Lap,0.0,69,Hungarian Grand Prix,Budapest,2022-07-31,conventional,17,0 days 00:01:19.256000,,,0,0,0,0,0.0,14.333333333333334,0.2,47.0,0.0,18.5,0.0,15.333333333333334,15,0.0,14.333333333333334,15.0,-2.0,0.0,2.0,0.0,0.10230766924476153,0.0,0.0,0.0,0.0,3.0,0.0
2022,14,albon,williams,6,10,10,Finished,1.0,44,Belgian Grand Prix,Spa-Francorchamps,2022-08-28,conventional,9,0 days 00:01:45.672000,0 days 00:01:45.675000,0 days 00:01:45.837000,1,1,0,0,0.0,16.0,0.2,48.0,0.5,13.0,0.0,16.333333333333332,17,0.0,16.0,16.0,7.0,7.0,0.0,0.0,2.101291229250788,1.0,0.0,0.0,0.0,3.0,0.0
2022,15,albon,williams,15,12,12,Finished,0.0,72,Dutch Grand Prix,Zandvoort,2022-09-04,conventional,15,0 days 00:01:11.695000,0 days 00:01:11.802000,,0,0,0,0,0.3333333333333333,13.666666666666666,0.1,49.0,0.0,17.5,0.16666666666666666,16.333333333333332,9,1.0,13.666666666666666,11.0,-4.0,0.0,4.0,0.0,0.6320637111427816,0.0,0.0,1.0,0.0,3.0,1.0
2022,17,albon,williams,18,17,R,Collision damage,0.0,25,Singapore Grand Prix,Marina Bay,2022-10-02,conventional,19,0 days 00:01:56.985000,,,0,0,0,1,0.3333333333333333,13.666666666666666,0.1,50.0,0.0,19.5,0.5,15.0,15,0.0,13.666666666666666,12.0,-7.0,0.0,7.0,0.0,0.0,0.0,0.0,1.0,0.0,3.0,1.0
2022,18,albon,williams,16,20,R,Hydraulics,0.0,0,Japanese Grand Prix,Suzuka,2022-10-09,conventional,16,0 days 00:01:31.311000,,,0,0,0,0,0.3333333333333333,14.333333333333334,0.2,51.0,1.0,18.0,0.3333333333333333,17.166666666666668,19,0.0,14.333333333333334,15.0,-1.0,0.0,1.0,0.0,0.0,0.0,0.0,1.0,0.0,3.0,1.0
2022,19,albon,williams,8,13,13,Finished,0.0,56,United States Grand Prix,Austin,2022-10-23,conventional,11,0 days 00:01:36.932000,0 days 00:01:36.368000,,0,0,0,0,0.0,16.666666666666668,0.2,52.0,0.0,15.5,0.6666666666666666,17.333333333333332,16,0.0,16.666666666666668,19.0,8.0,8.0,0.0,0.0,1.4334456231692276,0.0,0.0,0.0,0.0,3.0,0.0
2022,20,albon,williams,17,12,12,+1 Lap,0.0,70,Mexico City Grand Prix,Mexico City,2022-10-30,conventional,19,0 days 00:01:20.859000,,,0,0,0,0,0.0,15.333333333333334,0.2,53.0,0.0,19.5,0.3333333333333333,17.666666666666668,11,0.0,15.333333333333334,18.0,-1.0,0.0,1.0,0.0,0.22187724229147499,0.0,0.0,0.0,0.0,3.0,0.0
2022,22,albon,williams,19,13,13,+1 Lap,0.0,57,Abu Dhabi Grand Prix,Yas Island,2022-11-20,conventional,19,0 days 00:01:26.028000,,,0,0,0,0,0.0,15.333333333333334,0.2,54.0,0.0,19.5,0.3333333333333333,17.666666666666668,19,0.0,15.333333333333334,17.0,-2.0,0.0,2.0,0.0,0.7826724365112234,0.0,0.0,0.0,0.0,3.0,0.0
2023,1,albon,williams,15,10,10,Finished,1.0,57,Bahrain Grand Prix,Sakhir,2023-03-05,conventional,15,0 days 00:01:31.461000,,,1,1,0,0,0.0,16.333333333333332,0.2,55.0,0.5,15.5,0.0,18.166666666666668,19,0.0,16.333333333333332,17.0,2.0,2.0,0.0,0.0,0.0,1.0,0.0,0.0,0.0,0.0,0.0
2023,2,albon,williams,17,19,R,Retired,0.0,27,Saudi Arabian Grand Prix,Jeddah,2023-03-19,conventional,17,0 days 00:01:29.994000,,,0,0,0,0,0.3333333333333333,17.666666666666668,0.1,56.0,0.0,18.5,0.16666666666666666,18.166666666666668,15,1.0,17.666666666666668,19.0,2.0,2.0,0.0,0.0,0.2663665025808779,0.0,0.0,1.0,0.0,1.0,1.0
2023,3,albon,williams,8,19,R,Retired,0.0,6,Australian Grand Prix,Melbourne,2023-04-02,conventional,8,0 days 00:01:17.962000,0 days 00:01:17.761000,0 days 00:01:17.609000,0,0,0,0,0.3333333333333333,17.0,0.1,57.0,0.0,13.0,0.16666666666666666,17.833333333333332,17,0.0,17.0,19.0,11.0,11.0,0.0,0.0,1.4307160958817264,0.0,0.0,1.0,0.0,2.0,1.0
2023,5,albon,williams,11,14,14,Finished,0.0,57,Miami Grand Prix,Miami,2023-05-07,conventional,11,0 days 00:01:28.234000,0 days 00:01:27.795000,,0,0,0,0,0.3333333333333333,13.333333333333334,0.1,58.0,0.0,15.5,0.16666666666666666,15.666666666666666,8,0.0,13.333333333333334,12.0,1.0,1.0,0.0,0.0,1.3999506409580231,0.0,0.0,1.0,0.0,3.0,1.0
2023,6,albon,williams,13,14,14,Lapped,0.0,77,Monaco Grand Prix,Monaco,2023-05-28,conventional,13,0 days 00:01:12.706000,0 days 00:01:12.527000,,0,0,0,0,0.0,12.0,0.1,59.0,0.0,14.5,0.0,15.666666666666666,11,0.0,12.0,13.0,0.0,0.0,-0.0,0.0,0.9293964702117012,0.0,0.0,0.0,0.0,3.0,0.0
2023,7,albon,williams,18,16,16,Lapped,0.0,65,Spanish Grand Prix,Barcelona,2023-06-04,conventional,18,0 days 00:01:14.063000,,,0,0,0,0,0.0,10.666666666666666,0.1,60.0,0.0,19.0,0.0,14.333333333333334,13,0.0,10.666666666666666,9.0,-9.0,0.0,9.0,0.0,0.4136764008650333,0.0,0.0,0.0,0.0,3.0,0.0
2023,8,albon,williams,9,7,7,Finished,6.0,70,Canadian Grand Prix,Montréal,2023-06-18,conventional,10,0 days 00:01:21.938000,0 days 00:01:18.725000,,6,1,0,0,0.0,14.0,0.0,61.0,3.0,14.5,0.0,16.333333333333332,18,0.0,14.0,18.0,8.0,8.0,0.0,0.0,1.9312816551507699,6.0,0.0,0.0,0.0,3.0,0.0
2023,10,albon,williams,8,8,8,Finished,4.0,52,British Grand Prix,Silverstone,2023-07-09,conventional,8,0 days 00:01:29.466000,0 days 00:01:28.067000,0 days 00:01:27.530000,4,1,0,0,2.0,13.666666666666666,0.0,62.0,2.0,11.0,1.0,16.0,10,6.0,13.666666666666666,14.0,6.0,6.0,0.0,0.0,1.7247116922364931,4.0,0.0,6.0,0.0,3.0,6.0
2023,11,albon,williams,16,11,11,Lapped,0.0,69,Hungarian Grand Prix,Budapest,2023-07-23,conventional,16,0 days 00:01:18.917000,,,0,0,0,0,3.3333333333333335,12.0,0.0,63.0,0.0,18.0,1.6666666666666667,14.833333333333334,8,4.0,12.0,13.0,-3.0,0.0,3.0,0.0,0.3841021765760102,0.0,0.0,10.0,0.0,3.0,10.0
2023,13,albon,williams,4,8,8,Finished,4.0,72,Dutch Grand Prix,Zandvoort,2023-08-27,conventional,4,0 days 00:01:20.939000,0 days 00:01:19.399000,0 days 00:01:11.419000,4,1,0,0,3.3333333333333335,11.333333333333334,0.0,64.0,2.0,7.0,1.6666666666666667,14.5,16,0.0,11.333333333333334,11.0,7.0,7.0,0.0,4.0,6.685620576515399,0.0,0.0,10.0,0.0,3.0,10.0
2023,14,albon,williams,6,7,7,Finished,6.0,51,Italian Grand Prix,Monza,2023-09-03,conventional,6,0 days 00:01:21.661000,0 days 00:01:21.272000,0 days 00:01:20.760000,6,1,0,0,2.6666666666666665,9.333333333333334,0.0,65.0,3.0,10.5,1.3333333333333333,12.0,4,4.0,9.333333333333334,9.0,3.0,3.0,0.0,4.0,6.008341132143251,2.0,0.0,4.0,0.0,3.0,4.0
2023,15,albon,williams,14,11,11,Finished,0.0,62,Singapore Grand Prix,Marina Bay,2023-09-17,conventional,14,0 days 00:01:32.668000,0 days 00:01:33.719000,,0,0,0,0,3.3333333333333335,8.666666666666666,0.0,66.0,0.0,16.0,1.6666666666666667,11.833333333333334,6,6.0,8.666666666666666,10.0,-4.0,0.0,4.0,0.0,0.7880155233720396,0.0,0.0,2.0,0.0,3.0,2.0
2023,16,albon,williams,13,16,R,Retired,0.0,26,Japanese Grand Prix,Suzuka,2023-09-24,conventional,13,0 days 00:01:30.941000,0 days 00:01:30.537000,,0,0,0,0,3.3333333333333335,8.0,0.0,67.0,0.0,16.5,1.6666666666666667,11.166666666666666,14,0.0,8.0,7.0,-6.0,0.0,6.0,0.0,0.6280834652643073,0.0,0.0,2.0,0.0,3.0,2.0
2023,19,albon,williams,14,9,9,Finished,2.0,71,Mexico City Grand Prix,Mexico City,2023-10-29,conventional,14,0 days 00:01:18.828000,0 days 00:01:19.147000,,2,1,0,0,2.0,11.0,0.0,68.0,1.0,17.0,1.0,14.333333333333334,13,0.0,11.0,10.0,-4.0,0.0,4.0,0.0,0.5024828484286186,2.0,0.0,2.0,0.0,3.0,2.0
2023,21,albon,williams,5,12,12,Finished,0.0,50,Las Vegas Grand Prix,Las Vegas,2023-11-18,conventional,6,0 days 00:01:34.634000,0 days 00:01:33.588000,0 days 00:01:33.323000,0,0,0,0,0.6666666666666666,13.666666666666666,0.0,69.0,0.0,6.5,0.3333333333333333,16.5,14,2.0,13.666666666666666,16.0,10.0,10.0,0.0,1.0,4.791229583804437,0.0,1.0,2.0,0.0,3.0,2.0
2023,22,albon,williams,14,14,14,Finished,0.0,58,Abu Dhabi Grand Prix,Yas Island,2023-11-26,conventional,14,0 days 00:01:24.298000,0 days 00:01:24.439000,,0,0,0,0,0.6666666666666666,11.0,0.0,70.0,0.0,17.0,0.3333333333333333,13.333333333333334,6,0.0,11.0,10.0,-4.0,0.0,4.0,0.0,0.7621454927194184,0.0,0.0,2.0,1.0,3.0,1.0
2024,1,albon,williams,13,15,15,Lapped,0.0,56,Bahrain Grand Prix,Sakhir,2024-03-02,conventional,13,0 days 00:01:30.397000,0 days 00:01:30.221000,,0,0,0,0,0.6666666666666666,11.333333333333334,0.0,71.0,0.0,15.5,0.3333333333333333,13.5,14,0.0,11.333333333333334,11.0,-2.0,0.0,2.0,0.0,0.8961930552232973,0.0,0.0,0.0,0.0,0.0,0.0
2024,2,albon,williams,12,11,11,Finished,0.0,50,Saudi Arabian Grand Prix,Jeddah,2024-03-09,conventional,12,0 days 00:01:29.107000,0 days 00:01:28.980000,,0,0,0,0,0.0,11.0,0.0,72.0,0.0,15.5,0.0,13.0,13,0.0,11.0,10.0,-2.0,0.0,2.0,0.0,1.2671942398342892,0.0,0.0,0.0,0.0,1.0,0.0
2024,3,albon,williams,12,11,11,Lapped,0.0,57,Australian Grand Prix,Melbourne,2024-03-24,conventional,12,0 days 00:01:17.130000,0 days 00:01:17.167000,,0,0,0,0,0.0,13.0,0.0,73.0,0.0,12.0,0.0,16.0,12,0.0,13.0,13.0,1.0,1.0,0.0,0.0,1.3296278662886847,0.0,0.0,0.0,0.0,2.0,0.0
2024,4,albon,williams,14,20,R,Retired,0.0,0,Japanese Grand Prix,Suzuka,2024-04-07,conventional,14,0 days 00:01:29.963000,0 days 00:01:29.714000,,0,0,0,0,0.0,12.333333333333334,0.0,74.0,0.0,16.5,0.0,14.333333333333334,12,0.0,12.333333333333334,12.0,-2.0,0.0,2.0,0.0,0.3042686560434591,0.0,0.0,0.0,0.0,3.0,0.0
2024,7,albon,williams,14,20,R,Retired,0.0,51,Emilia Romagna Grand Prix,Imola,2024-05-19,conventional,14,0 days 00:01:16.524000,0 days 00:01:16.200000,,0,0,0,0,0.0,12.666666666666666,0.0,75.0,0.0,17.0,0.0,14.666666666666666,14,0.0,12.666666666666666,12.0,-2.0,0.0,2.0,0.0,0.0,0.0,0.0,0.0,0.0,3.0,0.0
2024,8,albon,williams,9,9,9,Lapped,2.0,77,Monaco Grand Prix,Monaco,2024-05-26,conventional,9,0 days 00:01:11.623000,0 days 00:01:11.216000,0 days 00:01:10.948000,2,1,0,0,0.0,13.333333333333334,0.0,76.0,1.0,12.0,0.0,15.166666666666666,14,0.0,13.333333333333334,14.0,5.0,5.0,0.0,0.0,0.9584567417604886,2.0,0.0,0.0,0.0,3.0,0.0
2024,9,albon,williams,10,17,R,Retired,0.0,52,Canadian Grand Prix,Montréal,2024-06-09,conventional,10,0 days 00:01:12.896000,0 days 00:01:12.485000,0 days 00:01:12.796000,0,0,0,0,0.6666666666666666,12.333333333333334,0.0,77.0,0.0,11.5,0.3333333333333333,15.166666666666666,9,2.0,12.333333333333334,12.0,2.0,2.0,0.0,0.0,0.7336823863798196,0.0,0.0,2.0,0.0,3.0,2.0
2024,10,albon,williams,20,18,18,Lapped,0.0,65,Spanish Grand Prix,Barcelona,2024-06-23,conventional,19,0 days 00:01:13.153000,,,0,0,0,0,0.6666666666666666,11.0,0.0,78.0,0.0,19.5,0.3333333333333333,13.5,10,0.0,11.0,10.0,-9.0,0.0,9.0,0.0,0.04039838873171586,0.0,0.0,2.0,0.0,3.0,2.0
2024,12,albon,williams,9,9,9,Finished,2.0,52,British Grand Prix,Silverstone,2024-07-07,conventional,9,0 days 00:01:31.135000,0 days 00:01:26.933000,0 days 00:01:26.640000,2,1,0,0,0.6666666666666666,12.666666666666666,0.0,79.0,1.0,10.5,0.3333333333333333,14.333333333333334,19,0.0,12.666666666666666,12.0,3.0,3.0,0.0,0.0,2.4805200014249937,2.0,0.0,2.0,0.0,3.0,2.0
2024,13,albon,williams,13,14,14,Lapped,0.0,69,Hungarian Grand Prix,Budapest,2024-07-21,conventional,13,0 days 00:01:17.280000,0 days 00:01:16.429000,,0,0,0,0,0.6666666666666666,12.666666666666666,0.0,80.0,0.0,13.5,0.3333333333333333,13.833333333333334,9,2.0,12.666666666666666,11.0,-2.0,0.0,2.0,0.0,0.2910825897112703,0.0,0.0,2.0,0.0,3.0,2.0
2024,14,albon,williams,10,12,12,Finished,0.0,44,Belgian Grand Prix,Spa-Francorchamps,2024-07-28,conventional,11,0 days 00:01:55.722000,0 days 00:01:54.473000,,0,0,0,0,0.6666666666666666,13.666666666666666,0.0,81.0,0.0,15.0,0.3333333333333333,14.5,13,0.0,13.666666666666666,13.0,2.0,2.0,0.0,0.0,1.249509818899281,0.0,0.0,2.0,0.0,3.0,2.0
2024,15,albon,williams,19,14,14,Lapped,0.0,71,Dutch Grand Prix,Zandvoort,2024-08-25,conventional,10,,0 days 00:01:10.768000,0 days 00:01:10.653000,0,0,0,0,0.6666666666666666,11.0,0.0,82.0,0.0,15.0,0.3333333333333333,13.0,11,0.0,11.0,10.0,0.0,0.0,-0.0,0.0,1.4826548963858386,0.0,0.0,2.0,0.0,3.0,2.0
2024,16,albon,williams,9,9,9,Finished,2.0,53,Italian Grand Prix,Monza,2024-09-01,conventional,9,0 days 00:01:20.542000,0 days 00:01:20.314000,0 days 00:01:20.299000,2,1,0,0,0.0,11.333333333333334,0.0,83.0,1.0,13.5,0.0,14.5,10,0.0,11.333333333333334,11.0,2.0,2.0,0.0,1.0,1.2051309076869279,1.0,0.0,0.0,0.0,3.0,0.0
2024,17,albon,williams,9,7,7,Finished,6.0,51,Azerbaijan Grand Prix,Baku,2024-09-15,conventional,10,0 days 00:01:42.899000,0 days 00:01:42.840000,0 days 00:01:42.859000,6,1,0,0,0.6666666666666666,10.0,0.0,84.0,5.0,9.5,0.3333333333333333,14.5,9,2.0,10.0,10.0,0.0,0.0,-0.0,0.0,0.5383238722782497,6.0,0.0,1.0,0.0,3.0,1.0
2024,18,albon,williams,11,20,R,Retired,0.0,15,Singapore Grand Prix,Marina Bay,2024-09-22,conventional,11,0 days 00:01:30.679000,0 days 00:01:30.474000,,0,0,0,0,2.6666666666666665,9.666666666666666,0.0,85.0,0.0,11.5,2.0,12.666666666666666,10,6.0,9.666666666666666,10.0,-1.0,0.0,1.0,0.0,0.9565036401557867,0.0,0.0,7.0,0.0,3.0,7.0
2024,20,albon,williams,9,19,R,Retired,0.0,0,Mexico City Grand Prix,Mexico City,2024-10-27,conventional,9,0 days 00:01:17.189000,0 days 00:01:16.988000,0 days 00:01:17.065000,0,0,0,0,2.6666666666666665,10.0,0.0,86.0,0.0,12.5,2.0,11.5,11,0.0,10.0,11.0,2.0,2.0,0.0,1.0,2.0475583073272836,0.0,1.0,7.0,0.0,3.0,7.0
2024,22,albon,williams,17,19,R,Retired,0.0,25,Las Vegas Grand Prix,Las Vegas,2024-11-23,conventional,18,0 days 00:01:34.425000,,,0,0,0,0,2.0,10.0,0.0,87.0,0.0,16.0,1.6666666666666667,11.166666666666666,9,0.0,10.0,10.0,-8.0,0.0,8.0,0.0,0.2622602465493076,0.0,0.0,6.0,1.0,3.0,5.0
2024,24,albon,williams,18,11,11,Lapped,0.0,57,Abu Dhabi Grand Prix,Yas Island,2024-12-08,conventional,16,0 days 00:01:23.821000,,,0,0,0,0,0.0,12.666666666666666,0.0,88.0,0.0,17.5,0.0,13.333333333333334,18,0.0,12.666666666666666,13.0,-3.0,0.0,3.0,0.0,0.0,0.0,0.0,0.0,1.0,3.0,-1.0
2025,1,albon,williams,6,5,5,Finished,10.0,57,Australian Grand Prix,Melbourne,2025-03-16,conventional,6,0 days 00:01:16.245000,0 days 00:01:16.017000,0 days 00:01:15.737000,10,1,0,0,0.0,14.333333333333334,0.0,89.0,5.0,8.0,0.0,15.333333333333334,16,0.0,14.333333333333334,14.0,8.0,8.0,0.0,4.0,2.8468891303470096,6.0,0.0,0.0,0.0,0.0,0.0
2025,3,albon,williams,9,9,9,Finished,2.0,53,Japanese Grand Prix,Suzuka,2025-04-06,conventional,9,0 days 00:01:28.218000,0 days 00:01:27.783000,0 days 00:01:27.615000,2,1,0,0,3.3333333333333335,13.333333333333334,0.0,90.0,1.0,10.5,1.6666666666666667,13.833333333333334,6,10.0,13.333333333333334,13.0,4.0,4.0,0.0,2.0,1.4437552717296933,0.0,0.0,6.0,0.0,1.0,6.0
2025,4,albon,williams,15,12,12,Finished,0.0,57,Bahrain Grand Prix,Sakhir,2025-04-13,conventional,15,0 days 00:01:32.040000,,,0,0,0,0,4.0,10.333333333333334,0.0,91.0,0.0,11.5,2.0,12.0,9,2.0,10.333333333333334,9.0,-6.0,0.0,6.0,0.0,0.0,0.0,0.0,6.0,0.0,2.0,6.0
2025,5,albon,williams,11,9,9,Finished,2.0,50,Saudi Arabian Grand Prix,Jeddah,2025-04-20,conventional,11,0 days 00:01:28.279000,0 days 00:01:28.109000,,2,1,0,0,4.0,10.0,0.0,92.0,3.0,8.5,2.0,10.0,15,0.0,10.0,9.0,-2.0,0.0,2.0,0.0,1.6239949726173863,2.0,0.0,6.0,0.0,3.0,6.0
2025,7,albon,williams,7,5,5,Finished,10.0,63,Emilia Romagna Grand Prix,Imola,2025-05-18,conventional,7,0 days 00:01:16.123000,0 days 00:01:15.521000,0 days 00:01:15.473000,10,1,0,0,1.3333333333333333,11.666666666666666,0.0,93.0,7.0,6.5,1.3333333333333333,10.166666666666666,11,2.0,11.666666666666666,12.0,5.0,5.0,0.0,1.0,2.4637524623205063,9.0,0.0,2.0,0.0,3.0,2.0
2025,8,albon,williams,10,9,9,Lapped,2.0,76,Monaco Grand Prix,Monaco,2025-05-25,conventional,10,0 days 00:01:11.629000,0 days 00:01:10.732000,0 days 00:01:11.213000,2,1,0,0,4.0,11.0,0.0,94.0,1.5,10.5,3.3333333333333335,8.833333333333334,7,10.0,11.0,11.0,1.0,1.0,0.0,0.0,1.0386699737923069,2.0,0.0,11.0,0.0,3.0,11.0
2025,9,albon,williams,11,19,R,Retired,0.0,27,Spanish Grand Prix,Barcelona,2025-06-01,conventional,11,0 days 00:01:13.044000,0 days 00:01:12.641000,,0,0,0,0,4.666666666666667,9.333333333333334,0.0,95.0,0.0,14.5,3.8333333333333335,8.5,10,2.0,9.333333333333334,9.0,-2.0,0.0,2.0,0.0,1.1229639898939516,0.0,0.0,13.0,0.0,3.0,13.0
2025,10,albon,williams,9,20,R,Retired,0.0,46,Canadian Grand Prix,Montréal,2025-06-15,conventional,10,0 days 00:01:12.090000,0 days 00:01:11.892000,0 days 00:01:11.907000,0,0,0,0,4.0,9.333333333333334,0.0,96.0,0.5,13.5,2.8333333333333335,10.5,11,0.0,9.333333333333334,9.0,-1.0,0.0,1.0,2.0,1.872617723726016,0.0,2.0,11.0,0.0,3.0,11.0
2025,11,albon,williams,12,17,R,Retired,0.0,15,Austrian Grand Prix,Spielberg,2025-06-29,conventional,12,0 days 00:01:05.143000,0 days 00:01:05.205000,,0,0,0,0,0.6666666666666666,10.333333333333334,0.0,97.0,0.0,12.0,0.6666666666666666,12.833333333333334,10,0.0,10.333333333333334,10.0,-2.0,0.0,2.0,0.0,1.0579539760394603,0.0,0.0,2.0,2.0,3.0,0.0
2025,12,albon,williams,13,8,8,Finished,4.0,52,British Grand Prix,Silverstone,2025-07-06,conventional,14,0 days 00:01:26.093000,0 days 00:01:25.889000,,4,1,0,0,0.0,11.0,0.0,98.0,2.0,12.5,0.16666666666666666,13.333333333333334,12,0.0,11.0,10.0,-4.0,0.0,4.0,0.0,0.0,4.0,0.0,0.0,2.0,3.0,-2.0
2025,14,albon,williams,19,15,15,Lapped,0.0,69,Hungarian Grand Prix,Budapest,2025-08-03,conventional,20,0 days 00:01:16.223000,,,0,0,0,0,1.3333333333333333,12.0,0.0,99.0,0.0,16.5,0.8333333333333334,12.666666666666666,14,4.0,12.0,10.0,-10.0,0.0,10.0,0.0,0.6729233877539045,0.0,0.0,4.0,2.0,3.0,2.0
2025,15,albon,williams,15,5,5,Finished,10.0,72,Dutch Grand Prix,Zandvoort,2025-08-31,conventional,15,0 days 00:01:09.792000,0 days 00:01:09.652000,,10,1,0,0,1.3333333333333333,15.333333333333334,0.0,100.0,5.0,12.0,0.6666666666666666,13.666666666666666,20,0.0,15.333333333333334,17.0,2.0,2.0,0.0,0.0,0.1419085457697289,10.0,0.0,4.0,0.0,3.0,4.0
2025,16,albon,williams,14,7,7,Finished,6.0,53,Italian Grand Prix,Monza,2025-09-07,conventional,14,0 days 00:01:19.837000,0 days 00:01:19.583000,,6,1,0,0,4.666666666666667,16.333333333333332,0.0,101.0,3.0,13.5,2.3333333333333335,13.666666666666666,15,10.0,16.333333333333332,18.0,4.0,4.0,0.0,0.0,0.49844741054193165,6.0,0.0,14.0,0.0,3.0,14.0
2025,17,albon,williams,19,13,13,Finished,0.0,51,Azerbaijan Grand Prix,Baku,2025-09-21,conventional,19,0 days 00:01:43.778000,,,0,0,0,0,5.333333333333333,16.333333333333332,0.0,102.0,7.5,10.5,2.6666666666666665,14.0,14,6.0,16.333333333333332,17.0,-2.0,0.0,2.0,1.0,1.9852290945937838,0.0,1.0,16.0,0.0,3.0,16.0
2025,18,albon,williams,20,14,14,Lapped,0.0,61,Singapore Grand Prix,Marina Bay,2025-10-05,conventional,19,,,,0,0,0,0,5.333333333333333,16.0,0.0,103.0,0.5,19.5,5.166666666666667,12.0,19,0.0,16.0,15.0,-4.0,0.0,4.0,0.0,0.556909976376474,0.0,0.0,16.0,1.0,3.0,15.0
2025,20,albon,williams,17,12,12,Lapped,0.0,70,Mexico City Grand Prix,Mexico City,2025-10-26,conventional,17,0 days 00:01:17.490000,,,0,0,0,0,2.0,17.333333333333332,0.0,104.0,0.0,12.0,3.6666666666666665,14.5,19,0.0,17.333333333333332,18.0,1.0,1.0,0.0,0.0,1.0205010955913592,0.0,0.0,6.0,1.0,3.0,5.0
2025,22,albon,williams,16,16,R,Retired,0.0,35,Las Vegas Grand Prix,Las Vegas,2025-11-22,conventional,16,0 days 00:01:56.220000,,,0,0,0,0,0.0,18.333333333333332,0.0,105.0,5.0,9.5,2.6666666666666665,14.0,17,0.0,18.333333333333332,20.0,4.0,4.0,0.0,0.0,0.9871810913008279,0.0,0.0,0.0,1.0,3.0,-1.0
2025,24,albon,williams,17,16,16,Finished,0.0,58,Abu Dhabi Grand Prix,Yas Island,2025-12-07,conventional,17,0 days 00:01:23.416000,,,0,0,0,0,0.0,17.333333333333332,0.0,106.0,0.0,14.5,1.8333333333333333,13.666666666666666,16,0.0,17.333333333333332,20.0,3.0,3.0,0.0,0.0,0.1422931084524519,0.0,0.0,0.0,0.0,3.0,0.0
2018,1,alonso,mclaren,10,5,5,Finished,10.0,58,Australian Grand Prix,Melbourne,2018-03-25,conventional,11,0 days 00:01:23.597000,0 days 00:01:23.692000,,10,1,0,0,,,,0.0,6.0,11.5,,,,,,,,,,,,,,0.0,0.0,0.0,0.0
2018,2,alonso,mclaren,13,7,7,+1 Lap,6.0,56,Bahrain Grand Prix,Sakhir,2018-04-08,conventional,13,0 days 00:01:30.530000,0 days 00:01:30.212000,,6,1,0,0,10.0,11.0,0.0,1.0,5.0,13.5,6.0,11.5,11,10.0,,,,,,,,,,0.0,0.0,0.0,0.0
2018,3,alonso,mclaren,13,7,7,Finished,6.0,56,Chinese Grand Prix,Shanghai,2018-04-15,conventional,13,0 days 00:01:33.428000,0 days 00:01:33.232000,,6,1,0,0,8.0,12.0,0.0,2.0,3.0,13.5,5.5,12.5,13,6.0,,,,,,,,,,0.0,0.0,0.0,0.0
2018,4,alonso,mclaren,12,7,7,Finished,6.0,51,Azerbaijan Grand Prix,Baku,2018-04-29,conventional,13,0 days 00:01:44.010000,0 days 00:01:44.019000,,6,1,0,0,7.333333333333333,12.333333333333334,0.0,3.0,4.0,14.5,4.666666666666667,12.833333333333334,13,6.0,,,,,,,,,,0.0,0.0,0.0,0.0
2018,5,alonso,mclaren,8,8,8,+1 Lap,4.0,65,Spanish Grand Prix,Barcelona,2018-05-13,conventional,8,0 days 00:01:18.276000,0 days 00:01:18.100000,0 days 00:01:17.721000,4,1,0,0,6.0,13.0,0.0,4.0,2.0,9.5,4.0,13.833333333333334,13,6.0,,,,,,,,,,0.0,0.0,0.0,0.0
2018,6,alonso,mclaren,7,20,R,Gearbox,0.0,52,Monaco Grand Prix,Monte Carlo,2018-05-27,conventional,7,0 days 00:01:12.657000,0 days 00:01:12.269000,0 days 00:01:12.110000,0,0,0,0,5.333333333333333,11.333333333333334,0.0,5.0,0.0,9.5,3.0,12.5,8,4.0,,,,,,,,,,0.0,0.0,0.0,0.0
2018,7,alonso,mclaren,14,18,R,Exhaust,0.0,40,Canadian Grand Prix,Montréal,2018-06-10,conventional,14,0 days 00:01:12.979000,0 days 00:01:12.856000,,0,0,0,0,3.3333333333333335,9.333333333333334,0.0,6.0,0.0,14.5,2.0,11.166666666666666,7,0.0,,,,,,,,,,0.0,0.0,0.0,0.0
2018,8,alonso,mclaren,16,16,16,Wheel,0.0,50,French Grand Prix,Le Castellet,2018-06-24,conventional,16,0 days 00:01:32.976000,,,0,0,0,0,1.3333333333333333,9.666666666666666,0.0,7.0,0.0,17.0,0.6666666666666666,11.166666666666666,14,0.0,,,,,,,,,,0.0,0.0,0.0,0.0
2018,9,alonso,mclaren,13,8,8,+1 Lap,4.0,70,Austrian Grand Prix,Spielberg,2018-07-01,conventional,14,0 days 00:01:04.965000,0 days 00:01:05.058000,,4,1,0,0,0.0,12.333333333333334,0.0,8.0,2.0,15.0,0.0,13.666666666666666,16,0.0,,,,,,,,,,0.0,0.0,0.0,0.0
2018,10,alonso,mclaren,13,8,8,Finished,4.0,52,British Grand Prix,Silverstone,2018-07-08,conventional,13,0 days 00:01:28.187000,0 days 00:01:28.139000,,4,1,0,0,1.3333333333333333,14.666666666666666,0.0,9.0,2.0,15.0,0.6666666666666666,15.5,14,4.0,,,,,,,,,,0.0,0.0,0.0,0.0
2018,11,alonso,mclaren,11,16,16,Retired,0.0,65,German Grand Prix,Hockenheim,2018-07-22,conventional,11,0 days 00:01:13.614000,0 days 00:01:13.657000,,0,0,0,0,2.6666666666666665,14.333333333333334,0.0,10.0,0.0,15.5,1.3333333333333333,15.666666666666666,13,4.0,,,,,,,,,,0.0,0.0,0.0,0.0
2018,12,alonso,mclaren,11,8,8,+1 Lap,4.0,69,Hungarian Grand Prix,Budapest,2018-07-29,conventional,11,0 days 00:01:18.208000,0 days 00:01:35.214000,,4,1,0,0,2.6666666666666665,12.666666666666666,0.0,11.0,2.0,13.5,1.3333333333333333,15.166666666666666,11,0.0,,,,,,,,,,0.0,0.0,0.0,0.0
2018,13,alonso,mclaren,15,19,R,Accident,0.0,0,Belgian Grand Prix,Spa-Francorchamps,2018-08-26,conventional,17,0 days 00:01:44.917000,,,0,0,0,1,2.6666666666666665,11.666666666666666,0.0,12.0,0.0,18.5,1.3333333333333333,14.666666666666666,11,4.0,,,,,,,,,,0.0,0.0,0.0,0.0
2018,14,alonso,mclaren,13,18,R,Engine,0.0,9,Italian Grand Prix,Monza,2018-09-02,conventional,13,0 days 00:01:21.850000,0 days 00:01:22.568000,,0,0,0,0,1.3333333333333333,13.0,0.1,13.0,0.0,16.5,0.6666666666666666,15.833333333333334,17,0.0,,,,,,,,,,0.0,0.0,0.0,0.0
2018,15,alonso,mclaren,11,7,7,Finished,6.0,61,Singapore Grand Prix,Singapore,2018-09-16,conventional,11,0 days 00:01:39.022000,0 days 00:01:38.641000,,6,1,0,0,1.3333333333333333,13.666666666666666,0.1,14.0,3.0,14.5,0.6666666666666666,16.166666666666668,13,0.0,,,,,,,,,,0.0,0.0,0.0,0.0
2018,16,alonso,mclaren,16,14,14,+1 Lap,0.0,52,Russian Grand Prix,Sochi,2018-09-30,conventional,17,0 days 00:01:35.504000,,,0,0,0,0,2.0,13.666666666666666,0.1,15.0,0.0,18.0,1.0,16.5,11,6.0,,,,,,,,,,0.0,0.0,0.0,0.0
2018,17,alonso,mclaren,18,14,14,+1 Lap,0.0,52,Japanese Grand Prix,Suzuka,2018-10-07,conventional,18,0 days 00:01:30.573000,,,0,0,0,0,2.0,13.666666666666666,0.1,16.0,0.0,18.5,1.0,16.333333333333332,17,0.0,,,,,,,,,,0.0,0.0,0.0,0.0
2018,18,alonso,mclaren,13,18,R,Collision,0.0,1,United States Grand Prix,Austin,2018-10-21,conventional,16,0 days 00:01:35.294000,,,0,0,0,1,2.0,15.333333333333334,0.1,17.0,0.0,18.0,1.0,17.0,18,0.0,,,,,,,,,,0.0,0.0,0.0,0.0
2018,19,alonso,mclaren,12,20,R,Engine,0.0,3,Mexican Grand Prix,Mexico City,2018-10-28,conventional,12,0 days 00:01:16.857000,0 days 00:01:16.871000,,0,0,0,0,0.0,17.0,0.2,18.0,2.0,14.5,0.0,18.166666666666668,16,0.0,,,,,,,,,,0.0,0.0,0.0,0.0
2018,20,alonso,mclaren,17,17,17,+2 Laps,0.0,69,Brazilian Grand Prix,São Paulo,2018-11-11,conventional,18,0 days 00:01:09.402000,,,0,0,0,0,0.0,15.333333333333334,0.2,19.0,0.0,19.0,0.6666666666666666,17.0,12,0.0,,,,,,,,,,0.0,0.0,0.0,0.0
2018,21,alonso,mclaren,15,11,11,+1 Lap,0.0,54,Abu Dhabi Grand Prix,Yas Marina,2018-11-25,conventional,15,0 days 00:01:37.890000,0 days 00:01:37.743000,,0,0,0,0,0.0,15.333333333333334,0.2,20.0,0.0,16.5,0.6666666666666666,17.166666666666668,18,0.0,,,,,,,,,,0.0,0.0,0.0,0.0
2021,1,alonso,alpine,9,19,R,Brakes,0.0,32,Bahrain Grand Prix,Sakhir,2021-03-28,conventional,9,0 days 00:01:30.863000,0 days 00:01:30.595000,0 days 00:01:30.249000,0,0,0,0,0.0,15.0,0.2,21.0,0.0,12.5,,,15,0.0,,,,,,,,,,0.0,0.0,0.0,0.0
2021,2,alonso,alpine,15,10,10,Finished,1.0,63,Emilia Romagna Grand Prix,Imola,2021-04-18,conventional,15,0 days 00:01:15.832000,0 days 00:01:15.593000,,1,1,0,0,0.0,14.0,0.2,22.0,1.5,12.0,0.0,12.5,9,0.0,14.0,15.0,0.0,0.0,-0.0,0.0,0.8408690905557039,1.0,0.0,0.0,0.0,0.0,0.0
2021,3,alonso,alpine,13,8,8,Finished,4.0,66,Portuguese Grand Prix,Portimão,2021-05-02,conventional,13,0 days 00:01:19.728000,0 days 00:01:19.456000,,4,1,0,0,0.3333333333333333,13.0,0.1,23.0,5.0,9.5,0.75,12.25,15,1.0,13.0,12.0,-1.0,0.0,1.0,0.0,2.110310860798186,4.0,0.0,1.0,0.0,1.0,1.0
2021,4,alonso,alpine,10,17,17,+1 Lap,0.0,65,Spanish Grand Prix,Barcelona,2021-05-09,conventional,10,0 days 00:01:18.281000,0 days 00:01:17.966000,0 days 00:01:18.147000,0,0,0,0,1.6666666666666667,12.333333333333334,0.1,24.0,1.0,7.5,2.1666666666666665,11.333333333333334,13,4.0,12.333333333333334,11.0,1.0,1.0,0.0,0.0,2.138550638758974,0.0,0.0,5.0,0.0,2.0,5.0
2021,5,alonso,alpine,17,13,13,+1 Lap,0.0,77,Monaco Grand Prix,Monte Carlo,2021-05-23,conventional,17,0 days 00:01:12.205000,,,0,0,0,0,1.6666666666666667,12.666666666666666,0.1,25.0,1.0,14.0,2.5,9.666666666666666,10,0.0,12.666666666666666,12.0,-5.0,0.0,5.0,0.0,0.6601322309465347,0.0,0.0,5.0,0.0,3.0,5.0
2021,6,alonso,alpine,8,6,6,Finished,8.0,51,Azerbaijan Grand Prix,Baku,2021-06-06,conventional,9,0 days 00:01:42.934000,0 days 00:01:42.195000,0 days 00:01:42.327000,8,1,0,0,1.3333333333333333,13.333333333333334,0.1,26.0,4.0,10.5,2.3333333333333335,10.333333333333334,17,0.0,13.333333333333334,13.0,4.0,4.0,0.0,0.0,0.8176767767574837,8.0,0.0,4.0,0.0,3.0,4.0
2021,7,alonso,alpine,9,8,8,Finished,4.0,53,French Grand Prix,Le Castellet,2021-06-20,conventional,9,0 days 00:01:32.158000,0 days 00:01:31.549000,0 days 00:01:31.340000,4,1,0,0,2.6666666666666665,12.0,0.1,27.0,2.0,10.0,2.0,10.666666666666666,9,8.0,12.0,12.0,3.0,3.0,0.0,1.0,3.7141309370549274,3.0,0.0,8.0,0.0,3.0,8.0
2021,8,alonso,alpine,8,9,9,+1 Lap,2.0,70,Styrian Grand Prix,Spielberg,2021-06-27,conventional,9,0 days 00:01:04.971000,0 days 00:01:04.582000,0 days 00:01:04.574000,2,1,0,0,4.0,11.666666666666666,0.0,28.0,1.0,13.0,2.3333333333333335,11.5,9,4.0,11.666666666666666,11.0,2.0,2.0,0.0,0.0,3.1295036020015625,2.0,0.0,11.0,0.0,3.0,11.0
2021,9,alonso,alpine,14,10,10,+1 Lap,1.0,70,Austrian Grand Prix,Spielberg,2021-07-04,conventional,14,0 days 00:01:04.472000,0 days 00:01:04.856000,,1,1,0,0,4.666666666666667,9.0,0.0,29.0,0.5,15.5,2.3333333333333335,11.166666666666666,9,2.0,9.0,9.0,-5.0,0.0,5.0,0.0,3.0911470508830674,1.0,0.0,13.0,0.0,3.0,13.0
2021,11,alonso,alpine,9,4,4,Finished,12.0,70,Hungarian Grand Prix,Budapest,2021-08-01,conventional,9,0 days 00:01:17.123000,0 days 00:01:16.541000,0 days 00:01:16.715000,12,1,0,0,2.3333333333333335,10.666666666666666,0.0,30.0,18.5,8.5,1.1666666666666667,12.833333333333334,14,1.0,10.666666666666666,9.0,0.0,0.0,-0.0,1.0,3.208694125647873,11.0,0.0,6.0,0.0,3.0,6.0
2021,12,alonso,alpine,12,11,11,Finished,0.0,1,Belgian Grand Prix,Spa-Francorchamps,2021-08-29,conventional,14,0 days 00:02:01.653000,0 days 00:01:58.205000,,0,0,0,0,5.0,10.666666666666666,0.0,31.0,3.0,11.5,6.666666666666667,12.333333333333334,9,12.0,10.666666666666666,9.0,-5.0,0.0,5.0,0.0,2.9434831666016215,0.0,0.0,14.0,0.0,3.0,14.0
2021,13,alonso,alpine,9,6,6,+1 Lap,8.0,71,Dutch Grand Prix,Zandvoort,2021-09-05,conventional,9,0 days 00:01:10.435000,0 days 00:01:10.020000,0 days 00:01:09.956000,8,1,0,0,4.333333333333333,12.333333333333334,0.0,32.0,5.0,8.5,7.333333333333333,11.833333333333334,14,0.0,12.333333333333334,12.0,3.0,3.0,0.0,1.0,3.8294756493758637,7.0,0.0,12.0,0.0,3.0,12.0
2021,15,alonso,alpine,6,6,6,Finished,8.0,53,Russian Grand Prix,Sochi,2021-09-26,conventional,6,0 days 00:01:47.877000,0 days 00:01:45.514000,0 days 00:01:44.204000,8,1,0,0,6.666666666666667,10.666666666666666,0.0,33.0,4.0,8.0,8.833333333333334,9.5,9,8.0,10.666666666666666,11.0,5.0,5.0,0.0,6.0,5.865626674241464,2.0,0.0,18.0,0.0,3.0,18.0
2021,16,alonso,alpine,5,16,16,+1 Lap,0.0,57,Turkish Grand Prix,Istanbul,2021-10-10,conventional,6,0 days 00:01:25.174000,0 days 00:01:23.914000,0 days 00:01:23.477000,0,0,0,0,5.333333333333333,9.666666666666666,0.0,34.0,0.5,9.0,4.0,9.333333333333334,6,8.0,9.666666666666666,10.0,4.0,4.0,0.0,4.0,5.013524333571172,0.0,4.0,9.0,0.0,3.0,9.0
2021,17,alonso,alpine,19,18,R,Rear wing,0.0,49,United States Grand Prix,Austin,2021-10-24,conventional,14,0 days 00:01:35.756000,0 days 00:01:44.549000,,0,0,0,0,5.333333333333333,7.0,0.0,35.0,0.0,12.5,3.1666666666666665,8.5,6,0.0,7.0,3.0,-11.0,0.0,11.0,0.0,1.208296508429667,0.0,0.0,9.0,4.0,3.0,5.0
2021,18,alonso,alpine,12,9,9,+1 Lap,2.0,70,Mexico City Grand Prix,Mexico City,2021-11-07,conventional,16,0 days 00:01:18.452000,,,2,1,0,0,2.6666666666666665,8.666666666666666,0.0,36.0,1.0,15.5,1.5,9.833333333333334,14,0.0,8.666666666666666,8.0,-8.0,0.0,8.0,0.0,0.23849763943513924,2.0,0.0,2.0,4.0,3.0,-2.0
2021,20,alonso,alpine,3,3,3,Finished,15.0,57,Qatar Grand Prix,Lusail,2021-11-21,conventional,5,0 days 00:01:22.422000,0 days 00:01:21.894000,0 days 00:01:21.670000,15,1,1,0,0.6666666666666666,12.0,0.0,37.0,12.5,7.0,0.5,12.333333333333334,16,2.0,12.0,12.0,7.0,7.0,0.0,2.0,5.633492590222754,13.0,0.0,2.0,4.0,3.0,-2.0
2021,21,alonso,alpine,13,13,13,+1 Lap,0.0,49,Saudi Arabian Grand Prix,Jeddah,2021-12-05,conventional,13,0 days 00:01:28.944000,0 days 00:01:28.920000,,0,0,0,0,5.666666666666667,11.666666666666666,0.0,38.0,6.0,11.0,4.5,11.666666666666666,5,15.0,11.666666666666666,12.0,-1.0,0.0,1.0,2.0,4.282847154772964,0.0,2.0,15.0,0.0,3.0,15.0
2021,22,alonso,alpine,11,8,8,Finished,4.0,58,Abu Dhabi Grand Prix,Yas Island,2021-12-12,conventional,11,0 days 00:01:23.846000,0 days 00:01:23.460000,,4,1,0,0,5.666666666666667,11.333333333333334,0.0,39.0,3.0,10.0,6.5,11.166666666666666,13,0.0,11.333333333333334,12.0,1.0,1.0,0.0,0.0,2.3659173244803737,4.0,0.0,15.0,2.0,3.0,13.0
2022,1,alonso,alpine,8,9,9,Finished,2.0,57,Bahrain Grand Prix,Sakhir,2022-03-20,conventional,8,0 days 00:01:32.346000,0 days 00:01:31.621000,0 days 00:01:32.195000,2,1,0,0,6.333333333333333,9.666666666666666,0.0,40.0,4.0,9.5,7.166666666666667,9.333333333333334,11,4.0,9.666666666666666,12.0,4.0,4.0,0.0,0.0,3.1063804725280115,2.0,0.0,0.0,0.0,0.0,0.0
2022,2,alonso,alpine,7,16,R,Water pump,0.0,35,Saudi Arabian Grand Prix,Jeddah,2022-03-27,conventional,7,0 days 00:01:29.978000,0 days 00:01:29.295000,0 days 00:01:29.147000,0,0,0,0,2.0,10.666666666666666,0.0,41.0,4.0,6.0,4.333333333333333,10.166666666666666,8,2.0,10.666666666666666,11.0,4.0,4.0,0.0,6.0,5.33005652456919,0.0,6.0,2.0,0.0,1.0,2.0
2022,3,alonso,alpine,10,17,17,+1 Lap,0.0,57,Australian Grand Prix,Melbourne,2022-04-10,conventional,10,0 days 00:01:19.192000,0 days 00:01:18.815000,,0,0,0,0,2.0,8.666666666666666,0.0,42.0,3.0,9.0,3.6666666666666665,8.5,7,0.0,8.666666666666666,8.0,-2.0,0.0,2.0,1.0,2.7296638070463004,0.0,1.0,2.0,6.0,2.0,-4.0
2022,5,alonso,alpine,11,11,11,Finished,0.0,57,Miami Grand Prix,Miami,2022-05-08,conventional,11,0 days 00:01:30.407000,0 days 00:01:30.160000,,0,0,0,0,0.6666666666666666,8.333333333333334,0.0,43.0,2.0,15.5,3.6666666666666665,8.166666666666666,10,0.0,8.333333333333334,7.0,-4.0,0.0,4.0,1.0,3.154775340943254,0.0,1.0,2.0,7.0,3.0,-5.0
2022,6,alonso,alpine,20,9,9,+1 Lap,2.0,65,Spanish Grand Prix,Barcelona,2022-05-22,conventional,17,0 days 00:01:21.043000,,,2,1,0,0,0.0,9.333333333333334,0.0,44.0,4.0,14.5,3.0,10.166666666666666,11,0.0,9.333333333333334,10.0,-7.0,0.0,7.0,0.0,0.8417066107171935,2.0,0.0,0.0,8.0,3.0,-8.0
2022,7,alonso,alpine,7,7,7,Finished,6.0,64,Monaco Grand Prix,Monaco,2022-05-29,conventional,7,0 days 00:01:13.394000,0 days 00:01:12.688000,0 days 00:01:12.247000,6,1,0,0,0.6666666666666666,12.666666666666666,0.0,45.0,3.0,8.5,3.0,13.0,17,2.0,12.666666666666666,12.0,5.0,5.0,0.0,4.0,4.014605827000387,2.0,0.0,2.0,2.0,3.0,0.0
2022,8,alonso,alpine,10,7,7,Finished,6.0,51,Azerbaijan Grand Prix,Baku,2022-06-12,conventional,10,0 days 00:01:44.083000,0 days 00:01:43.360000,0 days 00:01:43.173000,6,1,0,0,2.6666666666666665,11.666666666666666,0.0,46.0,3.5,11.5,3.0,12.833333333333334,7,6.0,11.666666666666666,10.0,0.0,0.0,-0.0,1.0,2.134204178982655,5.0,0.0,4.0,1.0,3.0,3.0
2022,9,alonso,alpine,2,9,9,Finished,2.0,70,Canadian Grand Prix,Montréal,2022-06-19,conventional,2,0 days 00:01:32.277000,0 days 00:01:24.848000,0 days 00:01:21.944000,2,1,0,0,4.666666666666667,11.333333333333334,0.0,47.0,5.0,4.5,3.5,11.5,10,6.0,11.333333333333334,9.0,7.0,7.0,0.0,12.0,8.644695360805898,0.0,10.0,9.0,0.0,3.0,9.0
2022,10,alonso,alpine,7,5,5,Finished,10.0,52,British Grand Prix,Silverstone,2022-07-03,conventional,7,0 days 00:01:41.598000,0 days 00:01:42.209000,0 days 00:01:42.116000,10,1,0,0,4.666666666666667,6.333333333333333,0.0,48.0,5.0,11.0,3.8333333333333335,8.166666666666666,2,2.0,6.333333333333333,5.0,-2.0,0.0,2.0,4.0,3.851965667214957,6.0,0.0,7.0,10.0,3.0,-3.0
2022,12,alonso,alpine,7,6,6,Finished,8.0,53,French Grand Prix,Le Castellet,2022-07-24,conventional,7,0 days 00:01:32.819000,0 days 00:01:32.631000,0 days 00:01:32.552000,8,1,0,0,6.0,6.333333333333333,0.0,49.0,6.0,9.5,4.5,9.0,7,10.0,6.333333333333333,4.0,-3.0,0.0,3.0,4.0,6.457513272720446,4.0,0.0,11.0,10.0,3.0,1.0
2022,13,alonso,alpine,6,8,8,+1 Lap,4.0,69,Hungarian Grand Prix,Budapest,2022-07-31,conventional,6,0 days 00:01:18.716000,0 days 00:01:17.904000,0 days 00:01:18.078000,4,1,0,0,6.666666666666667,5.333333333333333,0.0,50.0,3.0,5.5,5.333333333333333,8.333333333333334,7,8.0,5.333333333333333,4.0,-2.0,0.0,2.0,2.0,7.867371764134067,2.0,0.0,10.0,10.0,3.0,0.0
2022,14,alonso,alpine,3,5,5,Finished,10.0,44,Belgian Grand Prix,Spa-Francorchamps,2022-08-28,conventional,6,0 days 00:01:46.075000,0 days 00:01:45.552000,0 days 00:01:45.368000,10,1,0,0,7.333333333333333,6.666666666666667,0.0,51.0,8.0,5.5,4.666666666666667,8.666666666666666,6,4.0,6.666666666666667,8.0,2.0,2.0,0.0,4.0,6.0726316176522595,6.0,0.0,12.0,0.0,3.0,12.0
2022,15,alonso,alpine,13,6,6,Finished,8.0,72,Dutch Grand Prix,Zandvoort,2022-09-04,conventional,13,0 days 00:01:11.667000,0 days 00:01:11.613000,,8,1,0,0,7.333333333333333,6.333333333333333,0.0,52.0,5.0,12.5,5.666666666666667,6.833333333333333,6,10.0,6.333333333333333,7.0,-6.0,0.0,6.0,2.0,3.1514562052800343,6.0,0.0,12.0,0.0,3.0,12.0
2022,16,alonso,alpine,6,19,R,Water pressure,0.0,31,Italian Grand Prix,Monza,2022-09-11,conventional,10,0 days 00:01:22.089000,0 days 00:01:21.861000,,0,0,0,0,7.333333333333333,8.333333333333334,0.0,53.0,0.0,10.5,5.333333333333333,7.833333333333333,13,8.0,8.333333333333334,9.0,-1.0,0.0,1.0,2.0,4.2551933260065065,0.0,2.0,14.0,0.0,3.0,14.0
2022,17,alonso,alpine,5,18,R,Engine,0.0,20,Singapore Grand Prix,Marina Bay,2022-10-02,conventional,5,0 days 00:01:55.360000,0 days 00:01:53.127000,0 days 00:01:49.966000,0,0,0,0,6.0,9.666666666666666,0.0,54.0,0.0,11.5,4.333333333333333,9.5,10,0.0,9.666666666666666,9.0,4.0,4.0,0.0,4.0,5.270050798505502,0.0,4.0,12.0,2.0,3.0,10.0
2022,18,alonso,alpine,7,7,7,Finished,6.0,28,Japanese Grand Prix,Suzuka,2022-10-09,conventional,7,0 days 00:01:30.603000,0 days 00:01:30.343000,0 days 00:01:30.322000,6,1,0,0,2.6666666666666665,9.333333333333334,0.0,55.0,9.0,6.0,1.6666666666666667,11.5,5,0.0,9.333333333333334,9.0,2.0,2.0,0.0,4.0,5.33160935945895,2.0,0.0,6.0,6.0,3.0,0.0
2022,19,alonso,alpine,14,7,7,Finished,6.0,56,United States Grand Prix,Austin,2022-10-23,conventional,9,0 days 00:01:36.446000,0 days 00:01:35.988000,0 days 00:01:35.876000,6,1,0,0,2.0,7.333333333333333,0.0,56.0,3.0,13.5,3.0,9.333333333333334,7,6.0,7.333333333333333,6.0,-3.0,0.0,3.0,6.0,4.7174938051280515,0.0,0.0,2.0,6.0,3.0,-4.0
2022,20,alonso,alpine,9,19,19,Engine,0.0,63,Mexico City Grand Prix,Mexico City,2022-10-30,conventional,9,0 days 00:01:20.006000,0 days 00:01:19.272000,0 days 00:01:18.939000,0,0,0,0,4.0,7.0,0.0,57.0,2.0,9.5,4.0,10.333333333333334,9,6.0,7.0,6.0,-3.0,0.0,3.0,4.0,5.301688869593476,0.0,4.0,2.0,4.0,3.0,-2.0
2022,22,alonso,alpine,10,20,R,Water leak,0.0,27,Abu Dhabi Grand Prix,Yas Island,2022-11-20,conventional,11,0 days 00:01:25.782000,0 days 00:01:25.096000,,0,0,0,0,4.0,8.333333333333334,0.0,58.0,3.0,9.5,4.666666666666667,9.666666666666666,9,0.0,8.333333333333334,7.0,-4.0,0.0,4.0,2.0,3.4310085568350353,0.0,2.0,2.0,4.0,3.0,-2.0
2023,1,alonso,aston_martin,5,3,3,Finished,15.0,57,Bahrain Grand Prix,Sakhir,2023-03-05,conventional,5,0 days 00:01:31.158000,0 days 00:01:30.645000,0 days 00:01:30.336000,15,1,1,0,2.0,9.666666666666666,0.0,59.0,11.5,6.5,1.5,12.833333333333334,11,0.0,9.666666666666666,8.0,3.0,3.0,0.0,6.0,5.904591086609965,9.0,0.0,0.0,0.0,0.0,0.0
2023,2,alonso,aston_martin,2,3,3,Finished,15.0,50,Saudi Arabian Grand Prix,Jeddah,2023-03-19,conventional,3,0 days 00:01:29.298000,0 days 00:01:28.757000,0 days 00:01:28.730000,15,1,1,0,5.0,8.333333333333334,0.0,60.0,7.5,4.5,4.666666666666667,11.833333333333334,5,15.0,8.333333333333334,7.0,4.0,4.0,0.0,12.0,11.298789874502873,3.0,0.0,9.0,0.0,1.0,9.0
2023,3,alonso,aston_martin,4,3,3,Finished,15.0,58,Australian Grand Prix,Melbourne,2023-04-02,conventional,4,0 days 00:01:17.832000,0 days 00:01:17.283000,0 days 00:01:17.139000,15,1,1,0,10.0,6.333333333333333,0.0,61.0,13.5,5.0,7.166666666666667,7.5,3,15.0,6.333333333333333,6.0,2.0,2.0,0.0,12.0,9.222065939727331,3.0,0.0,12.0,0.0,2.0,12.0
2023,5,alonso,aston_martin,2,3,3,Finished,15.0,57,Miami Grand Prix,Miami,2023-05-07,conventional,2,0 days 00:01:28.179000,0 days 00:01:27.097000,0 days 00:01:27.202000,15,1,1,0,15.0,4.0,0.0,62.0,7.5,10.0,10.833333333333334,5.333333333333333,4,15.0,4.0,1.0,-1.0,0.0,1.0,10.0,7.00908375045289,5.0,0.0,15.0,0.0,3.0,15.0
2023,6,alonso,aston_martin,2,2,2,Finished,18.0,78,Monaco Grand Prix,Monaco,2023-05-28,conventional,2,0 days 00:01:12.886000,0 days 00:01:12.107000,0 days 00:01:11.449000,18,1,1,0,15.0,3.0,0.0,63.0,9.0,8.0,9.5,6.5,2,15.0,3.0,1.0,-1.0,0.0,1.0,15.0,12.419555443333351,3.0,0.0,11.0,0.0,3.0,11.0
2023,7,alonso,aston_martin,8,7,7,Finished,6.0,66,Spanish Grand Prix,Barcelona,2023-06-04,conventional,9,0 days 00:01:13.747000,0 days 00:01:13.098000,0 days 00:01:13.507000,6,1,0,0,16.0,2.6666666666666665,0.0,64.0,7.0,7.5,10.0,7.666666666666667,2,18.0,2.6666666666666665,1.0,-8.0,0.0,8.0,8.0,6.476642396317651,0.0,2.0,11.0,0.0,3.0,11.0
2023,8,alonso,aston_martin,2,2,2,Finished,18.0,70,Canadian Grand Prix,Montréal,2023-06-18,conventional,3,0 days 00:01:21.481000,0 days 00:01:19.776000,0 days 00:01:27.286000,18,1,1,0,13.0,4.333333333333333,0.0,65.0,10.0,8.0,7.833333333333333,8.5,9,6.0,4.333333333333333,3.0,0.0,0.0,-0.0,10.0,9.107428456790023,8.0,0.0,8.0,2.0,3.0,6.0
2023,10,alonso,aston_martin,9,7,7,Finished,6.0,52,British Grand Prix,Silverstone,2023-07-09,conventional,9,0 days 00:01:29.949000,0 days 00:01:28.368000,0 days 00:01:27.659000,6,1,0,0,14.0,4.666666666666667,0.0,66.0,3.0,10.5,8.666666666666666,7.833333333333333,3,18.0,4.666666666666667,2.0,-7.0,0.0,7.0,6.0,7.456817468810025,0.0,0.0,11.0,2.0,3.0,9.0
2023,11,alonso,aston_martin,8,9,9,Finished,2.0,70,Hungarian Grand Prix,Budapest,2023-07-23,conventional,8,0 days 00:01:18.580000,0 days 00:01:17.701000,0 days 00:01:17.035000,2,1,0,0,10.0,7.0,0.0,67.0,1.5,11.0,6.666666666666667,8.666666666666666,9,6.0,7.0,5.0,-3.0,0.0,3.0,6.0,4.851582519447416,0.0,4.0,8.0,2.0,3.0,6.0
2023,13,alonso,aston_martin,5,2,2,Finished,19.0,72,Dutch Grand Prix,Zandvoort,2023-08-27,conventional,5,0 days 00:01:21.840000,0 days 00:01:19.429000,0 days 00:01:11.506000,18,1,1,0,8.666666666666666,6.666666666666667,0.0,68.0,9.0,8.0,4.833333333333333,9.833333333333334,8,2.0,6.666666666666667,5.0,0.0,0.0,-0.0,8.0,9.60386088847359,10.0,0.0,8.0,4.0,3.0,4.0
2023,14,alonso,aston_martin,10,9,9,Finished,2.0,51,Italian Grand Prix,Monza,2023-09-03,conventional,10,0 days 00:01:22.043000,0 days 00:01:21.543000,0 days 00:01:21.417000,2,1,0,0,8.666666666666666,7.333333333333333,0.0,69.0,1.0,15.0,4.5,9.833333333333334,5,18.0,7.333333333333333,6.0,-4.0,0.0,4.0,1.0,3.9364574918338766,1.0,0.0,10.0,4.0,3.0,6.0
2023,15,alonso,aston_martin,7,15,15,Finished,0.0,62,Singapore Grand Prix,Marina Bay,2023-09-17,conventional,7,0 days 00:01:32.584000,0 days 00:01:31.835000,0 days 00:01:31.615000,0,0,0,0,7.333333333333333,7.666666666666667,0.0,70.0,0.0,13.5,3.8333333333333335,11.333333333333334,10,2.0,7.666666666666667,8.0,1.0,1.0,0.0,6.0,8.416667359288958,0.0,6.0,11.0,4.0,3.0,7.0
2023,16,alonso,aston_martin,10,8,8,Finished,4.0,53,Japanese Grand Prix,Suzuka,2023-09-24,conventional,10,0 days 00:01:30.971000,0 days 00:01:30.465000,0 days 00:01:30.560000,4,1,0,0,6.666666666666667,7.333333333333333,0.0,71.0,2.0,13.5,3.3333333333333335,12.166666666666666,7,0.0,7.333333333333333,6.0,-4.0,0.0,4.0,1.0,2.0369021049639486,3.0,0.0,11.0,6.0,3.0,5.0
2023,19,alonso,aston_martin,13,18,W,Withdrew,0.0,47,Mexico City Grand Prix,Mexico City,2023-10-29,conventional,13,0 days 00:01:18.848000,0 days 00:01:18.738000,,0,0,0,0,2.0,9.0,0.0,72.0,0.0,15.5,1.0,14.0,10,4.0,9.0,9.0,-4.0,0.0,4.0,0.0,1.7005414621086699,0.0,0.0,4.0,6.0,3.0,-2.0
2023,21,alonso,aston_martin,9,9,9,Finished,2.0,50,Las Vegas Grand Prix,Las Vegas,2023-11-18,conventional,10,0 days 00:01:34.422000,0 days 00:01:33.617000,0 days 00:01:33.555000,2,1,0,0,1.3333333333333333,10.0,0.0,73.0,6.0,12.0,0.6666666666666666,14.166666666666666,13,0.0,10.0,10.0,0.0,0.0,-0.0,0.0,3.6846137678382154,2.0,0.0,3.0,6.0,3.0,-3.0
2023,22,alonso,aston_martin,7,7,7,Finished,6.0,58,Abu Dhabi Grand Prix,Yas Island,2023-11-26,conventional,7,0 days 00:01:24.501000,0 days 00:01:24.131000,0 days 00:01:24.084000,6,1,0,0,2.0,11.0,0.0,74.0,3.5,10.0,2.6666666666666665,13.666666666666666,10,2.0,11.0,11.0,4.0,4.0,0.0,4.0,4.03078894663127,2.0,0.0,5.0,0.0,3.0,5.0
2024,1,alonso,aston_martin,6,9,9,Finished,2.0,57,Bahrain Grand Prix,Sakhir,2024-03-02,conventional,6,0 days 00:01:30.179000,0 days 00:01:29.801000,0 days 00:01:29.542000,2,1,0,0,2.6666666666666665,10.0,0.0,75.0,1.5,9.0,3.1666666666666665,12.5,7,6.0,10.0,9.0,3.0,3.0,0.0,6.0,5.476278937972484,0.0,4.0,0.0,0.0,0.0,0.0
2024,2,alonso,aston_martin,4,5,5,Finished,10.0,50,Saudi Arabian Grand Prix,Jeddah,2024-03-09,conventional,4,0 days 00:01:28.706000,0 days 00:01:28.122000,0 days 00:01:27.846000,10,1,0,0,3.3333333333333335,7.666666666666667,0.0,76.0,5.0,7.0,3.6666666666666665,10.333333333333334,6,2.0,7.666666666666667,4.0,0.0,0.0,-0.0,12.0,10.849845428705372,0.0,2.0,0.0,4.0,1.0,-4.0
2024,3,alonso,aston_martin,10,8,8,Finished,4.0,58,Australian Grand Prix,Melbourne,2024-03-24,conventional,10,0 days 00:01:16.991000,0 days 00:01:16.710000,0 days 00:01:17.552000,4,1,0,0,6.0,5.666666666666667,0.0,77.0,6.0,9.5,3.3333333333333335,8.666666666666666,4,10.0,5.666666666666667,5.0,-5.0,0.0,5.0,2.0,3.5439654164810417,2.0,0.0,0.0,6.0,2.0,-6.0
2024,4,alonso,aston_martin,5,6,6,Finished,8.0,53,Japanese Grand Prix,Suzuka,2024-04-07,conventional,5,0 days 00:01:29.254000,0 days 00:01:29.082000,0 days 00:01:28.686000,8,1,0,0,5.333333333333333,6.666666666666667,0.0,78.0,4.0,10.5,4.166666666666667,8.5,10,4.0,6.666666666666667,7.0,2.0,2.0,0.0,6.0,8.509860665962725,2.0,0.0,2.0,6.0,3.0,-4.0
2024,7,alonso,aston_martin,20,19,19,Lapped,0.0,62,Emilia Romagna Grand Prix,Imola,2024-05-19,conventional,19,0 days 00:01:16.917000,,,0,0,0,0,7.333333333333333,6.333333333333333,0.0,79.0,1.0,16.0,5.0,9.0,5,8.0,6.333333333333333,7.0,-12.0,0.0,12.0,0.0,1.3251194266219355,0.0,0.0,4.0,2.0,3.0,2.0
2024,8,alonso,aston_martin,14,11,11,Lapped,0.0,76,Monaco Grand Prix,Monaco,2024-05-26,conventional,14,0 days 00:01:12.019000,,,0,0,0,0,4.0,11.333333333333334,0.0,80.0,0.0,13.5,3.6666666666666665,12.0,19,0.0,11.333333333333334,10.0,-4.0,0.0,4.0,0.0,1.7423907486282877,0.0,0.0,4.0,0.0,3.0,4.0
2024,9,alonso,aston_martin,6,6,6,Finished,8.0,70,Canadian Grand Prix,Montréal,2024-06-09,conventional,6,0 days 00:01:13.117000,0 days 00:01:12.635000,0 days 00:01:12.228000,8,1,0,0,2.6666666666666665,12.666666666666666,0.0,81.0,7.0,7.5,1.6666666666666667,13.333333333333334,14,0.0,12.666666666666666,13.0,7.0,7.0,0.0,4.0,6.838495899010869,4.0,0.0,2.0,0.0,3.0,2.0
2024,10,alonso,aston_martin,10,12,12,Lapped,0.0,65,Spanish Grand Prix,Barcelona,2024-06-23,conventional,11,0 days 00:01:12.505000,0 days 00:01:12.128000,,0,0,0,0,2.6666666666666665,13.0,0.0,82.0,0.0,12.5,2.6666666666666665,12.333333333333334,6,8.0,13.0,12.0,1.0,1.0,0.0,1.0,2.7407248204390537,0.0,1.0,4.0,0.0,3.0,4.0
2024,12,alonso,aston_martin,10,8,8,Finished,4.0,52,British Grand Prix,Silverstone,2024-07-07,conventional,10,0 days 00:01:31.264000,0 days 00:01:26.730000,0 days 00:01:26.917000,4,1,0,0,2.6666666666666665,10.333333333333334,0.0,83.0,5.0,9.0,2.3333333333333335,11.166666666666666,11,0.0,10.333333333333334,8.0,-2.0,0.0,2.0,0.0,1.704325670429867,4.0,0.0,4.0,1.0,3.0,3.0
2024,13,alonso,aston_martin,7,11,11,Finished,0.0,70,Hungarian Grand Prix,Budapest,2024-07-21,conventional,7,0 days 00:01:17.624000,0 days 00:01:16.117000,0 days 00:01:16.043000,0,0,0,0,4.0,9.0,0.0,84.0,0.5,7.5,4.0,9.666666666666666,10,4.0,9.0,7.0,0.0,0.0,-0.0,4.0,4.946641846890442,0.0,4.0,8.0,1.0,3.0,7.0
2024,14,alonso,aston_martin,8,8,8,Finished,4.0,44,Belgian Grand Prix,Spa-Francorchamps,2024-07-28,conventional,9,0 days 00:01:55.489000,0 days 00:01:54.258000,0 days 00:01:54.765000,4,1,0,0,1.3333333333333333,9.333333333333334,0.0,85.0,2.0,12.0,1.8333333333333333,9.666666666666666,7,0.0,9.333333333333334,8.0,-1.0,0.0,1.0,1.0,1.8106330271928672,3.0,0.0,4.0,5.0,3.0,-1.0
2024,15,alonso,aston_martin,7,10,10,Lapped,1.0,71,Dutch Grand Prix,Zandvoort,2024-08-25,conventional,7,0 days 00:01:11.493000,0 days 00:01:10.845000,0 days 00:01:10.633000,1,1,0,0,2.6666666666666665,8.666666666666666,0.0,86.0,0.5,7.5,2.5,9.5,9,4.0,8.666666666666666,8.0,1.0,1.0,0.0,2.0,3.3401420429466033,0.0,1.0,7.0,4.0,3.0,3.0
2024,16,alonso,aston_martin,11,11,11,Finished,0.0,53,Italian Grand Prix,Monza,2024-09-01,conventional,11,0 days 00:01:20.617000,0 days 00:01:20.421000,,0,0,0,0,1.6666666666666667,7.666666666666667,0.0,87.0,0.0,14.0,1.0,9.0,7,1.0,7.666666666666667,7.0,-4.0,0.0,4.0,2.0,1.949832443847228,0.0,2.0,3.0,5.0,3.0,-2.0
2024,17,alonso,aston_martin,7,6,6,Finished,8.0,51,Azerbaijan Grand Prix,Baku,2024-09-15,conventional,8,0 days 00:01:43.472000,0 days 00:01:42.426000,0 days 00:01:42.369000,8,1,0,0,1.6666666666666667,9.0,0.0,88.0,4.0,11.0,0.8333333333333334,11.166666666666666,11,0.0,9.0,9.0,1.0,1.0,0.0,2.0,3.1460574436363338,6.0,0.0,3.0,3.0,3.0,0.0
2024,18,alonso,aston_martin,7,8,8,Lapped,4.0,61,Singapore Grand Prix,Marina Bay,2024-09-22,conventional,7,0 days 00:01:30.684000,0 days 00:01:30.450000,0 days 00:01:30.214000,4,1,0,0,3.0,8.666666666666666,0.0,89.0,2.0,12.0,1.5,10.833333333333334,8,8.0,8.666666666666666,9.0,2.0,2.0,0.0,6.0,4.591230937900436,0.0,2.0,6.0,3.0,3.0,3.0
2024,20,alonso,aston_martin,13,18,R,Retired,0.0,15,Mexico City Grand Prix,Mexico City,2024-10-27,conventional,13,0 days 00:01:17.307000,0 days 00:01:17.168000,,0,0,0,0,4.0,8.666666666666666,0.0,90.0,0.0,13.5,2.0,12.333333333333334,7,4.0,8.666666666666666,9.0,-4.0,0.0,4.0,0.0,0.43503999545743355,0.0,0.0,6.0,4.0,3.0,2.0
2024,22,alonso,aston_martin,16,11,11,Finished,0.0,50,Las Vegas Grand Prix,Las Vegas,2024-11-23,conventional,17,0 days 00:01:34.258000,,,0,0,0,0,4.0,9.333333333333334,0.0,91.0,0.0,18.5,2.0,12.166666666666666,13,0.0,9.333333333333334,8.0,-9.0,0.0,9.0,0.0,1.648934462440009,0.0,0.0,6.0,2.0,3.0,4.0
2024,24,alonso,aston_martin,8,9,9,Finished,2.0,58,Abu Dhabi Grand Prix,Yas Island,2024-12-08,conventional,8,0 days 00:01:23.794000,0 days 00:01:23.268000,0 days 00:01:23.196000,2,1,0,0,1.3333333333333333,12.333333333333334,0.0,92.0,1.0,10.5,0.6666666666666666,14.666666666666666,17,0.0,12.333333333333334,12.0,4.0,4.0,0.0,1.0,3.26758369911591,1.0,0.0,0.0,2.0,3.0,-2.0
2025,1,alonso,aston_martin,12,17,R,Retired,0.0,32,Australian Grand Prix,Melbourne,2025-03-16,conventional,12,0 days 00:01:16.288000,0 days 00:01:16.453000,,0,0,0,0,0.6666666666666666,12.666666666666666,0.0,93.0,4.0,12.5,0.3333333333333333,14.166666666666666,8,2.0,12.666666666666666,12.0,0.0,0.0,-0.0,1.0,1.4814800028556179,0.0,1.0,0.0,0.0,0.0,0.0
2025,3,alonso,aston_martin,12,11,11,Finished,0.0,53,Japanese Grand Prix,Suzuka,2025-04-06,conventional,13,0 days 00:01:28.337000,0 days 00:01:27.897000,,0,0,0,0,0.6666666666666666,12.333333333333334,0.0,94.0,0.0,16.5,1.6666666666666667,13.833333333333334,12,0.0,12.333333333333334,12.0,-1.0,0.0,1.0,0.0,1.2837262504432063,0.0,0.0,0.0,1.0,1.0,-1.0
2025,4,alonso,aston_martin,13,15,15,Finished,0.0,57,Bahrain Grand Prix,Sakhir,2025-04-13,conventional,13,0 days 00:01:31.634000,0 days 00:01:31.886000,,0,0,0,0,0.6666666666666666,11.0,0.0,95.0,0.0,16.0,1.6666666666666667,13.166666666666666,13,0.0,11.0,11.0,-2.0,0.0,2.0,0.0,0.2081946786840989,0.0,0.0,0.0,1.0,2.0,-1.0
2025,5,alonso,aston_martin,13,11,11,Finished,0.0,50,Saudi Arabian Grand Prix,Jeddah,2025-04-20,conventional,13,0 days 00:01:28.548000,0 days 00:01:28.303000,,0,0,0,0,0.0,12.666666666666666,0.0,96.0,0.0,14.5,1.3333333333333333,15.0,13,0.0,12.666666666666666,13.0,0.0,0.0,-0.0,0.0,0.6674031419196025,0.0,0.0,0.0,1.0,3.0,-1.0
2025,7,alonso,aston_martin,5,11,11,Finished,0.0,63,Emilia Romagna Grand Prix,Imola,2025-05-18,conventional,5,0 days 00:01:15.695000,0 days 00:01:15.442000,0 days 00:01:15.431000,0,0,0,0,0.0,13.0,0.0,97.0,0.0,6.5,0.0,15.666666666666666,13,0.0,13.0,13.0,8.0,8.0,0.0,4.0,5.092380026070042,0.0,4.0,0.0,0.0,3.0,0.0
2025,8,alonso,aston_martin,6,19,R,Retired,0.0,36,Monaco Grand Prix,Monaco,2025-05-25,conventional,7,0 days 00:01:11.674000,0 days 00:01:11.182000,0 days 00:01:10.924000,0,0,0,0,0.0,10.333333333333334,0.0,98.0,0.0,13.0,0.0,12.333333333333334,5,0.0,10.333333333333334,10.0,3.0,3.0,0.0,8.0,5.067081877394343,0.0,8.0,0.0,4.0,3.0,-4.0
2025,9,alonso,aston_martin,10,9,9,Finished,2.0,66,Spanish Grand Prix,Barcelona,2025-06-01,conventional,10,0 days 00:01:13.102000,0 days 00:01:12.523000,0 days 00:01:12.284000,2,1,0,0,0.0,8.333333333333334,0.0,99.0,2.0,10.0,0.0,11.333333333333334,7,0.0,8.333333333333334,8.0,-2.0,0.0,2.0,2.0,1.7746060551123661,0.0,0.0,0.0,12.0,3.0,-12.0
2025,10,alonso,aston_martin,6,7,7,Finished,6.0,70,Canadian Grand Prix,Montréal,2025-06-15,conventional,6,0 days 00:01:12.073000,0 days 00:01:11.805000,0 days 00:01:11.586000,6,1,0,0,0.6666666666666666,7.333333333333333,0.0,100.0,3.0,12.0,0.6666666666666666,9.833333333333334,10,2.0,7.333333333333333,7.0,1.0,1.0,0.0,6.0,6.986575826938339,0.0,0.0,0.0,12.0,3.0,-12.0
2025,11,alonso,aston_martin,11,7,7,Lapped,6.0,69,Austrian Grand Prix,Spielberg,2025-06-29,conventional,11,0 days 00:01:05.197000,0 days 00:01:05.128000,,6,1,0,0,2.6666666666666665,7.666666666666667,0.0,101.0,3.0,13.5,1.6666666666666667,11.666666666666666,6,6.0,7.666666666666667,7.0,-4.0,0.0,4.0,2.0,1.7015583782278965,4.0,0.0,0.0,8.0,3.0,-8.0
2025,12,alonso,aston_martin,7,9,9,Finished,2.0,52,British Grand Prix,Silverstone,2025-07-06,conventional,9,0 days 00:01:26.108000,0 days 00:01:25.593000,0 days 00:01:25.621000,2,1,0,0,4.666666666666667,9.0,0.0,102.0,4.0,13.5,2.6666666666666665,11.833333333333334,11,6.0,9.0,8.0,-1.0,0.0,1.0,4.0,3.138138657365695,0.0,2.0,4.0,0.0,3.0,4.0
2025,14,alonso,aston_martin,5,5,5,Finished,10.0,70,Hungarian Grand Prix,Budapest,2025-08-03,conventional,5,0 days 00:01:15.281000,0 days 00:01:15.395000,0 days 00:01:15.481000,10,1,0,0,4.666666666666667,8.666666666666666,0.0,103.0,8.0,5.5,3.3333333333333335,13.0,9,2.0,8.666666666666666,8.0,3.0,3.0,0.0,10.0,6.006213298332377,0.0,0.0,4.0,2.0,3.0,2.0
2025,15,alonso,aston_martin,10,8,8,Finished,4.0,72,Dutch Grand Prix,Zandvoort,2025-08-31,conventional,10,0 days 00:01:09.950000,0 days 00:01:09.366000,0 days 00:01:09.630000,4,1,0,0,6.0,8.333333333333334,0.0,104.0,5.0,15.0,5.0,10.833333333333334,5,10.0,8.333333333333334,7.0,-3.0,0.0,3.0,2.0,2.4485453064351974,2.0,0.0,4.0,2.0,3.0,2.0
2025,16,alonso,aston_martin,8,19,R,Retired,0.0,24,Italian Grand Prix,Monza,2025-09-07,conventional,9,0 days 00:01:19.658000,0 days 00:01:19.362000,0 days 00:01:19.424000,0,0,0,0,5.333333333333333,8.0,0.0,105.0,0.0,13.0,5.666666666666667,11.333333333333334,10,4.0,8.0,6.0,-3.0,0.0,3.0,6.0,3.3038810790178217,0.0,6.0,2.0,2.0,3.0,0.0
2025,17,alonso,aston_martin,11,15,15,Finished,0.0,51,Azerbaijan Grand Prix,Baku,2025-09-21,conventional,11,0 days 00:01:42.211000,0 days 00:01:41.857000,,0,0,0,0,4.666666666666667,8.0,0.0,106.0,0.0,12.5,4.333333333333333,11.166666666666666,9,0.0,8.0,6.0,-5.0,0.0,5.0,2.0,2.698009233101495,0.0,2.0,2.0,6.0,3.0,-4.0
2025,18,alonso,aston_martin,10,7,7,Finished,6.0,62,Singapore Grand Prix,Marina Bay,2025-10-05,conventional,10,0 days 00:01:30.745000,0 days 00:01:30.054000,0 days 00:01:29.955000,6,1,0,0,1.3333333333333333,10.0,0.0,107.0,3.0,12.5,1.6666666666666667,13.5,11,0.0,10.0,11.0,1.0,1.0,0.0,2.0,2.1263710296969833,4.0,0.0,2.0,8.0,3.0,-6.0
2025,20,alonso,aston_martin,14,18,R,Retired,0.0,34,Mexico City Grand Prix,Mexico City,2025-10-26,conventional,14,0 days 00:01:17.232000,0 days 00:01:17.103000,,0,0,0,0,2.0,10.0,0.0,108.0,0.0,16.5,1.0,12.666666666666666,10,6.0,10.0,9.0,-5.0,0.0,5.0,0.0,0.6664796594037741,0.0,0.0,4.0,8.0,3.0,-4.0
2025,22,alonso,aston_martin,7,11,11,Finished,0.0,50,Las Vegas Grand Prix,Las Vegas,2025-11-22,conventional,7,0 days 00:01:53.739000,0 days 00:01:51.865000,0 days 00:01:49.466000,0,0,0,0,2.0,11.666666666666666,0.0,109.0,0.0,9.5,1.0,13.833333333333334,14,0.0,11.666666666666666,13.0,6.0,6.0,0.0,6.0,5.227263292936574,0.0,6.0,4.0,2.0,3.0,2.0
2025,24,alonso,aston_martin,6,6,6,Finished,8.0,58,Abu Dhabi Grand Prix,Yas Island,2025-12-07,conventional,6,0 days 00:01:23.071000,0 days 00:01:22.861000,0 days 00:01:22.902000,8,1,0,0,2.0,10.333333333333334,0.0,110.0,4.5,10.5,1.0,12.833333333333334,7,0.0,10.333333333333334,10.0,4.0,4.0,0.0,8.0,5.371064035737205,0.0,0.0,4.0,6.0,3.0,-2.0
2025,1,antonelli,mercedes,16,4,4,Finished,12.0,57,Australian Grand Prix,Melbourne,2025-03-16,conventional,16,0 days 00:01:16.525000,,,12,1,0,0,,,,0.0,13.5,10.0,14.5,7.833333333333333,,,,,,,,,,,,0.0,0.0,0.0,0.0
2025,3,antonelli,mercedes,6,6,6,Finished,8.0,53,Japanese Grand Prix,Suzuka,2025-04-06,conventional,6,0 days 00:01:27.968000,0 days 00:01:27.639000,0 days 00:01:27.555000,8,1,0,0,12.0,16.0,0.0,1.0,9.0,5.5,15.333333333333334,9.333333333333334,16,12.0,16.0,18.0,12.0,12.0,0.0,8.0,7.7221465825346485,0.0,0.0,0.0,0.0,0.0,0.0
2025,4,antonelli,mercedes,5,11,11,Finished,0.0,57,Bahrain Grand Prix,Sakhir,2025-04-13,conventional,4,0 days 00:01:31.415000,0 days 00:01:30.716000,0 days 00:01:30.213000,0,0,0,0,10.0,11.0,0.0,2.0,9.0,3.0,11.166666666666666,9.333333333333334,6,8.0,11.0,12.0,8.0,8.0,0.0,8.0,9.070462500878186,0.0,8.0,0.0,0.0,1.0,0.0
2025,5,antonelli,mercedes,5,6,6,Finished,8.0,50,Saudi Arabian Grand Prix,Jeddah,2025-04-20,conventional,5,0 days 00:01:28.128000,0 days 00:01:27.798000,0 days 00:01:27.866000,8,1,0,0,6.666666666666667,8.666666666666666,0.0,3.0,9.0,4.0,10.5,6.166666666666667,4,0.0,8.666666666666666,8.0,3.0,3.0,0.0,8.0,6.456669754575637,0.0,0.0,0.0,8.0,2.0,-8.0
2025,7,antonelli,mercedes,13,19,R,Retired,0.0,44,Emilia Romagna Grand Prix,Imola,2025-05-18,conventional,13,0 days 00:01:15.943000,0 days 00:01:15.772000,,0,0,0,0,5.333333333333333,5.0,0.0,4.0,3.0,8.0,9.0,4.166666666666667,5,8.0,5.0,5.0,-8.0,0.0,8.0,6.0,5.3888199833404915,0.0,6.0,0.0,8.0,3.0,-8.0
2025,8,antonelli,mercedes,15,18,18,Lapped,0.0,75,Monaco Grand Prix,Monaco,2025-05-25,conventional,15,0 days 00:01:11.880000,,,0,0,0,0,2.6666666666666665,7.333333333333333,0.0,5.0,0.0,14.5,7.0,5.0,13,0.0,7.333333333333333,7.0,-8.0,0.0,8.0,4.0,2.867240594069687,0.0,4.0,0.0,14.0,3.0,-14.0
2025,9,antonelli,mercedes,6,18,R,Retired,0.0,53,Spanish Grand Prix,Barcelona,2025-06-01,conventional,6,0 days 00:01:12.815000,0 days 00:01:12.585000,0 days 00:01:12.111000,0,0,0,0,2.6666666666666665,11.0,0.0,6.0,6.0,5.0,4.0,8.833333333333334,15,0.0,11.0,11.0,5.0,5.0,0.0,6.0,4.748528724235524,0.0,6.0,0.0,10.0,3.0,-10.0
2025,10,antonelli,mercedes,4,3,3,Finished,15.0,70,Canadian Grand Prix,Montréal,2025-06-15,conventional,4,0 days 00:01:12.279000,0 days 00:01:11.974000,0 days 00:01:11.391000,15,1,1,0,0.0,11.333333333333334,0.0,7.0,20.0,2.5,3.0,9.166666666666666,6,0.0,11.333333333333334,10.0,6.0,6.0,0.0,4.0,3.423188501609218,11.0,0.0,0.0,16.0,3.0,-16.0
2025,11,antonelli,mercedes,9,19,R,Retired,0.0,0,Austrian Grand Prix,Spielberg,2025-06-29,conventional,9,0 days 00:01:05.178000,0 days 00:01:05.052000,0 days 00:01:05.276000,0,0,0,0,5.0,8.333333333333334,0.0,8.0,5.0,7.0,8.666666666666666,7.333333333333333,4,15.0,8.333333333333334,9.0,0.0,0.0,-0.0,6.0,5.273364183086533,0.0,6.0,11.0,10.0,3.0,1.0
2025,12,antonelli,mercedes,10,16,R,Retired,0.0,23,British Grand Prix,Silverstone,2025-07-06,conventional,7,0 days 00:01:26.265000,0 days 00:01:25.620000,0 days 00:01:25.374000,0,0,0,0,5.0,6.333333333333333,0.0,9.0,0.5,5.5,10.333333333333334,4.833333333333333,9,0.0,6.333333333333333,7.0,0.0,0.0,-0.0,6.0,5.981559770615645,0.0,6.0,11.0,12.0,3.0,-1.0
2025,14,antonelli,mercedes,15,10,10,Lapped,1.0,69,Hungarian Grand Prix,Budapest,2025-08-03,conventional,15,0 days 00:01:15.782000,0 days 00:01:16.386000,,1,1,0,0,5.0,6.666666666666667,0.0,10.0,8.0,9.5,8.5,5.0,7,0.0,6.666666666666667,7.0,-8.0,0.0,8.0,1.0,1.4420251435392824,0.0,0.0,11.0,12.0,3.0,-1.0
2025,15,antonelli,mercedes,11,16,16,Finished,0.0,72,Dutch Grand Prix,Zandvoort,2025-08-31,conventional,11,0 days 00:01:09.845000,0 days 00:01:09.493000,,0,0,0,0,0.3333333333333333,10.333333333333334,0.0,11.0,6.0,8.0,4.5,7.333333333333333,15,1.0,10.333333333333334,8.0,-3.0,0.0,3.0,6.0,4.889079422793117,0.0,6.0,0.0,12.0,3.0,-12.0
2025,16,antonelli,mercedes,6,9,9,Finished,2.0,53,Italian Grand Prix,Monza,2025-09-07,conventional,7,0 days 00:01:19.747000,0 days 00:01:19.245000,0 days 00:01:19.200000,2,1,0,0,0.3333333333333333,11.0,0.0,12.0,6.0,6.5,4.833333333333333,7.666666666666667,11,0.0,11.0,9.0,2.0,2.0,0.0,2.0,1.6374553441384396,0.0,0.0,0.0,12.0,3.0,-12.0
2025,17,antonelli,mercedes,4,4,4,Finished,12.0,51,Azerbaijan Grand Prix,Baku,2025-09-21,conventional,4,0 days 00:01:42.247000,0 days 00:01:41.464000,0 days 00:01:41.717000,12,1,0,0,1.0,11.0,0.0,13.0,15.0,4.5,6.666666666666667,8.0,7,2.0,11.0,10.0,6.0,6.0,0.0,15.0,9.912391132051603,0.0,3.0,0.0,6.0,3.0,-6.0
2025,18,antonelli,mercedes,4,5,5,Finished,10.0,62,Singapore Grand Prix,Marina Bay,2025-10-05,conventional,4,0 days 00:01:30.036000,0 days 00:01:29.649000,0 days 00:01:29.537000,10,1,0,0,4.666666666666667,7.333333333333333,0.0,14.0,17.5,2.5,9.0,6.333333333333333,4,12.0,7.333333333333333,6.0,2.0,2.0,0.0,12.0,9.7957342304971,0.0,2.0,0.0,9.0,3.0,-9.0
2025,20,antonelli,mercedes,6,6,6,Finished,8.0,71,Mexico City Grand Prix,Mexico City,2025-10-26,conventional,6,0 days 00:01:17.291000,0 days 00:01:16.773000,0 days 00:01:16.118000,8,1,0,0,8.0,5.0,0.0,15.0,7.0,5.0,12.833333333333334,4.5,4,10.0,5.0,4.0,-2.0,0.0,2.0,8.0,10.520418158510713,0.0,0.0,0.0,5.0,3.0,-5.0
2025,22,antonelli,mercedes,17,3,3,Finished,15.0,50,Las Vegas Grand Prix,Las Vegas,2025-11-22,conventional,17,0 days 00:01:56.314000,,,15,1,1,0,10.0,4.666666666666667,0.0,16.0,16.5,10.5,13.166666666666666,4.0,6,8.0,4.666666666666667,4.0,-13.0,0.0,13.0,4.0,4.9771380464615875,11.0,0.0,0.0,5.0,3.0,-5.0
2025,24,antonelli,mercedes,14,15,15,Finished,0.0,58,Abu Dhabi Grand Prix,Yas Island,2025-12-07,conventional,14,0 days 00:01:22.894000,0 days 00:01:23.080000,,0,0,0,0,11.0,9.0,0.0,17.0,5.0,9.0,13.666666666666666,6.0,17,15.0,9.0,7.0,-7.0,0.0,7.0,0.0,2.5194385565164215,0.0,0.0,11.0,2.0,3.0,9.0
2024,2,bearman,ferrari,11,7,7,Finished,6.0,50,Saudi Arabian Grand Prix,Jeddah,2024-03-09,conventional,11,0 days 00:01:28.984000,0 days 00:01:28.642000,,6,1,0,0,,,,0.0,10.5,6.5,11.833333333333334,4.5,,,,,,,,,,,,0.0,0.0,0.0,0.0
2024,17,bearman,haas,10,10,10,Finished,1.0,51,Azerbaijan Grand Prix,Baku,2024-09-15,conventional,11,0 days 00:01:43.471000,0 days 00:01:42.968000,,1,1,0,0,6.0,11.0,0.0,1.0,0.5,12.0,0.16666666666666666,13.833333333333334,11,6.0,11.0,11.0,0.0,0.0,-0.0,0.0,0.1800615923764104,1.0,0.0,0.0,0.0,0.0,0.0
2025,1,bearman,haas,20,14,14,Finished,0.0,57,Australian Grand Prix,Melbourne,2025-03-16,conventional,20,,,,0,0,0,0,3.5,11.0,0.0,2.0,0.0,19.5,2.6666666666666665,9.5,11,1.0,11.0,10.0,-10.0,0.0,10.0,0.0,0.18488656169460604,0.0,0.0,0.0,0.0,0.0,0.0
2025,3,bearman,haas,10,10,10,Finished,1.0,53,Japanese Grand Prix,Suzuka,2025-04-06,conventional,10,0 days 00:01:28.228000,0 days 00:01:27.711000,0 days 00:01:27.867000,1,1,0,0,2.3333333333333335,14.0,0.0,3.0,0.5,14.0,1.3333333333333333,13.166666666666666,20,0.0,14.0,14.0,4.0,4.0,0.0,0.0,0.0,1.0,0.0,0.0,0.0,1.0,0.0
2025,4,bearman,haas,20,10,10,Finished,1.0,57,Bahrain Grand Prix,Sakhir,2025-04-13,conventional,20,0 days 00:01:32.373000,,,1,1,0,0,0.6666666666666666,13.666666666666666,0.0,4.0,2.5,17.0,0.8333333333333334,14.333333333333334,10,1.0,13.666666666666666,15.0,-5.0,0.0,5.0,0.0,0.0,1.0,0.0,1.0,0.0,2.0,1.0
2025,5,bearman,haas,15,13,13,Finished,0.0,50,Saudi Arabian Grand Prix,Jeddah,2025-04-20,conventional,15,0 days 00:01:28.536000,0 days 00:01:28.648000,,0,0,0,0,0.6666666666666666,16.666666666666668,0.0,5.0,0.0,17.0,1.0,16.833333333333332,20,1.0,16.666666666666668,17.0,2.0,2.0,0.0,0.0,0.8262964188659527,0.0,0.0,2.0,0.0,3.0,2.0
2025,7,bearman,haas,19,17,17,Finished,0.0,63,Emilia Romagna Grand Prix,Imola,2025-05-18,conventional,19,0 days 00:01:16.918000,,,0,0,0,0,0.6666666666666666,15.0,0.0,6.0,0.0,18.5,1.0,16.0,15,0.0,15.0,15.0,-4.0,0.0,4.0,0.0,0.0,0.0,0.0,2.0,0.0,3.0,2.0
2025,8,bearman,haas,20,12,12,Lapped,0.0,76,Monaco Grand Prix,Monaco,2025-05-25,conventional,17,0 days 00:01:11.979000,,,0,0,0,0,0.3333333333333333,18.0,0.0,7.0,3.0,12.5,0.8333333333333334,17.5,19,0.0,18.0,20.0,3.0,3.0,0.0,0.0,0.0,0.0,0.0,1.0,0.0,3.0,1.0
2025,9,bearman,haas,14,17,17,Finished,0.0,66,Spanish Grand Prix,Barcelona,2025-06-01,conventional,15,0 days 00:01:13.074000,0 days 00:01:13.315000,,0,0,0,0,0.0,17.0,0.0,8.0,0.0,16.0,1.0,16.0,17,0.0,17.0,18.0,3.0,3.0,0.0,0.0,0.036133137559398065,0.0,0.0,0.0,0.0,3.0,0.0
2025,10,bearman,haas,13,11,11,Lapped,0.0,69,Canadian Grand Prix,Montréal,2025-06-15,conventional,14,0 days 00:01:12.306000,0 days 00:01:12.340000,,0,0,0,0,0.0,17.0,0.0,9.0,1.0,14.5,1.0,15.666666666666666,15,0.0,17.0,18.0,4.0,4.0,0.0,0.0,0.17039636118287138,0.0,0.0,0.0,0.0,3.0,0.0
2025,11,bearman,haas,15,11,11,Lapped,0.0,69,Austrian Grand Prix,Spielberg,2025-06-29,conventional,15,0 days 00:01:05.218000,0 days 00:01:05.312000,,0,0,0,0,0.0,15.333333333333334,0.0,10.0,0.5,16.0,1.3333333333333333,14.333333333333334,14,0.0,15.333333333333334,17.0,2.0,2.0,0.0,0.0,0.28522545658396226,0.0,0.0,0.0,0.0,3.0,0.0
2025,12,bearman,haas,18,11,11,Finished,0.0,52,British Grand Prix,Silverstone,2025-07-06,conventional,8,0 days 00:01:26.005000,0 days 00:01:25.534000,0 days 00:01:25.471000,0,0,0,0,0.0,14.666666666666666,0.0,11.0,0.0,11.5,0.5,15.5,15,0.0,14.666666666666666,14.0,6.0,6.0,0.0,2.0,1.2144796252321566,0.0,2.0,0.0,0.0,3.0,0.0
2025,14,bearman,haas,11,20,R,Retired,0.0,48,Hungarian Grand Prix,Budapest,2025-08-03,conventional,11,0 days 00:01:15.750000,0 days 00:01:15.694000,,0,0,0,0,0.0,12.333333333333334,0.0,12.0,0.0,14.5,0.5,14.0,8,0.0,12.333333333333334,11.0,0.0,0.0,-0.0,0.0,1.366139030829312,0.0,0.0,0.0,2.0,3.0,-2.0
2025,15,bearman,haas,20,6,6,Finished,8.0,72,Dutch Grand Prix,Zandvoort,2025-08-31,conventional,19,0 days 00:01:10.262000,,,8,1,0,0,0.0,11.333333333333334,0.0,13.0,4.5,18.5,0.16666666666666666,14.0,11,0.0,11.333333333333334,11.0,-8.0,0.0,8.0,0.0,0.0,8.0,0.0,0.0,2.0,3.0,-2.0
2025,16,bearman,haas,11,12,12,Finished,0.0,53,Italian Grand Prix,Monza,2025-09-07,conventional,11,0 days 00:01:19.688000,0 days 00:01:19.446000,,0,0,0,0,2.6666666666666665,12.666666666666666,0.0,14.0,0.0,13.0,1.5,14.833333333333334,19,8.0,12.666666666666666,13.0,2.0,2.0,0.0,0.0,1.1341469843677374,0.0,0.0,8.0,2.0,3.0,6.0
2025,17,bearman,haas,15,12,12,Finished,0.0,51,Azerbaijan Grand Prix,Baku,2025-09-21,conventional,15,0 days 00:01:42.666000,,,0,0,0,0,2.6666666666666665,13.666666666666666,0.0,15.0,0.0,17.5,1.5,15.333333333333334,11,0.0,13.666666666666666,14.0,-1.0,0.0,1.0,0.0,0.022502230817375235,0.0,0.0,8.0,0.0,3.0,8.0
2025,18,bearman,haas,9,9,9,Finished,2.0,62,Singapore Grand Prix,Marina Bay,2025-10-05,conventional,9,0 days 00:01:30.420000,0 days 00:01:30.076000,0 days 00:01:29.868000,2,1,0,0,2.6666666666666665,15.0,0.0,16.0,1.0,13.0,1.5,16.333333333333332,15,0.0,15.0,14.0,5.0,5.0,0.0,0.0,1.4201496747255287,2.0,0.0,8.0,0.0,3.0,8.0
2025,20,bearman,haas,9,4,4,Finished,12.0,71,Mexico City Grand Prix,Mexico City,2025-10-26,conventional,10,0 days 00:01:17.040000,0 days 00:01:16.787000,0 days 00:01:16.460000,12,1,0,0,0.6666666666666666,11.666666666666666,0.0,17.0,7.0,11.0,0.3333333333333333,14.5,9,2.0,11.666666666666666,11.0,1.0,1.0,0.0,1.0,1.5542040485405044,11.0,0.0,2.0,0.0,3.0,2.0
2025,22,bearman,haas,14,10,10,Finished,1.0,50,Las Vegas Grand Prix,Las Vegas,2025-11-22,conventional,14,0 days 00:01:56.016000,0 days 00:01:53.094000,,1,1,0,0,4.666666666666667,11.333333333333334,0.0,18.0,1.5,13.5,2.6666666666666665,13.833333333333334,10,12.0,11.333333333333334,12.0,-2.0,0.0,2.0,0.0,0.9191835809240363,1.0,0.0,13.0,0.0,3.0,13.0
2025,24,bearman,haas,11,12,12,Finished,0.0,58,Abu Dhabi Grand Prix,Yas Island,2025-12-07,conventional,11,0 days 00:01:23.254000,0 days 00:01:23.041000,,0,0,0,0,5.0,11.0,0.0,19.0,3.0,9.5,3.1666666666666665,12.5,14,1.0,11.0,11.0,0.0,0.0,-0.0,0.0,0.7300326656424234,0.0,0.0,14.0,0.0,3.0,14.0
2025,1,bortoleto,sauber,15,16,R,Retired,0.0,45,Australian Grand Prix,Melbourne,2025-03-16,conventional,15,0 days 00:01:16.516000,0 days 00:01:17.520000,,0,0,0,0,,,,0.0,3.0,16.0,0.0,15.5,,,,,,,,,,,,0.0,0.0,0.0,0.0
2025,3,bortoleto,sauber,17,19,19,Finished,0.0,53,Japanese Grand Prix,Suzuka,2025-04-06,conventional,17,0 days 00:01:28.622000,,,0,0,0,0,0.0,15.0,0.0,1.0,0.0,16.5,1.0,15.0,15,0.0,15.0,15.0,-2.0,0.0,2.0,0.0,0.0,0.0,0.0,0.0,0.0,0.0,0.0
2025,4,bortoleto,sauber,18,18,18,Finished,0.0,57,Bahrain Grand Prix,Sakhir,2025-04-13,conventional,18,0 days 00:01:32.186000,,,0,0,0,0,0.0,16.0,0.0,2.0,0.0,17.0,1.0,15.166666666666666,17,0.0,16.0,18.0,0.0,0.0,-0.0,0.0,0.0,0.0,0.0,0.0,0.0,1.0,0.0
2025,5,bortoleto,sauber,20,18,18,Lapped,0.0,49,Saudi Arabian Grand Prix,Jeddah,2025-04-20,conventional,20,0 days 00:01:29.462000,,,0,0,0,0,0.0,16.666666666666668,0.0,3.0,0.0,19.0,1.0,16.5,18,0.0,16.666666666666668,18.0,-2.0,0.0,2.0,0.0,0.0,0.0,0.0,0.0,0.0,2.0,0.0
2025,7,bortoleto,sauber,14,18,18,Finished,0.0,63,Emilia Romagna Grand Prix,Imola,2025-05-18,conventional,14,0 days 00:01:16.340000,0 days 00:01:16.260000,,0,0,0,0,0.0,18.333333333333332,0.0,4.0,0.0,15.5,0.0,17.5,20,0.0,18.333333333333332,19.0,5.0,5.0,0.0,0.0,0.10722436038375172,0.0,0.0,0.0,0.0,3.0,0.0
2025,8,bortoleto,sauber,16,14,14,Lapped,0.0,76,Monaco Grand Prix,Monaco,2025-05-25,conventional,16,0 days 00:01:11.902000,,,0,0,0,0,0.0,17.333333333333332,0.0,5.0,0.0,14.5,0.0,17.166666666666668,14,0.0,17.333333333333332,19.0,3.0,3.0,0.0,0.0,0.022772962539600705,0.0,0.0,0.0,0.0,3.0,0.0
2025,9,bortoleto,sauber,12,12,12,Finished,0.0,66,Spanish Grand Prix,Barcelona,2025-06-01,conventional,12,0 days 00:01:13.045000,0 days 00:01:12.756000,,0,0,0,0,0.0,16.666666666666668,0.0,6.0,5.0,14.0,0.0,16.333333333333332,16,0.0,16.666666666666668,17.0,5.0,5.0,0.0,0.0,0.1904768494589586,0.0,0.0,0.0,0.0,3.0,0.0
2025,10,bortoleto,sauber,15,14,14,Lapped,0.0,69,Canadian Grand Prix,Montréal,2025-06-15,conventional,16,0 days 00:01:12.385000,,,0,0,0,0,0.0,14.0,0.0,7.0,2.0,14.5,1.6666666666666667,14.666666666666666,12,0.0,14.0,14.0,-2.0,0.0,2.0,0.0,0.22894414129581087,0.0,0.0,0.0,0.0,3.0,0.0
2025,11,bortoleto,sauber,8,8,8,Lapped,4.0,69,Austrian Grand Prix,Spielberg,2025-06-29,conventional,8,0 days 00:01:05.123000,0 days 00:01:04.846000,0 days 00:01:05.132000,4,1,0,0,0.0,14.666666666666666,0.0,8.0,3.0,14.0,2.3333333333333335,14.333333333333334,16,0.0,14.666666666666666,15.0,7.0,7.0,0.0,0.0,1.4835578862403205,4.0,0.0,0.0,0.0,3.0,0.0
2025,12,bortoleto,sauber,16,18,R,Retired,0.0,3,British Grand Prix,Silverstone,2025-07-06,conventional,17,0 days 00:01:26.446000,,,0,0,0,0,1.3333333333333333,12.0,0.0,9.0,7.5,18.0,3.3333333333333335,14.166666666666666,8,4.0,12.0,11.0,-6.0,0.0,6.0,0.0,0.20366613467544692,0.0,0.0,4.0,0.0,3.0,4.0
2025,14,bortoleto,sauber,7,6,6,Finished,8.0,70,Hungarian Grand Prix,Budapest,2025-08-03,conventional,7,0 days 00:01:15.586000,0 days 00:01:15.687000,0 days 00:01:15.725000,8,1,0,0,1.3333333333333333,13.666666666666666,0.0,10.0,4.0,13.0,4.166666666666667,15.5,17,0.0,13.666666666666666,13.0,6.0,6.0,0.0,4.0,3.542643010809406,4.0,0.0,4.0,0.0,3.0,4.0
2025,15,bortoleto,sauber,13,15,15,Finished,0.0,72,Dutch Grand Prix,Zandvoort,2025-08-31,conventional,13,0 days 00:01:10.037000,0 days 00:01:09.622000,,0,0,0,0,4.0,10.666666666666666,0.0,11.0,0.0,15.0,4.833333333333333,15.0,7,8.0,10.666666666666666,10.0,-3.0,0.0,3.0,0.0,1.1333891912883298,0.0,0.0,8.0,0.0,3.0,8.0
2025,16,bortoleto,sauber,7,8,8,Finished,4.0,53,Italian Grand Prix,Monza,2025-09-07,conventional,8,0 days 00:01:19.688000,0 days 00:01:19.323000,0 days 00:01:19.390000,4,1,0,0,2.6666666666666665,12.333333333333334,0.0,12.0,4.0,8.0,3.8333333333333335,15.333333333333334,13,0.0,12.333333333333334,12.0,4.0,4.0,0.0,4.0,1.8610156990766198,0.0,0.0,4.0,0.0,3.0,4.0
2025,17,bortoleto,sauber,13,11,11,Finished,0.0,51,Azerbaijan Grand Prix,Baku,2025-09-21,conventional,13,0 days 00:01:42.511000,0 days 00:01:42.277000,,0,0,0,0,4.0,9.333333333333334,0.0,13.0,0.0,15.0,2.6666666666666665,12.0,8,4.0,9.333333333333334,8.0,-5.0,0.0,5.0,0.0,0.6582046419304648,0.0,0.0,4.0,0.0,3.0,4.0
2025,18,bortoleto,sauber,14,17,17,Lapped,0.0,61,Singapore Grand Prix,Marina Bay,2025-10-05,conventional,14,0 days 00:01:30.820000,,,0,0,0,0,1.3333333333333333,11.333333333333334,0.0,14.0,0.0,12.5,1.3333333333333333,12.666666666666666,13,0.0,11.333333333333334,13.0,-1.0,0.0,1.0,0.0,0.3375092050251043,0.0,0.0,0.0,0.0,3.0,0.0
2025,20,bortoleto,sauber,16,10,10,Finished,1.0,71,Mexico City Grand Prix,Mexico City,2025-10-26,conventional,16,0 days 00:01:17.412000,,,1,1,0,0,1.3333333333333333,11.666666666666666,0.0,15.0,0.5,14.5,1.3333333333333333,11.833333333333334,14,0.0,11.666666666666666,12.0,-4.0,0.0,4.0,0.0,0.40700443826428145,1.0,0.0,0.0,0.0,3.0,0.0
2025,22,bortoleto,sauber,18,17,R,Retired,0.0,2,Las Vegas Grand Prix,Las Vegas,2025-11-22,conventional,18,0 days 00:01:56.674000,,,0,0,0,0,0.3333333333333333,14.333333333333334,0.0,16.0,3.0,14.5,0.16666666666666666,14.0,16,1.0,14.333333333333334,15.0,-3.0,0.0,3.0,0.0,2.7728939435718716,0.0,0.0,1.0,0.0,3.0,1.0
2025,24,bortoleto,sauber,7,11,11,Finished,0.0,58,Abu Dhabi Grand Prix,Yas Island,2025-12-07,conventional,7,0 days 00:01:23.374000,0 days 00:01:22.874000,0 days 00:01:22.904000,0,0,0,0,0.3333333333333333,16.0,0.0,17.0,1.0,12.5,1.1666666666666667,13.833333333333334,18,0.0,16.0,18.0,11.0,11.0,0.0,4.0,2.834912165861291,0.0,4.0,1.0,0.0,3.0,1.0
2018,1,bottas,mercedes,15,8,8,Finished,4.0,58,Australian Grand Prix,Melbourne,2018-03-25,conventional,10,0 days 00:01:23.686000,0 days 00:01:22.089000,,4,1,0,0,,,,0.0,11.0,5.5,,,,,,,,,,,,,,0.0,0.0,0.0,0.0
2018,2,bottas,mercedes,3,2,2,Finished,18.0,57,Bahrain Grand Prix,Sakhir,2018-04-08,conventional,3,0 days 00:01:29.275000,0 days 00:01:28.794000,0 days 00:01:28.124000,18,1,1,0,4.0,10.0,0.0,1.0,16.5,3.5,11.0,5.5,10,4.0,,,,,,,,,,0.0,0.0,0.0,0.0
2018,3,bottas,mercedes,3,2,2,Finished,18.0,56,Chinese Grand Prix,Shanghai,2018-04-15,conventional,3,0 days 00:01:32.921000,0 days 00:01:32.063000,0 days 00:01:31.625000,18,1,1,0,11.0,6.5,0.0,2.0,15.0,3.5,13.75,4.5,3,18.0,,,,,,,,,,0.0,0.0,0.0,0.0
2018,4,bottas,mercedes,3,14,R,Puncture,0.0,48,Azerbaijan Grand Prix,Baku,2018-04-29,conventional,3,0 days 00:01:43.355000,0 days 00:01:42.679000,0 days 00:01:41.837000,0,0,0,0,13.333333333333334,5.333333333333333,0.0,3.0,12.5,2.5,14.166666666666666,4.166666666666667,3,18.0,,,,,,,,,,0.0,0.0,0.0,0.0
2018,5,bottas,mercedes,2,2,2,Finished,18.0,66,Spanish Grand Prix,Barcelona,2018-05-13,conventional,2,0 days 00:01:17.674000,0 days 00:01:17.111000,0 days 00:01:16.213000,18,1,1,0,12.0,3.0,0.0,4.0,21.5,1.5,14.666666666666666,3.1666666666666665,3,0.0,,,,,,,,,,0.0,0.0,0.0,0.0
2018,6,bottas,mercedes,5,5,5,Finished,10.0,78,Monaco Grand Prix,Monte Carlo,2018-05-27,conventional,5,0 days 00:01:12.434000,0 days 00:01:12.002000,0 days 00:01:11.441000,10,1,0,0,12.0,2.6666666666666665,0.0,5.0,12.5,4.0,16.333333333333332,2.5,2,18.0,,,,,,,,,,0.0,0.0,0.0,0.0
2018,7,bottas,mercedes,2,2,2,Finished,18.0,68,Canadian Grand Prix,Montréal,2018-06-10,conventional,2,0 days 00:01:11.950000,0 days 00:01:11.514000,0 days 00:01:10.857000,18,1,1,0,9.333333333333334,3.3333333333333335,0.0,6.0,14.0,3.0,15.5,2.6666666666666665,5,10.0,,,,,,,,,,0.0,0.0,0.0,0.0
2018,8,bottas,mercedes,2,7,7,Finished,6.0,53,French Grand Prix,Le Castellet,2018-06-24,conventional,2,0 days 00:01:31.776000,0 days 00:01:31.227000,0 days 00:01:30.147000,6,1,0,0,15.333333333333334,3.0,0.0,7.0,15.5,1.5,16.0,2.8333333333333335,2,18.0,,,,,,,,,,0.0,0.0,0.0,0.0
2018,9,bottas,mercedes,1,19,R,Hydraulics,0.0,13,Austrian Grand Prix,Spielberg,2018-07-01,conventional,1,0 days 00:01:04.175000,0 days 00:01:03.756000,0 days 00:01:03.130000,0,0,0,0,11.333333333333334,3.0,0.0,8.0,0.0,1.5,14.0,2.8333333333333335,2,6.0,,,,,,,,,,0.0,0.0,0.0,0.0
2018,10,bottas,mercedes,4,4,4,Finished,12.0,52,British Grand Prix,Silverstone,2018-07-08,conventional,4,0 days 00:01:27.025000,0 days 00:01:26.413000,0 days 00:01:26.217000,12,1,0,0,8.0,1.6666666666666667,0.0,9.0,15.0,2.5,9.833333333333334,2.0,1,0.0,,,,,,,,,,0.0,0.0,0.0,0.0
2018,11,bottas,mercedes,2,2,2,Finished,18.0,67,German Grand Prix,Hockenheim,2018-07-22,conventional,2,0 days 00:01:12.962000,0 days 00:01:12.152000,0 days 00:01:11.416000,18,1,1,0,6.0,2.3333333333333335,0.0,10.0,21.5,8.0,10.166666666666666,1.8333333333333333,4,12.0,,,,,,,,,,0.0,0.0,0.0,0.0
2018,12,bottas,mercedes,2,5,5,Finished,10.0,70,Hungarian Grand Prix,Budapest,2018-07-29,conventional,2,0 days 00:01:17.123000,0 days 00:01:32.081000,0 days 00:01:35.918000,10,1,0,0,10.0,2.3333333333333335,0.0,11.0,17.5,1.5,12.166666666666666,4.0,2,18.0,,,,,,,,,,0.0,0.0,0.0,0.0
2018,13,bottas,mercedes,19,4,4,Finished,12.0,44,Belgian Grand Prix,Spa-Francorchamps,2018-08-26,conventional,10,0 days 00:01:42.805000,0 days 00:01:42.191000,,12,1,0,0,13.333333333333334,2.6666666666666665,0.0,12.0,15.0,5.5,18.0,4.0,2,10.0,,,,,,,,,,0.0,0.0,0.0,0.0
2018,14,bottas,mercedes,4,3,3,Finished,15.0,53,Italian Grand Prix,Monza,2018-09-02,conventional,4,0 days 00:01:21.381000,0 days 00:01:20.427000,0 days 00:01:19.656000,15,1,1,0,13.333333333333334,4.666666666666667,0.0,13.0,20.0,3.5,18.0,5.0,10,12.0,,,,,,,,,,0.0,0.0,0.0,0.0
2018,15,bottas,mercedes,4,4,4,Finished,12.0,61,Singapore Grand Prix,Singapore,2018-09-16,conventional,4,0 days 00:01:39.291000,0 days 00:01:37.254000,0 days 00:01:36.702000,12,1,0,0,12.333333333333334,5.333333333333333,0.0,14.0,18.5,2.5,17.5,3.5,4,15.0,,,,,,,,,,0.0,0.0,0.0,0.0
2018,16,bottas,mercedes,1,2,2,Finished,18.0,53,Russian Grand Prix,Sochi,2018-09-30,conventional,1,0 days 00:01:32.964000,0 days 00:01:32.744000,0 days 00:01:31.387000,18,1,1,0,13.0,6.0,0.0,15.0,21.5,1.5,17.833333333333332,3.8333333333333335,4,12.0,,,,,,,,,,0.0,0.0,0.0,0.0
2018,17,bottas,mercedes,2,2,2,Finished,18.0,53,Japanese Grand Prix,Suzuka,2018-10-07,conventional,2,0 days 00:01:29.297000,0 days 00:01:27.987000,0 days 00:01:28.059000,18,1,1,0,15.0,3.0,0.0,16.0,21.5,1.5,20.0,2.5,1,18.0,,,,,,,,,,0.0,0.0,0.0,0.0
2018,18,bottas,mercedes,3,5,5,Finished,10.0,56,United States Grand Prix,Austin,2018-10-21,conventional,4,0 days 00:01:34.518000,0 days 00:01:33.702000,0 days 00:01:32.616000,10,1,0,0,16.0,2.3333333333333335,0.0,17.0,12.5,2.5,20.5,1.8333333333333333,2,18.0,,,,,,,,,,0.0,0.0,0.0,0.0
2018,19,bottas,mercedes,5,5,5,+1 Lap,10.0,70,Mexican Grand Prix,Mexico City,2018-10-28,conventional,5,0 days 00:01:15.580000,0 days 00:01:15.923000,0 days 00:01:15.160000,10,1,0,0,15.333333333333334,2.3333333333333335,0.0,18.0,11.0,4.0,18.5,1.8333333333333333,4,10.0,,,,,,,,,,0.0,0.0,0.0,0.0
2018,20,bottas,mercedes,3,5,5,Finished,10.0,71,Brazilian Grand Prix,São Paulo,2018-11-11,conventional,3,0 days 00:01:08.492000,0 days 00:01:07.727000,0 days 00:01:07.441000,10,1,0,0,12.666666666666666,3.6666666666666665,0.0,19.0,17.5,2.0,15.0,2.6666666666666665,5,10.0,,,,,,,,,,0.0,0.0,0.0,0.0
2018,21,bottas,mercedes,2,5,5,Finished,10.0,55,Abu Dhabi Grand Prix,Yas Marina,2018-11-25,conventional,2,0 days 00:01:36.789000,0 days 00:01:36.392000,0 days 00:01:34.956000,10,1,0,0,10.0,4.0,0.0,20.0,17.5,1.5,13.666666666666666,2.8333333333333335,3,10.0,,,,,,,,,,0.0,0.0,0.0,0.0
2019,1,bottas,mercedes,2,1,1,Finished,26.0,58,Australian Grand Prix,Melbourne,2019-03-17,conventional,2,0 days 00:01:22.367000,0 days 00:01:21.193000,0 days 00:01:20.598000,25,1,1,0,10.0,3.3333333333333335,0.0,21.0,21.5,1.5,15.333333333333334,2.5,2,10.0,,,,,,,,,,0.0,0.0,0.0,0.0
2019,2,bottas,mercedes,4,2,2,Finished,18.0,57,Bahrain Grand Prix,Sakhir,2019-03-31,conventional,4,0 days 00:01:29.498000,0 days 00:01:28.830000,0 days 00:01:28.256000,18,1,1,0,15.0,2.3333333333333335,0.0,22.0,21.5,3.5,18.833333333333332,1.6666666666666667,2,25.0,,,,,,,,,,0.0,0.0,0.0,0.0
2019,3,bottas,mercedes,1,2,2,Finished,18.0,56,Chinese Grand Prix,Shanghai,2019-04-14,conventional,1,0 days 00:01:32.658000,0 days 00:01:31.728000,0 days 00:01:31.547000,18,1,1,0,17.666666666666668,2.6666666666666665,0.0,23.0,21.5,1.5,20.166666666666668,2.1666666666666665,4,18.0,,,,,,,,,,0.0,0.0,0.0,0.0
2019,4,bottas,mercedes,1,1,1,Finished,25.0,51,Azerbaijan Grand Prix,Baku,2019-04-28,conventional,1,0 days 00:01:42.026000,0 days 00:01:41.500000,0 days 00:01:40.495000,25,1,1,0,20.333333333333332,2.3333333333333335,0.0,24.0,21.5,1.5,21.5,2.1666666666666665,1,18.0,,,,,,,,,,0.0,0.0,0.0,0.0
2019,5,bottas,mercedes,1,2,2,Finished,18.0,66,Spanish Grand Prix,Barcelona,2019-05-12,conventional,1,0 days 00:01:16.979000,0 days 00:01:15.924000,0 days 00:01:15.406000,18,1,1,0,20.333333333333332,2.0,0.0,25.0,21.5,1.5,21.5,2.1666666666666665,1,25.0,,,,,,,,,,0.0,0.0,0.0,0.0
2019,6,bottas,mercedes,2,3,3,Finished,15.0,78,Monaco Grand Prix,Monte Carlo,2019-05-26,conventional,2,0 days 00:01:11.562000,0 days 00:01:10.701000,0 days 00:01:10.252000,15,1,1,0,20.333333333333332,1.0,0.0,26.0,20.0,1.5,21.5,1.5,1,18.0,,,,,,,,,,0.0,0.0,0.0,0.0
2019,7,bottas,mercedes,6,4,4,Finished,13.0,70,Canadian Grand Prix,Montréal,2019-06-09,conventional,6,0 days 00:01:11.229000,0 days 00:01:11.095000,0 days 00:01:11.101000,12,1,0,0,19.333333333333332,1.3333333333333333,0.0,27.0,18.5,4.0,21.0,1.5,2,15.0,,,,,,,,,,0.0,0.0,0.0,0.0
2019,8,bottas,mercedes,2,2,2,Finished,18.0,53,French Grand Prix,Le Castellet,2019-06-23,conventional,2,0 days 00:01:30.550000,0 days 00:01:29.437000,0 days 00:01:28.605000,18,1,1,0,15.0,3.0,0.0,28.0,21.5,1.5,20.0,2.3333333333333335,6,12.0,,,,,,,,,,0.0,0.0,0.0,0.0
2019,9,bottas,mercedes,3,3,3,Finished,15.0,71,Austrian Grand Prix,Spielberg,2019-06-30,conventional,4,0 days 00:01:04.084000,0 days 00:01:03.863000,0 days 00:01:03.537000,15,1,1,0,15.0,3.3333333333333335,0.0,29.0,12.5,3.0,20.0,2.3333333333333335,2,18.0,,,,,,,,,,0.0,0.0,0.0,0.0
2019,10,bottas,mercedes,1,2,2,Finished,18.0,52,British Grand Prix,Silverstone,2019-07-14,conventional,1,0 days 00:01:25.750000,0 days 00:01:25.672000,0 days 00:01:25.093000,18,1,1,0,15.0,4.0,0.0,30.0,21.5,1.5,17.5,2.8333333333333335,4,15.0,,,,,,,,,,0.0,0.0,0.0,0.0
2019,11,bottas,mercedes,3,15,R,Accident,0.0,56,German Grand Prix,Hockenheim,2019-07-28,conventional,3,0 days 00:01:13.075000,0 days 00:01:12.424000,0 days 00:01:12.129000,0,0,0,1,17.0,2.3333333333333335,0.0,31.0,1.0,2.0,18.5,2.0,1,18.0,,,,,,,,,,0.0,0.0,0.0,0.0
2019,12,bottas,mercedes,2,8,8,+1 Lap,4.0,69,Hungarian Grand Prix,Budapest,2019-08-04,conventional,2,0 days 00:01:16.078000,0 days 00:01:15.669000,0 days 00:01:14.590000,4,1,0,0,11.0,2.6666666666666665,0.1,32.0,14.5,2.5,11.666666666666666,2.1666666666666665,3,0.0,,,,,,,,,,0.0,0.0,0.0,0.0
2019,13,bottas,mercedes,4,3,3,Finished,15.0,44,Belgian Grand Prix,Spa-Francorchamps,2019-09-01,conventional,4,0 days 00:01:45.141000,0 days 00:01:43.980000,0 days 00:01:43.415000,15,1,1,0,7.333333333333333,2.0,0.1,33.0,16.5,3.5,12.333333333333334,2.0,2,4.0,,,,,,,,,,0.0,0.0,0.0,0.0
2019,14,bottas,mercedes,3,2,2,Finished,18.0,53,Italian Grand Prix,Monza,2019-09-08,conventional,3,0 days 00:01:20.156000,0 days 00:01:20.018000,0 days 00:01:19.354000,18,1,1,0,6.333333333333333,3.0,0.1,34.0,16.5,2.5,10.666666666666666,2.6666666666666665,4,15.0,,,,,,,,,,0.0,0.0,0.0,0.0
2019,15,bottas,mercedes,5,5,5,Finished,10.0,61,Singapore Grand Prix,Singapore,2019-09-22,conventional,5,0 days 00:01:37.317000,0 days 00:01:37.142000,0 days 00:01:37.146000,10,1,0,0,12.333333333333334,3.0,0.1,35.0,11.0,3.5,15.833333333333334,2.8333333333333335,3,18.0,,,,,,,,,,0.0,0.0,0.0,0.0
2019,16,bottas,mercedes,4,2,2,Finished,18.0,53,Russian Grand Prix,Sochi,2019-09-29,conventional,5,0 days 00:01:33.413000,0 days 00:01:33.281000,0 days 00:01:32.632000,18,1,1,0,14.333333333333334,4.0,0.1,36.0,21.5,3.5,14.666666666666666,3.1666666666666665,5,10.0,,,,,,,,,,0.0,0.0,0.0,0.0
2019,17,bottas,mercedes,3,1,1,Finished,25.0,52,Japanese Grand Prix,Suzuka,2019-10-13,conventional,3,0 days 00:01:28.896000,0 days 00:01:27.688000,0 days 00:01:27.293000,25,1,1,0,15.333333333333334,4.333333333333333,0.1,37.0,20.0,3.5,16.333333333333332,3.1666666666666665,5,18.0,,,,,,,,,,0.0,0.0,0.0,0.0
2019,18,bottas,mercedes,6,3,3,Finished,15.0,71,Mexican Grand Prix,Mexico City,2019-10-27,conventional,6,0 days 00:01:17.062000,0 days 00:01:15.852000,0 days 00:01:15.338000,15,1,1,0,17.666666666666668,4.333333333333333,0.1,38.0,20.0,5.0,17.5,3.5,3,25.0,,,,,,,,,,0.0,0.0,0.0,0.0
2019,19,bottas,mercedes,1,1,1,Finished,25.0,56,United States Grand Prix,Austin,2019-11-03,conventional,1,0 days 00:01:33.750000,0 days 00:01:33.160000,0 days 00:01:32.029000,25,1,1,0,19.333333333333332,4.666666666666667,0.1,39.0,21.5,3.0,20.5,4.0,6,15.0,,,,,,,,,,0.0,0.0,0.0,0.0
2019,20,bottas,mercedes,4,20,R,Power Unit,0.0,51,Brazilian Grand Prix,São Paulo,2019-11-17,conventional,5,0 days 00:01:08.545000,0 days 00:01:08.232000,0 days 00:01:07.874000,0,0,0,0,21.666666666666668,3.3333333333333335,0.1,40.0,3.0,4.0,20.5,3.8333333333333335,1,25.0,,,,,,,,,,0.0,0.0,0.0,0.0
2019,21,bottas,mercedes,20,4,4,Finished,12.0,55,Abu Dhabi Grand Prix,Yas Island,2019-12-01,conventional,2,0 days 00:01:36.200000,0 days 00:01:35.674000,0 days 00:01:34.973000,12,1,0,0,13.333333333333334,4.0,0.1,41.0,18.5,1.5,14.833333333333334,4.0,5,0.0,,,,,,,,,,0.0,0.0,0.0,0.0
2020,1,bottas,mercedes,1,1,1,Finished,25.0,71,Austrian Grand Prix,Spielberg,2020-07-05,conventional,1,0 days 00:01:04.111000,0 days 00:01:03.015000,0 days 00:01:02.939000,25,1,1,0,12.333333333333334,2.6666666666666665,0.0,42.0,18.5,1.5,14.333333333333334,2.8333333333333335,2,12.0,2.6666666666666665,2.0,1.0,1.0,0.0,18.0,15.548723607969194,7.0,0.0,0.0,0.0,0.0,0.0
2020,2,bottas,mercedes,4,2,2,Finished,18.0,71,Styrian Grand Prix,Spielberg,2020-07-12,conventional,4,0 days 00:01:18.791000,0 days 00:01:18.657000,0 days 00:01:20.701000,18,1,1,0,12.333333333333334,2.6666666666666665,0.0,43.0,21.5,2.5,13.333333333333334,2.3333333333333335,1,25.0,2.6666666666666665,3.0,-1.0,0.0,1.0,12.0,9.419369732929576,6.0,0.0,7.0,0.0,1.0,7.0
2020,3,bottas,mercedes,2,3,3,Finished,15.0,70,Hungarian Grand Prix,Budapest,2020-07-19,conventional,2,0 days 00:01:15.474000,0 days 00:01:14.530000,0 days 00:01:13.554000,15,1,1,0,18.333333333333332,2.3333333333333335,0.0,44.0,20.0,1.5,19.5,1.8333333333333333,4,18.0,2.3333333333333335,2.0,0.0,0.0,-0.0,18.0,11.24317837174426,0.0,3.0,13.0,0.0,2.0,13.0
2020,4,bottas,mercedes,2,11,11,Finished,0.0,52,British Grand Prix,Silverstone,2020-08-02,conventional,2,0 days 00:01:25.801000,0 days 00:01:25.015000,0 days 00:01:24.616000,0,0,0,0,19.333333333333332,2.3333333333333335,0.0,45.0,12.5,1.5,20.0,1.8333333333333333,2,15.0,2.3333333333333335,2.0,0.0,0.0,-0.0,18.0,17.886216811373625,0.0,18.0,13.0,3.0,3.0,10.0
2020,5,bottas,mercedes,1,3,3,Finished,15.0,52,70th Anniversary Grand Prix,Silverstone,2020-08-09,conventional,1,0 days 00:01:26.738000,0 days 00:01:25.785000,0 days 00:01:25.154000,15,1,1,0,11.0,2.6666666666666665,0.0,46.0,16.5,1.5,18.0,1.8333333333333333,2,0.0,2.6666666666666665,2.0,1.0,1.0,0.0,18.0,11.868979170878122,0.0,3.0,6.0,21.0,3.0,-15.0
2020,6,bottas,mercedes,2,3,3,Finished,16.0,66,Spanish Grand Prix,Barcelona,2020-08-16,conventional,2,0 days 00:01:17.243000,0 days 00:01:16.152000,0 days 00:01:15.643000,15,1,1,0,10.0,1.6666666666666667,0.0,47.0,20.0,1.5,16.333333333333332,1.5,1,15.0,1.6666666666666667,2.0,0.0,0.0,-0.0,18.0,12.589257459971453,0.0,3.0,0.0,24.0,3.0,-24.0
2020,7,bottas,mercedes,2,2,2,Finished,18.0,44,Belgian Grand Prix,Spa-Francorchamps,2020-08-30,conventional,2,0 days 00:01:42.534000,0 days 00:01:42.126000,0 days 00:01:41.763000,18,1,1,0,10.0,1.6666666666666667,0.0,48.0,21.5,1.5,16.333333333333332,1.5,2,15.0,1.6666666666666667,2.0,0.0,0.0,-0.0,15.0,14.759035999492733,3.0,0.0,0.0,24.0,3.0,-24.0
2020,8,bottas,mercedes,2,5,5,Finished,10.0,53,Italian Grand Prix,Monza,2020-09-06,conventional,2,0 days 00:01:19.786000,0 days 00:01:18.952000,0 days 00:01:18.956000,10,1,0,0,16.0,1.6666666666666667,0.0,49.0,8.0,1.5,19.333333333333332,1.5,2,18.0,1.6666666666666667,2.0,0.0,0.0,-0.0,18.0,16.754403002380663,0.0,8.0,3.0,6.0,3.0,-3.0
2020,9,bottas,mercedes,2,2,2,Finished,18.0,59,Tuscan Grand Prix,Mugello,2020-09-13,conventional,2,0 days 00:01:15.749000,0 days 00:01:15.322000,0 days 00:01:15.203000,18,1,1,0,14.333333333333334,2.0,0.0,50.0,21.5,1.5,16.5,1.5,2,10.0,2.0,2.0,0.0,0.0,-0.0,15.0,16.28802018154731,3.0,0.0,3.0,11.0,3.0,-8.0
2020,10,bottas,mercedes,3,1,1,Finished,26.0,53,Russian Grand Prix,Sochi,2020-09-27,conventional,3,0 days 00:01:32.656000,0 days 00:01:32.405000,0 days 00:01:31.956000,25,1,1,0,15.333333333333334,2.0,0.0,51.0,20.0,2.0,17.0,1.5,2,18.0,2.0,2.0,-1.0,0.0,1.0,15.0,10.855648158785222,10.0,0.0,6.0,8.0,3.0,-2.0
2020,11,bottas,mercedes,1,19,R,Power Unit,0.0,18,Eifel Grand Prix,Nürburgring,2020-10-11,conventional,1,0 days 00:01:26.573000,0 days 00:01:25.971000,0 days 00:01:25.269000,0,0,0,0,17.666666666666668,2.3333333333333335,0.0,52.0,12.5,1.5,16.5,1.6666666666666667,3,25.0,2.3333333333333335,2.0,1.0,1.0,0.0,18.0,17.125121204229888,0.0,18.0,13.0,8.0,3.0,5.0
2020,12,bottas,mercedes,2,2,2,Finished,18.0,66,Portuguese Grand Prix,Portimão,2020-10-25,conventional,2,0 days 00:01:16.945000,0 days 00:01:16.466000,0 days 00:01:16.754000,18,1,1,0,14.333333333333334,2.0,0.0,53.0,21.5,1.5,18.0,1.6666666666666667,1,0.0,2.0,2.0,0.0,0.0,-0.0,25.0,18.059731742556906,0.0,7.0,13.0,18.0,3.0,-5.0
2020,13,bottas,mercedes,1,2,2,Finished,18.0,63,Emilia Romagna Grand Prix,Imola,2020-11-01,conventional,1,0 days 00:01:14.221000,0 days 00:01:14.585000,0 days 00:01:13.609000,18,1,1,0,14.333333333333334,2.0,0.0,54.0,21.5,1.5,18.0,1.6666666666666667,2,18.0,2.0,2.0,1.0,1.0,0.0,18.0,19.87798235932992,0.0,0.0,10.0,25.0,3.0,-15.0
2020,14,bottas,mercedes,9,14,14,+1 Lap,0.0,57,Turkish Grand Prix,Istanbul,2020-11-15,conventional,9,0 days 00:02:07.001000,0 days 00:01:53.767000,0 days 00:01:53.258000,0,0,0,0,12.0,1.3333333333333333,0.0,55.0,12.5,7.5,18.5,1.5,1,18.0,1.3333333333333333,1.0,-8.0,0.0,8.0,18.0,14.326996435102739,0.0,18.0,0.0,25.0,3.0,-25.0
2020,15,bottas,mercedes,2,8,8,Finished,4.0,57,Bahrain Grand Prix,Sakhir,2020-11-29,conventional,2,0 days 00:01:28.767000,0 days 00:01:28.063000,0 days 00:01:27.553000,4,1,0,0,12.0,4.0,0.0,56.0,14.5,1.5,18.5,3.5,9,0.0,4.0,3.0,1.0,1.0,0.0,18.0,13.382208857157682,0.0,14.0,0.0,25.0,3.0,-25.0
2020,16,bottas,mercedes,1,8,8,Finished,4.0,87,Sakhir Grand Prix,Sakhir,2020-12-06,conventional,1,0 days 00:00:53.904000,0 days 00:00:53.803000,0 days 00:00:53.377000,4,1,0,0,7.333333333333333,4.0,0.0,57.0,3.0,1.5,16.166666666666668,3.5,2,4.0,4.0,2.0,1.0,1.0,0.0,18.0,12.905096213273236,0.0,14.0,0.0,32.0,3.0,-32.0
2020,17,bottas,mercedes,2,2,2,Finished,18.0,55,Abu Dhabi Grand Prix,Yas Island,2020-12-13,conventional,2,0 days 00:01:35.699000,0 days 00:01:35.527000,0 days 00:01:35.271000,18,1,1,0,2.6666666666666665,4.0,0.0,58.0,16.5,2.5,10.0,3.5,1,4.0,4.0,3.0,1.0,1.0,0.0,15.0,9.096913246441378,3.0,0.0,0.0,46.0,3.0,-46.0
2021,1,bottas,mercedes,3,3,3,Finished,16.0,56,Bahrain Grand Prix,Sakhir,2021-03-28,conventional,3,0 days 00:01:31.200000,0 days 00:01:30.186000,0 days 00:01:29.586000,15,1,1,0,8.666666666666666,1.6666666666666667,0.0,59.0,20.0,2.5,11.333333333333334,1.8333333333333333,2,18.0,1.6666666666666667,1.0,-2.0,0.0,2.0,18.0,15.874700100010212,0.0,3.0,0.0,0.0,0.0,0.0
2021,2,bottas,mercedes,8,18,R,Collision,0.0,30,Emilia Romagna Grand Prix,Imola,2021-04-18,conventional,8,0 days 00:01:14.672000,0 days 00:01:14.905000,0 days 00:01:14.898000,0,0,0,1,12.333333333333334,2.0,0.0,60.0,9.0,4.5,13.166666666666666,2.1666666666666665,3,15.0,2.0,2.0,-6.0,0.0,6.0,15.0,13.757368415155092,0.0,15.0,0.0,3.0,1.0,-3.0
2021,3,bottas,mercedes,1,3,3,Finished,16.0,66,Portuguese Grand Prix,Portimão,2021-05-02,conventional,1,0 days 00:01:18.722000,0 days 00:01:18.458000,0 days 00:01:18.348000,15,1,1,0,11.0,4.333333333333333,0.1,61.0,20.0,1.5,15.166666666666666,3.1666666666666665,8,0.0,4.333333333333333,3.0,2.0,2.0,0.0,18.0,13.80229772591201,0.0,3.0,0.0,18.0,2.0,-18.0
2021,4,bottas,mercedes,3,3,3,Finished,15.0,66,Spanish Grand Prix,Barcelona,2021-05-09,conventional,3,0 days 00:01:18.005000,0 days 00:01:17.142000,0 days 00:01:16.873000,15,1,1,0,10.0,4.0,0.1,62.0,20.0,2.0,16.333333333333332,2.8333333333333335,1,15.0,4.0,3.0,0.0,0.0,-0.0,15.0,14.018938948628945,0.0,0.0,0.0,21.0,3.0,-21.0
2021,5,bottas,mercedes,3,19,R,Wheel nut,0.0,29,Monaco Grand Prix,Monte Carlo,2021-05-23,conventional,3,0 days 00:01:10.938000,0 days 00:01:10.695000,0 days 00:01:10.601000,0,0,0,0,10.0,4.0,0.1,63.0,3.0,5.0,16.333333333333332,2.6666666666666665,3,15.0,4.0,3.0,0.0,0.0,-0.0,18.0,16.035467653088105,0.0,18.0,0.0,18.0,3.0,-18.0
2021,6,bottas,mercedes,10,12,12,Finished,0.0,51,Azerbaijan Grand Prix,Baku,2021-06-06,conventional,10,0 days 00:01:42.701000,0 days 00:01:42.106000,0 days 00:01:42.659000,0,0,0,0,10.0,2.3333333333333335,0.1,64.0,0.0,6.0,14.333333333333334,2.8333333333333335,3,0.0,2.3333333333333335,1.0,-9.0,0.0,9.0,8.0,8.40178383868479,0.0,8.0,0.0,21.0,3.0,-21.0
2021,7,bottas,mercedes,3,4,4,Finished,12.0,53,French Grand Prix,Le Castellet,2021-06-20,conventional,3,0 days 00:01:31.669000,0 days 00:01:30.735000,0 days 00:01:30.376000,12,1,0,0,5.0,5.333333333333333,0.1,65.0,15.0,2.5,7.666666666666667,4.333333333333333,10,0.0,5.333333333333333,5.0,2.0,2.0,0.0,18.0,9.293283473988161,0.0,6.0,0.0,26.0,3.0,-26.0
2021,8,bottas,mercedes,5,3,3,Finished,15.0,71,Styrian Grand Prix,Spielberg,2021-06-27,conventional,2,0 days 00:01:04.537000,0 days 00:01:04.443000,0 days 00:01:04.035000,15,1,1,0,4.0,5.333333333333333,0.1,66.0,16.5,2.5,6.0,4.5,3,12.0,5.333333333333333,5.0,3.0,3.0,0.0,15.0,11.690707475114875,0.0,0.0,0.0,32.0,3.0,-32.0
2021,9,bottas,mercedes,5,2,2,Finished,18.0,71,Austrian Grand Prix,Spielberg,2021-07-04,conventional,5,0 days 00:01:04.563000,0 days 00:01:04.376000,0 days 00:01:04.049000,18,1,1,0,9.0,5.0,0.1,67.0,15.0,4.5,10.5,3.6666666666666665,2,15.0,5.0,3.0,-2.0,0.0,2.0,10.0,9.011071824158199,8.0,0.0,0.0,14.0,3.0,-14.0
2021,11,bottas,mercedes,2,16,R,Collision,0.0,0,Hungarian Grand Prix,Budapest,2021-08-01,conventional,2,0 days 00:01:16.569000,0 days 00:01:16.702000,0 days 00:01:15.734000,0,0,0,1,15.0,3.3333333333333335,0.1,68.0,9.0,1.5,15.5,3.1666666666666665,5,18.0,3.3333333333333335,3.0,1.0,1.0,0.0,18.0,13.02459061055124,0.0,18.0,8.0,6.0,3.0,2.0
2021,12,bottas,mercedes,13,12,12,Finished,0.0,1,Belgian Grand Prix,Spa-Francorchamps,2021-08-29,conventional,8,0 days 00:01:59.870000,0 days 00:01:56.295000,0 days 00:02:02.502000,0,0,0,0,11.0,3.0,0.2,69.0,7.5,5.5,13.5,2.8333333333333335,2,0.0,3.0,3.0,-5.0,0.0,5.0,1.0,4.414471118519072,0.0,1.0,8.0,18.0,3.0,-10.0
2021,13,bottas,mercedes,3,3,3,Finished,15.0,72,Dutch Grand Prix,Zandvoort,2021-09-05,conventional,3,0 days 00:01:10.219000,0 days 00:01:09.769000,0 days 00:01:09.222000,15,1,1,0,6.0,5.0,0.2,70.0,16.5,2.5,10.5,3.8333333333333335,8,0.0,5.0,4.0,1.0,1.0,0.0,15.0,13.979863762679052,0.0,0.0,8.0,19.0,3.0,-11.0
2021,15,bottas,mercedes,16,5,5,Finished,10.0,53,Russian Grand Prix,Sochi,2021-09-26,conventional,7,0 days 00:01:46.396000,0 days 00:01:45.306000,0 days 00:01:44.710000,10,1,0,0,5.0,4.333333333333333,0.1,71.0,17.5,5.5,11.0,3.1666666666666665,3,15.0,4.333333333333333,3.0,-4.0,0.0,4.0,15.0,8.888822125659855,0.0,5.0,0.0,19.0,3.0,-19.0
2021,16,bottas,mercedes,1,1,1,Finished,26.0,58,Turkish Grand Prix,Istanbul,2021-10-10,conventional,2,0 days 00:01:25.047000,0 days 00:01:23.579000,0 days 00:01:22.998000,25,1,1,0,8.333333333333334,6.0,0.1,72.0,17.5,1.5,13.833333333333334,4.5,7,10.0,6.0,3.0,1.0,1.0,0.0,15.0,12.520547251731061,10.0,0.0,0.0,6.0,3.0,-6.0
2021,17,bottas,mercedes,9,6,6,Finished,8.0,56,United States Grand Prix,Austin,2021-10-24,conventional,4,0 days 00:01:34.590000,0 days 00:01:33.959000,0 days 00:01:33.475000,8,1,0,0,16.666666666666668,4.0,0.1,73.0,13.0,3.0,17.166666666666668,3.1666666666666665,2,25.0,4.0,2.0,-2.0,0.0,2.0,15.0,11.23772329826279,0.0,7.0,10.0,5.0,3.0,5.0
2021,18,bottas,mercedes,1,15,15,+2 Laps,0.0,69,Mexico City Grand Prix,Mexico City,2021-11-07,conventional,1,0 days 00:01:16.727000,0 days 00:01:16.864000,0 days 00:01:15.875000,0,0,0,0,14.333333333333334,4.333333333333333,0.1,74.0,9.0,1.5,16.0,3.3333333333333335,4,8.0,4.333333333333333,2.0,1.0,1.0,0.0,25.0,15.511966967748798,0.0,25.0,10.0,12.0,3.0,-2.0
2021,20,bottas,mercedes,6,20,R,Damage,0.0,48,Qatar Grand Prix,Lusail,2021-11-21,conventional,3,0 days 00:01:22.016000,0 days 00:01:21.991000,0 days 00:01:21.478000,0,0,0,0,11.0,2.3333333333333335,0.1,75.0,12.5,2.0,13.166666666666666,2.0,1,0.0,2.3333333333333335,2.0,-1.0,0.0,1.0,15.0,9.244959399375997,0.0,15.0,10.0,32.0,3.0,-22.0
2021,21,bottas,mercedes,2,3,3,Finished,15.0,50,Saudi Arabian Grand Prix,Jeddah,2021-12-05,conventional,2,0 days 00:01:28.057000,0 days 00:01:28.054000,0 days 00:01:27.622000,15,1,1,0,2.6666666666666665,2.6666666666666665,0.1,76.0,20.0,1.5,11.5,2.1666666666666665,3,0.0,2.6666666666666665,3.0,1.0,1.0,0.0,10.0,7.2185354658824235,5.0,0.0,0.0,47.0,3.0,-47.0
2021,22,bottas,mercedes,6,6,6,Finished,8.0,58,Abu Dhabi Grand Prix,Yas Island,2021-12-12,conventional,6,0 days 00:01:23.117000,0 days 00:01:23.246000,0 days 00:01:23.036000,8,1,0,0,5.0,2.0,0.1,77.0,13.0,4.0,13.833333333333334,1.6666666666666667,2,15.0,2.0,2.0,-4.0,0.0,4.0,12.0,11.96628739450862,0.0,4.0,5.0,40.0,3.0,-35.0
2022,1,bottas,alfa,6,6,6,Finished,8.0,57,Bahrain Grand Prix,Sakhir,2022-03-20,conventional,6,0 days 00:01:31.919000,0 days 00:01:31.717000,0 days 00:01:31.560000,8,1,0,0,7.666666666666667,3.6666666666666665,0.1,78.0,4.5,10.5,0.3333333333333333,14.666666666666666,6,8.0,3.6666666666666665,3.0,-3.0,0.0,3.0,2.0,4.083594772847443,6.0,0.0,0.0,0.0,0.0,0.0
2022,2,bottas,alfa,8,15,R,Cooling system,0.0,36,Saudi Arabian Grand Prix,Jeddah,2022-03-27,conventional,8,0 days 00:01:29.683000,0 days 00:01:29.404000,0 days 00:01:29.183000,0,0,0,0,10.333333333333334,4.666666666666667,0.0,79.0,0.0,10.5,1.8333333333333333,12.5,6,8.0,4.666666666666667,5.0,-3.0,0.0,3.0,0.0,1.4605966306995555,0.0,0.0,6.0,0.0,1.0,6.0
2022,3,bottas,alfa,12,8,8,Finished,4.0,58,Australian Grand Prix,Melbourne,2022-04-10,conventional,12,0 days 00:01:19.251000,0 days 00:01:19.410000,,4,1,0,0,5.333333333333333,6.666666666666667,0.0,80.0,2.0,13.0,1.5,12.333333333333334,8,0.0,6.666666666666667,5.0,-7.0,0.0,7.0,0.0,1.0930988910242592,4.0,0.0,6.0,0.0,2.0,6.0
2022,5,bottas,alfa,5,7,7,Finished,6.0,57,Miami Grand Prix,Miami,2022-05-08,conventional,5,0 days 00:01:30.845000,0 days 00:01:29.751000,0 days 00:01:29.475000,6,1,0,0,4.0,8.666666666666666,0.0,81.0,3.0,11.0,2.1666666666666665,11.333333333333334,12,4.0,8.666666666666666,8.0,3.0,3.0,0.0,8.0,8.02309307270328,0.0,2.0,10.0,0.0,3.0,10.0
2022,6,bottas,alfa,7,6,6,Finished,8.0,66,Spanish Grand Prix,Barcelona,2022-05-22,conventional,7,0 days 00:01:20.355000,0 days 00:01:20.053000,0 days 00:01:19.608000,8,1,0,0,3.3333333333333335,8.333333333333334,0.0,82.0,4.0,11.0,1.6666666666666667,11.5,5,6.0,8.333333333333334,7.0,0.0,0.0,-0.0,6.0,7.444871124805921,2.0,0.0,4.0,2.0,3.0,2.0
2022,7,bottas,alfa,12,9,9,Finished,2.0,64,Monaco Grand Prix,Monaco,2022-05-29,conventional,12,0 days 00:01:13.541000,0 days 00:01:12.909000,,2,1,0,0,6.0,8.0,0.0,83.0,1.0,16.0,3.0,11.666666666666666,7,8.0,8.0,8.0,-4.0,0.0,4.0,0.0,2.4693371540838496,2.0,0.0,6.0,2.0,3.0,4.0
2022,8,bottas,alfa,15,11,11,+1 Lap,0.0,50,Azerbaijan Grand Prix,Baku,2022-06-12,conventional,15,0 days 00:01:44.478000,0 days 00:01:44.444000,,0,0,0,0,5.333333333333333,8.0,0.0,84.0,0.0,14.5,2.6666666666666665,12.666666666666666,12,2.0,8.0,7.0,-8.0,0.0,8.0,0.0,0.33527880317547876,0.0,0.0,4.0,2.0,3.0,2.0
2022,9,bottas,alfa,11,7,7,Finished,6.0,70,Canadian Grand Prix,Montréal,2022-06-19,conventional,11,0 days 00:01:33.689000,0 days 00:01:26.788000,,6,1,0,0,3.3333333333333335,11.333333333333334,0.0,85.0,5.0,10.5,1.6666666666666667,13.833333333333334,15,0.0,11.333333333333334,10.0,-1.0,0.0,1.0,0.0,1.9553541640741257,6.0,0.0,4.0,0.0,3.0,4.0
2022,10,bottas,alfa,12,17,R,Gearbox,0.0,20,British Grand Prix,Silverstone,2022-07-03,conventional,12,0 days 00:01:41.396000,0 days 00:01:44.232000,,0,0,0,0,2.6666666666666665,12.666666666666666,0.0,86.0,0.0,10.5,2.0,13.666666666666666,11,6.0,12.666666666666666,13.0,1.0,1.0,0.0,2.0,3.3608713282180815,0.0,2.0,8.0,0.0,3.0,8.0
2022,12,bottas,alfa,11,14,14,Finished,0.0,53,French Grand Prix,Le Castellet,2022-07-24,conventional,13,0 days 00:01:33.034000,0 days 00:01:33.052000,,0,0,0,0,2.0,12.666666666666666,0.0,87.0,0.0,15.5,1.6666666666666667,11.833333333333334,12,0.0,12.666666666666666,13.0,0.0,0.0,-0.0,0.0,2.0754195567495115,0.0,0.0,6.0,2.0,3.0,4.0
2022,13,bottas,alfa,8,20,20,Power Unit,0.0,65,Hungarian Grand Prix,Budapest,2022-07-31,conventional,8,0 days 00:01:18.935000,0 days 00:01:18.445000,0 days 00:01:18.157000,0,0,0,0,2.0,12.0,0.0,88.0,0.0,10.0,1.6666666666666667,12.166666666666666,13,0.0,12.0,12.0,4.0,4.0,0.0,0.0,2.106566811659742,0.0,0.0,6.0,2.0,3.0,4.0
2022,14,bottas,alfa,13,19,R,Accident,0.0,1,Belgian Grand Prix,Spa-Francorchamps,2022-08-28,conventional,20,0 days 00:01:47.866000,,,0,0,0,1,0.0,11.0,0.0,89.0,0.0,16.5,0.0,12.0,8,0.0,11.0,10.0,-10.0,0.0,10.0,0.0,0.2502890150363246,0.0,0.0,0.0,2.0,3.0,-2.0
2022,15,bottas,alfa,16,19,R,Engine,0.0,53,Dutch Grand Prix,Zandvoort,2022-09-04,conventional,16,0 days 00:01:11.961000,,,0,0,0,0,0.0,13.666666666666666,0.1,90.0,0.0,15.0,0.0,14.0,20,0.0,13.666666666666666,12.0,-4.0,0.0,4.0,0.0,0.10666461439036912,0.0,0.0,0.0,0.0,3.0,0.0
2022,16,bottas,alfa,15,13,13,+1 Lap,0.0,52,Italian Grand Prix,Monza,2022-09-11,conventional,12,0 days 00:01:22.254000,0 days 00:01:22.235000,,0,0,0,0,0.0,14.666666666666666,0.1,91.0,0.5,13.0,0.0,13.833333333333334,16,0.0,14.666666666666666,15.0,3.0,3.0,0.0,0.0,2.2717882214511027,0.0,0.0,0.0,0.0,3.0,0.0
2022,17,bottas,alfa,15,11,11,Finished,0.0,59,Singapore Grand Prix,Marina Bay,2022-10-02,conventional,16,0 days 00:01:56.083000,,,0,0,0,0,0.0,16.0,0.1,92.0,0.0,15.5,0.16666666666666666,14.833333333333334,12,0.0,16.0,17.0,1.0,1.0,0.0,0.0,0.0,0.0,0.0,0.0,0.0,3.0,0.0
2022,18,bottas,alfa,12,15,15,Finished,0.0,28,Japanese Grand Prix,Suzuka,2022-10-09,conventional,12,0 days 00:01:31.226000,0 days 00:01:30.709000,,0,0,0,0,0.0,14.666666666666666,0.1,93.0,0.0,13.0,0.16666666666666666,14.5,16,0.0,14.666666666666666,17.0,5.0,5.0,0.0,0.0,2.654770533673807,0.0,0.0,0.0,0.0,3.0,0.0
2022,19,bottas,alfa,7,19,R,Spun off,0.0,16,United States Grand Prix,Austin,2022-10-23,conventional,10,0 days 00:01:36.746000,0 days 00:01:36.321000,0 days 00:01:36.319000,0,0,0,1,0.0,13.333333333333334,0.1,94.0,0.0,12.0,0.16666666666666666,13.833333333333334,12,0.0,13.333333333333334,13.0,3.0,3.0,0.0,0.0,1.0539702703023401,0.0,0.0,0.0,0.0,3.0,0.0
2022,20,bottas,alfa,6,10,10,+1 Lap,1.0,70,Mexico City Grand Prix,Mexico City,2022-10-30,conventional,6,0 days 00:01:19.523000,0 days 00:01:18.762000,0 days 00:01:18.401000,1,1,0,0,0.0,12.666666666666666,0.2,95.0,0.5,9.0,0.0,13.5,10,0.0,12.666666666666666,11.0,5.0,5.0,0.0,6.0,7.017166664520033,0.0,5.0,0.0,0.0,3.0,0.0
2022,22,bottas,alfa,18,15,15,+1 Lap,0.0,57,Abu Dhabi Grand Prix,Yas Island,2022-11-20,conventional,18,0 days 00:01:25.892000,,,0,0,0,0,0.3333333333333333,9.333333333333334,0.2,96.0,0.0,16.5,0.16666666666666666,11.333333333333334,6,1.0,9.333333333333334,9.0,-9.0,0.0,9.0,0.0,0.6500516268221102,0.0,0.0,0.0,5.0,3.0,-5.0
2023,1,bottas,alfa,12,8,8,Finished,4.0,57,Bahrain Grand Prix,Sakhir,2023-03-05,conventional,12,0 days 00:01:31.504000,0 days 00:01:31.443000,,4,1,0,0,0.3333333333333333,11.333333333333334,0.2,97.0,2.0,12.5,0.16666666666666666,12.5,18,0.0,11.333333333333334,9.0,-3.0,0.0,3.0,0.0,0.5428258175701846,4.0,0.0,0.0,0.0,0.0,0.0
2023,2,bottas,alfa,14,18,18,Lapped,0.0,49,Saudi Arabian Grand Prix,Jeddah,2023-03-19,conventional,14,0 days 00:01:29.929000,0 days 00:01:29.668000,,0,0,0,0,1.6666666666666667,12.0,0.2,98.0,0.0,13.0,0.8333333333333334,12.666666666666666,12,4.0,12.0,10.0,-4.0,0.0,4.0,0.0,0.03423855849098878,0.0,0.0,4.0,0.0,1.0,4.0
2023,3,bottas,alfa,19,11,11,Finished,0.0,58,Australian Grand Prix,Melbourne,2023-04-02,conventional,19,0 days 00:01:18.714000,,,0,0,0,0,1.3333333333333333,14.666666666666666,0.2,99.0,1.0,18.0,0.6666666666666666,14.0,14,0.0,14.666666666666666,15.0,-4.0,0.0,4.0,0.0,0.0,0.0,0.0,4.0,0.0,2.0,4.0
2023,5,bottas,alfa,10,13,13,Finished,0.0,57,Miami Grand Prix,Miami,2023-05-07,conventional,10,0 days 00:01:27.864000,0 days 00:01:27.564000,,0,0,0,0,1.3333333333333333,15.0,0.1,100.0,0.0,12.0,1.0,14.5,19,0.0,15.0,18.0,8.0,8.0,0.0,0.0,1.3489636793337718,0.0,0.0,4.0,0.0,3.0,4.0
2023,6,bottas,alfa,15,11,11,Lapped,0.0,77,Monaco Grand Prix,Monaco,2023-05-28,conventional,15,0 days 00:01:13.038000,0 days 00:01:12.625000,,0,0,0,0,0.0,14.333333333333334,0.1,101.0,0.0,17.0,0.3333333333333333,14.333333333333334,10,0.0,14.333333333333334,14.0,-1.0,0.0,1.0,0.0,0.0,0.0,0.0,0.0,0.0,3.0,0.0
2023,7,bottas,alfa,16,19,19,Lapped,0.0,65,Spanish Grand Prix,Barcelona,2023-06-04,conventional,16,0 days 00:01:13.977000,,,0,0,0,0,0.0,14.666666666666666,0.1,102.0,1.0,14.5,0.3333333333333333,15.666666666666666,15,0.0,14.666666666666666,17.0,1.0,1.0,0.0,0.0,0.11896460669576303,0.0,0.0,0.0,0.0,3.0,0.0
2023,8,bottas,alfa,14,10,10,Finished,1.0,70,Canadian Grand Prix,Montréal,2023-06-18,conventional,15,0 days 00:01:22.332000,0 days 00:01:21.821000,,1,1,0,0,0.0,13.666666666666666,0.1,103.0,0.5,17.5,0.3333333333333333,14.5,16,0.0,13.666666666666666,15.0,0.0,0.0,-0.0,0.0,0.568632581900518,1.0,0.0,0.0,0.0,3.0,0.0
2023,10,bottas,alfa,20,12,12,Finished,0.0,52,British Grand Prix,Silverstone,2023-07-09,conventional,15,0 days 00:01:29.798000,,,0,0,0,0,0.3333333333333333,15.333333333333334,0.1,104.0,0.0,16.0,0.5,16.333333333333332,15,1.0,15.333333333333334,17.0,2.0,2.0,0.0,0.0,0.0,0.0,0.0,1.0,0.0,3.0,1.0
2023,11,bottas,alfa,7,12,12,Lapped,0.0,69,Hungarian Grand Prix,Budapest,2023-07-23,conventional,7,0 days 00:01:18.775000,0 days 00:01:17.563000,0 days 00:01:17.034000,0,0,0,0,0.3333333333333333,15.333333333333334,0.0,105.0,0.0,6.0,0.5,16.0,15,0.0,15.333333333333334,16.0,9.0,9.0,0.0,1.0,3.0699332240026376,0.0,1.0,1.0,0.0,3.0,1.0
2023,13,bottas,alfa,18,14,14,Finished,0.0,72,Dutch Grand Prix,Zandvoort,2023-08-27,conventional,19,0 days 00:01:22.260000,,,0,0,0,0,0.3333333333333333,12.333333333333334,0.0,106.0,0.0,17.5,0.16666666666666666,13.166666666666666,7,0.0,12.333333333333334,13.0,-6.0,0.0,6.0,0.0,0.0,0.0,0.0,1.0,1.0,3.0,0.0
2023,14,bottas,alfa,14,10,10,Finished,1.0,51,Italian Grand Prix,Monza,2023-09-03,conventional,14,0 days 00:01:22.249000,0 days 00:01:21.940000,,1,1,0,0,0.0,13.666666666666666,0.0,107.0,0.5,15.0,0.0,13.166666666666666,19,0.0,13.666666666666666,15.0,1.0,1.0,0.0,0.0,3.1781683280399715,1.0,0.0,0.0,1.0,3.0,-1.0
2023,15,bottas,alfa,16,17,R,Retired,0.0,51,Singapore Grand Prix,Marina Bay,2023-09-17,conventional,16,0 days 00:01:32.809000,,,0,0,0,0,0.3333333333333333,13.333333333333334,0.0,108.0,0.0,17.5,0.16666666666666666,12.833333333333334,14,1.0,13.333333333333334,13.0,-3.0,0.0,3.0,0.0,1.0429170558033949,0.0,0.0,1.0,1.0,3.0,0.0
2023,16,bottas,alfa,16,20,R,Retired,0.0,7,Japanese Grand Prix,Suzuka,2023-09-24,conventional,16,0 days 00:01:31.049000,,,0,0,0,0,0.3333333333333333,16.333333333333332,0.0,109.0,0.0,17.5,0.16666666666666666,16.666666666666668,16,0.0,16.333333333333332,18.0,2.0,2.0,0.0,0.0,0.5417925403300741,0.0,0.0,1.0,0.0,3.0,1.0
2023,19,bottas,alfa,9,15,15,Finished,0.0,71,Mexico City Grand Prix,Mexico City,2023-10-29,conventional,9,0 days 00:01:18.429000,0 days 00:01:18.016000,0 days 00:01:18.032000,0,0,0,0,0.3333333333333333,15.333333333333334,0.0,110.0,0.0,9.5,0.16666666666666666,16.666666666666668,16,0.0,15.333333333333334,17.0,8.0,8.0,0.0,1.0,2.3731096089942953,0.0,1.0,1.0,0.0,3.0,1.0
2023,21,bottas,alfa,7,17,17,Finished,0.0,50,Las Vegas Grand Prix,Las Vegas,2023-11-18,conventional,8,0 days 00:01:34.305000,0 days 00:01:33.809000,0 days 00:01:33.525000,0,0,0,0,0.0,13.666666666666666,0.0,111.0,0.0,13.0,0.0,14.833333333333334,9,0.0,13.666666666666666,17.0,9.0,9.0,0.0,0.0,1.6141381096950553,0.0,0.0,0.0,1.0,3.0,-1.0
2023,22,bottas,alfa,18,19,19,Lapped,0.0,57,Abu Dhabi Grand Prix,Yas Island,2023-11-26,conventional,18,0 days 00:01:24.788000,,,0,0,0,0,0.0,11.0,0.0,112.0,0.0,18.5,0.0,13.333333333333334,8,0.0,11.0,12.0,-6.0,0.0,6.0,0.0,0.37078372587217157,0.0,0.0,0.0,1.0,3.0,-1.0
2024,1,bottas,sauber,16,19,19,Lapped,0.0,56,Bahrain Grand Prix,Sakhir,2024-03-02,conventional,16,0 days 00:01:30.756000,,,0,0,0,0,0.0,11.666666666666666,0.0,113.0,0.0,16.5,3.3333333333333335,9.0,18,0.0,11.666666666666666,12.0,-4.0,0.0,4.0,0.0,1.6949646328684036,0.0,0.0,0.0,0.0,0.0,0.0
2024,2,bottas,sauber,16,17,17,Lapped,0.0,49,Saudi Arabian Grand Prix,Jeddah,2024-03-09,conventional,16,0 days 00:01:29.179000,,,0,0,0,0,0.0,14.0,0.0,114.0,0.0,18.0,2.0,11.333333333333334,16,0.0,14.0,15.0,-1.0,0.0,1.0,0.0,0.0,0.0,0.0,0.0,0.0,1.0,0.0
2024,3,bottas,sauber,13,14,14,Lapped,0.0,57,Australian Grand Prix,Melbourne,2024-03-24,conventional,13,0 days 00:01:17.543000,0 days 00:01:17.340000,,0,0,0,0,0.0,16.666666666666668,0.0,115.0,0.0,16.0,1.0,14.833333333333334,16,0.0,16.666666666666668,18.0,5.0,5.0,0.0,0.0,1.8452016339916066,0.0,0.0,0.0,0.0,2.0,0.0
2024,4,bottas,sauber,13,14,14,Lapped,0.0,52,Japanese Grand Prix,Suzuka,2024-04-07,conventional,13,0 days 00:01:29.602000,0 days 00:01:29.593000,,0,0,0,0,0.0,15.0,0.0,116.0,0.0,16.5,0.0,16.833333333333332,13,0.0,15.0,15.0,2.0,2.0,0.0,0.0,0.0,0.0,0.0,0.0,0.0,3.0,0.0
2024,7,bottas,sauber,16,18,18,Lapped,0.0,62,Emilia Romagna Grand Prix,Imola,2024-05-19,conventional,16,0 days 00:01:16.626000,,,0,0,0,0,0.0,14.0,0.0,117.0,0.0,16.5,0.0,16.833333333333332,13,0.0,14.0,13.0,-3.0,0.0,3.0,0.0,0.0,0.0,0.0,0.0,0.0,3.0,0.0
2024,8,bottas,sauber,17,13,13,Lapped,0.0,76,Monaco Grand Prix,Monaco,2024-05-26,conventional,17,0 days 00:01:12.512000,,,0,0,0,0,0.0,14.0,0.0,118.0,0.0,17.5,0.0,16.333333333333332,16,0.0,14.0,15.0,-2.0,0.0,2.0,0.0,0.762098356778468,0.0,0.0,0.0,0.0,3.0,0.0
2024,9,bottas,sauber,19,13,13,Finished,0.0,70,Canadian Grand Prix,Montréal,2024-06-09,conventional,17,0 days 00:01:13.366000,,,0,0,0,0,0.0,15.333333333333334,0.0,119.0,0.0,18.5,0.0,16.833333333333332,17,0.0,15.333333333333334,17.0,0.0,0.0,-0.0,0.0,0.029003601048301242,0.0,0.0,0.0,0.0,3.0,0.0
2024,10,bottas,sauber,12,16,16,Lapped,0.0,65,Spanish Grand Prix,Barcelona,2024-06-23,conventional,12,0 days 00:01:12.758000,0 days 00:01:12.227000,,0,0,0,0,0.0,16.666666666666668,0.0,120.0,0.0,13.5,0.0,17.5,17,0.0,16.666666666666668,19.0,7.0,7.0,0.0,0.0,0.8133366293630386,0.0,0.0,0.0,0.0,3.0,0.0
2024,12,bottas,sauber,16,15,15,Lapped,0.0,51,British Grand Prix,Silverstone,2024-07-07,conventional,16,0 days 00:01:32.431000,,,0,0,0,0,0.0,15.333333333333334,0.0,121.0,0.0,15.0,0.0,16.5,12,0.0,15.333333333333334,16.0,0.0,0.0,-0.0,0.0,0.0,0.0,0.0,0.0,0.0,3.0,0.0
2024,13,bottas,sauber,12,16,16,Lapped,0.0,69,Hungarian Grand Prix,Budapest,2024-07-21,conventional,12,0 days 00:01:17.487000,0 days 00:01:16.384000,,0,0,0,0,0.0,15.0,0.0,122.0,0.0,15.0,0.0,15.666666666666666,16,0.0,15.0,16.0,4.0,4.0,0.0,0.0,0.8567775393550168,0.0,0.0,0.0,0.0,3.0,0.0
2024,14,bottas,sauber,14,15,15,Finished,0.0,44,Belgian Grand Prix,Spa-Francorchamps,2024-07-28,conventional,14,0 days 00:01:55.531000,0 days 00:01:54.764000,,0,0,0,0,0.0,13.333333333333334,0.0,123.0,0.0,17.0,0.0,14.5,12,0.0,13.333333333333334,11.0,-3.0,0.0,3.0,0.0,0.0,0.0,0.0,0.0,0.0,3.0,0.0
2024,15,bottas,sauber,16,19,19,Lapped,0.0,70,Dutch Grand Prix,Zandvoort,2024-08-25,conventional,17,0 days 00:01:12.168000,,,0,0,0,0,0.0,14.0,0.0,124.0,0.0,17.5,0.0,15.666666666666666,14,0.0,14.0,16.0,-1.0,0.0,1.0,0.0,0.0,0.0,0.0,0.0,0.0,3.0,0.0
2024,16,bottas,sauber,19,16,16,Lapped,0.0,52,Italian Grand Prix,Monza,2024-09-01,conventional,19,0 days 00:01:21.101000,,,0,0,0,0,0.0,14.333333333333334,0.0,125.0,0.0,19.5,0.0,16.5,17,0.0,14.333333333333334,16.0,-3.0,0.0,3.0,0.0,0.8193376813828808,0.0,0.0,0.0,0.0,3.0,0.0
2024,17,bottas,sauber,16,16,16,Lapped,0.0,50,Azerbaijan Grand Prix,Baku,2024-09-15,conventional,17,0 days 00:01:43.618000,,,0,0,0,0,0.0,16.666666666666668,0.0,126.0,0.0,17.5,0.0,18.0,19,0.0,16.666666666666668,18.0,1.0,1.0,0.0,0.0,0.3636147577290192,0.0,0.0,0.0,0.0,3.0,0.0
2024,18,bottas,sauber,19,16,16,Lapped,0.0,61,Singapore Grand Prix,Marina Bay,2024-09-22,conventional,19,0 days 00:01:31.572000,,,0,0,0,0,0.0,17.666666666666668,0.0,127.0,0.0,19.5,0.0,18.166666666666668,17,0.0,17.666666666666668,19.0,0.0,0.0,-0.0,0.0,0.6321469198071474,0.0,0.0,0.0,0.0,3.0,0.0
2024,20,bottas,sauber,15,14,14,Lapped,0.0,70,Mexico City Grand Prix,Mexico City,2024-10-27,conventional,15,0 days 00:01:17.393000,0 days 00:01:17.817000,,0,0,0,0,0.0,18.333333333333332,0.0,128.0,0.0,17.5,0.0,18.833333333333332,19,0.0,18.333333333333332,19.0,4.0,4.0,0.0,0.0,0.34712856023023253,0.0,0.0,0.0,0.0,3.0,0.0
2024,22,bottas,sauber,19,18,18,Lapped,0.0,49,Las Vegas Grand Prix,Las Vegas,2024-11-23,conventional,19,0 days 00:01:34.430000,,,0,0,0,0,0.0,17.0,0.0,129.0,0.0,16.0,0.0,18.166666666666668,15,0.0,17.0,18.0,-1.0,0.0,1.0,0.0,0.0,0.0,0.0,0.0,0.0,3.0,0.0
2024,24,bottas,sauber,9,18,R,Retired,0.0,30,Abu Dhabi Grand Prix,Yas Island,2024-12-08,conventional,9,0 days 00:01:23.481000,0 days 00:01:23.341000,0 days 00:01:23.204000,0,0,0,0,0.0,17.666666666666668,0.0,130.0,0.0,13.0,0.0,17.666666666666668,19,0.0,17.666666666666668,18.0,9.0,9.0,0.0,0.0,0.0,0.0,0.0,0.0,0.0,3.0,0.0
2018,1,brendon_hartley,toro_rosso,16,15,15,+1 Lap,0.0,57,Australian Grand Prix,Melbourne,2018-03-25,conventional,16,0 days 00:01:24.532000,,,0,0,0,0,,,,0.0,0.0,18.0,,,,,,,,,,,,,,0.0,0.0,0.0,0.0
2018,2,brendon_hartley,toro_rosso,11,17,17,+1 Lap,0.0,56,Bahrain Grand Prix,Sakhir,2018-04-08,conventional,11,0 days 00:01:30.412000,0 days 00:01:30.105000,,0,0,0,0,0.0,16.0,0.0,1.0,6.0,8.5,0.0,18.0,16,0.0,,,,,,,,,,0.0,0.0,0.0,0.0
2018,3,brendon_hartley,toro_rosso,15,20,20,Collision damage,0.0,51,Chinese Grand Prix,Shanghai,2018-04-15,conventional,15,0 days 00:01:34.013000,0 days 00:01:33.795000,,0,0,0,1,0.0,13.5,0.0,2.0,0.0,16.0,3.0,13.25,11,0.0,,,,,,,,,,0.0,0.0,0.0,0.0
2018,4,brendon_hartley,toro_rosso,19,10,10,Finished,1.0,51,Azerbaijan Grand Prix,Baku,2018-04-29,conventional,19,0 days 00:01:57.354000,,,1,1,0,0,0.0,14.0,0.3333333333333333,3.0,0.5,18.0,2.0,14.166666666666666,15,0.0,,,,,,,,,,0.0,0.0,0.0,0.0
2018,5,brendon_hartley,toro_rosso,20,12,12,+2 Laps,0.0,64,Spanish Grand Prix,Barcelona,2018-05-13,conventional,20,,,,0,0,0,0,0.3333333333333333,15.0,0.25,4.0,0.0,16.0,2.1666666666666665,14.166666666666666,19,1.0,,,,,,,,,,0.0,0.0,0.0,0.0
2018,6,brendon_hartley,toro_rosso,15,19,R,Collision,0.0,70,Monaco Grand Prix,Monte Carlo,2018-05-27,conventional,16,0 days 00:01:13.179000,,,0,0,0,1,0.3333333333333333,18.0,0.2,5.0,3.0,13.0,0.16666666666666666,16.666666666666668,20,0.0,,,,,,,,,,0.0,0.0,0.0,0.0
2018,7,brendon_hartley,toro_rosso,12,19,R,Collision,0.0,0,Canadian Grand Prix,Montréal,2018-06-10,conventional,12,0 days 00:01:12.587000,0 days 00:01:12.635000,,0,0,0,1,0.3333333333333333,18.333333333333332,0.3333333333333333,6.0,0.0,14.0,1.1666666666666667,15.666666666666666,16,0.0,,,,,,,,,,0.0,0.0,0.0,0.0
2018,8,brendon_hartley,toro_rosso,20,14,14,+1 Lap,0.0,52,French Grand Prix,Le Castellet,2018-06-24,conventional,17,0 days 00:01:33.025000,,,0,0,0,0,0.0,16.0,0.42857142857142855,7.0,0.0,15.5,1.0,14.333333333333334,12,0.0,,,,,,,,,,0.0,0.0,0.0,0.0
2018,9,brendon_hartley,toro_rosso,19,17,R,Hydraulics,0.0,54,Austrian Grand Prix,Spielberg,2018-07-01,conventional,19,0 days 00:01:05.366000,,,0,0,0,0,0.0,15.0,0.375,8.0,0.0,15.5,1.0,14.166666666666666,17,0.0,,,,,,,,,,0.0,0.0,0.0,0.0
2018,10,brendon_hartley,toro_rosso,0,20,R,Power Unit,0.0,1,British Grand Prix,Silverstone,2018-07-08,conventional,20,,,,0,0,0,0,0.0,16.0,0.3333333333333333,9.0,0.0,17.0,0.0,15.0,19,0.0,,,,,,,,,,0.0,0.0,0.0,0.0
2018,11,brendon_hartley,toro_rosso,17,10,10,Finished,1.0,67,German Grand Prix,Hockenheim,2018-07-22,conventional,18,0 days 00:01:14.045000,,,1,1,0,0,0.0,18.666666666666668,0.3,10.0,0.5,17.5,0.0,16.0,20,0.0,,,,,,,,,,0.0,0.0,0.0,0.0
2018,12,brendon_hartley,toro_rosso,8,11,11,+1 Lap,0.0,69,Hungarian Grand Prix,Budapest,2018-07-29,conventional,8,0 days 00:01:18.429000,0 days 00:01:32.590000,0 days 00:01:38.128000,0,0,0,0,0.3333333333333333,19.0,0.3,11.0,4.0,7.0,0.16666666666666666,16.666666666666668,18,1.0,,,,,,,,,,0.0,0.0,0.0,0.0
2018,13,brendon_hartley,toro_rosso,11,14,14,+1 Lap,0.0,43,Belgian Grand Prix,Spa-Francorchamps,2018-08-26,conventional,12,0 days 00:01:44.153000,0 days 00:01:43.865000,,0,0,0,0,0.3333333333333333,15.333333333333334,0.3,12.0,1.0,11.5,1.5,13.833333333333334,8,0.0,,,,,,,,,,0.0,0.0,0.0,0.0
2018,14,brendon_hartley,toro_rosso,16,19,R,Brakes,0.0,0,Italian Grand Prix,Monza,2018-09-02,conventional,18,0 days 00:01:21.934000,,,0,0,0,0,0.3333333333333333,12.666666666666666,0.2,13.0,0.0,13.5,1.8333333333333333,12.0,12,0.0,,,,,,,,,,0.0,0.0,0.0,0.0
2018,15,brendon_hartley,toro_rosso,17,17,17,+1 Lap,0.0,60,Singapore Grand Prix,Singapore,2018-09-16,conventional,17,0 days 00:01:39.809000,,,0,0,0,0,0.0,12.666666666666666,0.2,14.0,0.0,16.0,1.6666666666666667,10.666666666666666,18,0.0,,,,,,,,,,0.0,0.0,0.0,0.0
2018,16,brendon_hartley,toro_rosso,20,20,R,Brakes,0.0,4,Russian Grand Prix,Sochi,2018-09-30,conventional,16,0 days 00:01:35.037000,,,0,0,0,0,0.0,15.666666666666666,0.2,15.0,0.0,14.5,0.3333333333333333,13.666666666666666,17,0.0,,,,,,,,,,0.0,0.0,0.0,0.0
2018,17,brendon_hartley,toro_rosso,6,13,13,+1 Lap,0.0,52,Japanese Grand Prix,Suzuka,2018-10-07,conventional,6,0 days 00:01:30.248000,0 days 00:01:29.848000,0 days 00:01:30.023000,0,0,0,0,0.0,17.0,0.1,16.0,0.0,6.5,0.0,14.666666666666666,16,0.0,,,,,,,,,,0.0,0.0,0.0,0.0
2018,18,brendon_hartley,toro_rosso,20,9,9,+1 Lap,2.0,55,United States Grand Prix,Austin,2018-10-21,conventional,14,0 days 00:01:35.206000,,,2,1,0,0,0.0,13.0,0.0,17.0,1.0,13.5,0.0,12.333333333333334,6,0.0,,,,,,,,,,0.0,0.0,0.0,0.0
2018,19,brendon_hartley,toro_rosso,14,14,14,+2 Laps,0.0,69,Mexican Grand Prix,Mexico City,2018-10-28,conventional,14,0 days 00:01:16.682000,0 days 00:01:17.184000,,0,0,0,0,0.6666666666666666,12.0,0.0,18.0,0.5,14.5,0.3333333333333333,11.5,14,2.0,,,,,,,,,,0.0,0.0,0.0,0.0
2018,20,brendon_hartley,toro_rosso,16,11,11,+1 Lap,0.0,70,Brazilian Grand Prix,São Paulo,2018-11-11,conventional,17,0 days 00:01:09.280000,,,0,0,0,0,0.6666666666666666,11.333333333333334,0.0,19.0,0.0,13.5,0.5,11.5,14,0.0,,,,,,,,,,0.0,0.0,0.0,0.0
2018,21,brendon_hartley,toro_rosso,16,12,12,+1 Lap,0.0,54,Abu Dhabi Grand Prix,Yas Marina,2018-11-25,conventional,16,0 days 00:01:37.994000,,,0,0,0,0,0.6666666666666666,15.0,0.0,20.0,0.0,16.5,0.5,13.833333333333334,17,0.0,,,,,,,,,,0.0,0.0,0.0,0.0
2024,16,colapinto,williams,18,12,12,Finished,0.0,53,Italian Grand Prix,Monza,2024-09-01,conventional,18,0 days 00:01:21.061000,,,0,0,0,0,,,,0.0,1.0,13.5,0.0,14.5,,,,,,,,,,,,0.0,0.0,0.0,0.0
2024,17,colapinto,williams,8,8,8,Finished,4.0,51,Azerbaijan Grand Prix,Baku,2024-09-15,conventional,9,0 days 00:01:43.138000,0 days 00:01:42.473000,0 days 00:01:42.530000,4,1,0,0,0.0,18.0,0.0,1.0,5.0,9.5,0.3333333333333333,14.5,18,0.0,18.0,19.0,10.0,10.0,0.0,0.0,0.01714108147945126,4.0,0.0,0.0,0.0,0.0,0.0
2024,18,colapinto,williams,12,11,11,Lapped,0.0,61,Singapore Grand Prix,Marina Bay,2024-09-22,conventional,12,0 days 00:01:30.704000,0 days 00:01:30.481000,,0,0,0,0,2.0,13.5,0.0,2.0,0.0,11.5,2.0,12.666666666666666,9,4.0,13.5,15.0,3.0,3.0,0.0,0.0,0.3164477430979913,0.0,0.0,4.0,0.0,1.0,4.0
2024,20,colapinto,williams,16,12,12,Lapped,0.0,70,Mexico City Grand Prix,Mexico City,2024-10-27,conventional,16,0 days 00:01:17.558000,,,0,0,0,0,1.3333333333333333,13.0,0.0,3.0,0.0,12.5,2.0,11.5,12,0.0,13.0,14.0,-2.0,0.0,2.0,0.0,0.09804487011518948,0.0,0.0,4.0,0.0,2.0,4.0
2024,22,colapinto,williams,20,14,14,Finished,0.0,50,Las Vegas Grand Prix,Las Vegas,2024-11-23,conventional,14,0 days 00:01:33.746000,0 days 00:01:33.749000,,0,0,0,0,1.3333333333333333,12.333333333333334,0.0,4.0,0.0,16.0,1.6666666666666667,11.166666666666666,16,0.0,12.333333333333334,15.0,1.0,1.0,0.0,0.0,0.26118087545552804,0.0,0.0,4.0,0.0,3.0,4.0
2024,24,colapinto,williams,20,19,R,Retired,0.0,26,Abu Dhabi Grand Prix,Yas Island,2024-12-08,conventional,19,0 days 00:01:23.912000,,,0,0,0,0,0.0,14.0,0.0,5.0,0.0,17.5,0.0,13.333333333333334,14,0.0,14.0,15.0,-4.0,0.0,4.0,0.0,0.0,0.0,0.0,0.0,0.0,3.0,0.0
2025,7,colapinto,alpine,16,16,16,Finished,0.0,63,Emilia Romagna Grand Prix,Imola,2025-05-18,conventional,15,0 days 00:01:16.256000,,,0,0,0,0,0.0,16.333333333333332,0.0,6.0,0.0,12.5,1.0,12.0,19,0.0,16.333333333333332,16.0,1.0,1.0,0.0,0.0,0.2189226057458029,0.0,0.0,0.0,0.0,0.0,0.0
2025,8,colapinto,alpine,18,13,13,Lapped,0.0,76,Monaco Grand Prix,Monaco,2025-05-25,conventional,20,0 days 00:01:12.597000,,,0,0,0,0,0.0,16.0,0.0,7.0,0.0,19.0,1.0,11.166666666666666,15,0.0,16.0,16.0,-4.0,0.0,4.0,0.0,0.17349046347289931,0.0,0.0,0.0,0.0,1.0,0.0
2025,9,colapinto,alpine,18,15,15,Finished,0.0,66,Spanish Grand Prix,Barcelona,2025-06-01,conventional,19,0 days 00:01:13.334000,,,0,0,0,0,0.0,18.0,0.0,8.0,2.0,13.5,0.0,14.833333333333334,20,0.0,18.0,19.0,0.0,0.0,-0.0,0.0,0.16846372876671545,0.0,0.0,0.0,0.0,2.0,0.0
2025,10,colapinto,alpine,10,13,13,Lapped,0.0,69,Canadian Grand Prix,Montréal,2025-06-15,conventional,12,0 days 00:01:12.234000,0 days 00:01:12.142000,,0,0,0,0,0.0,18.0,0.0,9.0,0.0,16.0,0.6666666666666666,15.0,19,0.0,18.0,20.0,8.0,8.0,0.0,0.0,1.0650140197473306,0.0,0.0,0.0,0.0,3.0,0.0
2025,11,colapinto,alpine,14,15,15,Lapped,0.0,69,Austrian Grand Prix,Spielberg,2025-06-29,conventional,14,0 days 00:01:05.278000,0 days 00:01:05.288000,,0,0,0,0,0.0,17.0,0.0,10.0,0.0,12.0,0.6666666666666666,16.166666666666668,12,0.0,17.0,19.0,5.0,5.0,0.0,0.0,0.004425678421717372,0.0,0.0,0.0,0.0,3.0,0.0
2025,14,colapinto,alpine,14,18,18,Lapped,0.0,69,Hungarian Grand Prix,Budapest,2025-08-03,conventional,14,0 days 00:01:15.875000,0 days 00:01:16.159000,,0,0,0,0,0.0,15.0,0.0,11.0,0.0,15.5,2.6666666666666665,12.666666666666666,14,0.0,15.0,16.0,2.0,2.0,0.0,0.0,0.42915010983525104,0.0,0.0,0.0,0.0,3.0,0.0
2025,15,colapinto,alpine,16,11,11,Finished,0.0,72,Dutch Grand Prix,Zandvoort,2025-08-31,conventional,16,0 days 00:01:10.104000,,,0,0,0,0,0.0,13.333333333333334,0.0,12.0,0.0,15.0,2.6666666666666665,12.5,14,0.0,13.333333333333334,14.0,-2.0,0.0,2.0,0.0,0.5661537074127079,0.0,0.0,0.0,0.0,3.0,0.0
2025,16,colapinto,alpine,17,17,17,Lapped,0.0,52,Italian Grand Prix,Monza,2025-09-07,conventional,18,0 days 00:01:19.992000,,,0,0,0,0,0.0,14.666666666666666,0.0,13.0,0.0,18.5,2.6666666666666665,13.5,16,0.0,14.666666666666666,16.0,-2.0,0.0,2.0,0.0,0.32934694037770473,0.0,0.0,0.0,0.0,3.0,0.0
2025,17,colapinto,alpine,16,19,19,Lapped,0.0,50,Azerbaijan Grand Prix,Baku,2025-09-21,conventional,16,0 days 00:01:42.779000,,,0,0,0,0,0.0,16.0,0.0,14.0,0.0,17.0,0.0,16.333333333333332,18,0.0,16.0,16.0,0.0,0.0,-0.0,0.0,0.0,0.0,0.0,0.0,0.0,3.0,0.0
2025,18,colapinto,alpine,16,16,16,Lapped,0.0,61,Singapore Grand Prix,Marina Bay,2025-10-05,conventional,16,0 days 00:01:30.982000,,,0,0,0,0,0.0,16.666666666666668,0.0,15.0,0.0,17.0,0.0,16.833333333333332,16,0.0,16.666666666666668,16.0,0.0,0.0,-0.0,0.0,0.11205629015657426,0.0,0.0,0.0,0.0,3.0,0.0
2025,20,colapinto,alpine,20,16,16,Lapped,0.0,70,Mexico City Grand Prix,Mexico City,2025-10-26,conventional,20,0 days 00:01:17.670000,,,0,0,0,0,0.0,16.666666666666668,0.0,16.0,0.0,19.0,0.0,17.5,16,0.0,16.666666666666668,17.0,-3.0,0.0,3.0,0.0,0.2710820067316666,0.0,0.0,0.0,0.0,3.0,0.0
2025,22,colapinto,alpine,15,15,15,Lapped,0.0,49,Las Vegas Grand Prix,Las Vegas,2025-11-22,conventional,15,0 days 00:01:54.847000,0 days 00:01:53.683000,,0,0,0,0,0.0,17.333333333333332,0.0,17.0,0.0,12.5,0.0,17.666666666666668,20,0.0,17.333333333333332,18.0,3.0,3.0,0.0,0.0,0.678486789262676,0.0,0.0,0.0,0.0,3.0,0.0
2025,24,colapinto,alpine,20,20,20,Lapped,0.0,57,Abu Dhabi Grand Prix,Yas Island,2025-12-07,conventional,20,0 days 00:01:23.890000,,,0,0,0,0,0.0,17.0,0.0,18.0,0.0,19.5,0.0,16.166666666666668,15,0.0,17.0,19.0,-1.0,0.0,1.0,0.0,0.0,0.0,0.0,0.0,0.0,3.0,0.0
2022,16,de_vries,williams,8,9,9,Finished,2.0,53,Italian Grand Prix,Monza,2022-09-11,conventional,13,0 days 00:01:22.567000,0 days 00:01:22.471000,,2,1,0,0,,,,0.0,1.0,14.5,0.16666666666666666,16.333333333333332,,,,,,,,,,,,0.0,0.0,0.0,0.0
2023,1,de_vries,alphatauri,19,14,14,Lapped,0.0,56,Bahrain Grand Prix,Sakhir,2023-03-05,conventional,19,0 days 00:01:32.121000,,,0,0,0,0,2.0,13.0,0.0,1.0,0.0,16.5,0.16666666666666666,14.0,13,2.0,13.0,11.0,-8.0,0.0,8.0,0.0,0.7880738678270571,0.0,0.0,0.0,0.0,0.0,0.0
2023,2,de_vries,alphatauri,18,14,14,Finished,0.0,50,Saudi Arabian Grand Prix,Jeddah,2023-03-19,conventional,18,0 days 00:01:30.244000,,,0,0,0,0,1.0,16.0,0.0,2.0,0.0,17.0,0.0,14.833333333333334,19,0.0,16.0,15.0,-3.0,0.0,3.0,0.0,0.0,0.0,0.0,0.0,0.0,1.0,0.0
2023,3,de_vries,alphatauri,15,15,15,Retired,0.0,56,Australian Grand Prix,Melbourne,2023-04-02,conventional,15,0 days 00:01:18.450000,0 days 00:01:18.335000,,0,0,0,0,0.6666666666666666,16.666666666666668,0.0,3.0,0.5,13.5,0.0,16.0,18,0.0,16.666666666666668,18.0,3.0,3.0,0.0,0.0,0.0,0.0,0.0,0.0,0.0,2.0,0.0
2023,5,de_vries,alphatauri,15,18,18,Finished,0.0,57,Miami Grand Prix,Miami,2023-05-07,conventional,15,0 days 00:01:28.325000,0 days 00:01:28.395000,,0,0,0,0,0.0,17.333333333333332,0.0,4.0,0.0,16.0,0.16666666666666666,15.666666666666666,15,0.0,17.333333333333332,19.0,4.0,4.0,0.0,0.0,0.33961546925054975,0.0,0.0,0.0,0.0,3.0,0.0
2023,6,de_vries,alphatauri,12,12,12,Lapped,0.0,77,Monaco Grand Prix,Monaco,2023-05-28,conventional,12,0 days 00:01:13.054000,0 days 00:01:12.428000,,0,0,0,0,0.0,16.0,0.0,5.0,0.0,10.5,0.16666666666666666,15.5,15,0.0,16.0,18.0,6.0,6.0,0.0,0.0,0.9993659593278048,0.0,0.0,0.0,0.0,3.0,0.0
2023,7,de_vries,alphatauri,14,14,14,Lapped,0.0,65,Spanish Grand Prix,Barcelona,2023-06-04,conventional,14,0 days 00:01:13.581000,0 days 00:01:14.083000,,0,0,0,0,0.0,14.0,0.0,6.0,0.0,14.5,0.16666666666666666,13.333333333333334,12,0.0,14.0,16.0,2.0,2.0,0.0,0.0,0.5570335175323677,0.0,0.0,0.0,0.0,3.0,0.0
2023,8,de_vries,alphatauri,17,18,18,Lapped,0.0,69,Canadian Grand Prix,Montréal,2023-06-18,conventional,18,0 days 00:01:23.137000,,,0,0,0,0,0.0,13.666666666666666,0.0,7.0,0.0,17.0,0.0,13.666666666666666,14,0.0,13.666666666666666,16.0,-2.0,0.0,2.0,0.0,1.0797783925185955,0.0,0.0,0.0,0.0,3.0,0.0
2023,10,de_vries,alphatauri,18,17,17,Finished,0.0,52,British Grand Prix,Silverstone,2023-07-09,conventional,18,0 days 00:01:30.513000,,,0,0,0,0,0.0,14.666666666666666,0.0,8.0,0.0,17.0,0.0,14.0,18,0.0,14.666666666666666,16.0,-2.0,0.0,2.0,0.0,0.35186000566912856,0.0,0.0,0.0,0.0,3.0,0.0
2024,24,doohan,alpine,17,15,15,Lapped,0.0,57,Abu Dhabi Grand Prix,Yas Island,2024-12-08,conventional,20,0 days 00:01:24.105000,,,0,0,0,0,,,,0.0,3.0,13.0,0.16666666666666666,12.333333333333334,,,,,,,,,,,,0.0,0.0,0.0,0.0
2025,1,doohan,alpine,14,19,R,Retired,0.0,0,Australian Grand Prix,Melbourne,2025-03-16,conventional,14,0 days 00:01:16.315000,0 days 00:01:16.863000,,0,0,0,0,0.0,20.0,0.0,1.0,0.0,11.5,1.1666666666666667,11.166666666666666,20,0.0,20.0,17.0,3.0,3.0,0.0,0.0,0.5238356791299985,0.0,0.0,0.0,0.0,0.0,0.0
2025,3,doohan,alpine,19,15,15,Finished,0.0,53,Japanese Grand Prix,Suzuka,2025-04-06,conventional,19,0 days 00:01:28.877000,,,0,0,0,0,0.0,17.0,0.0,2.0,0.0,15.0,1.0,10.5,14,0.0,17.0,20.0,1.0,1.0,0.0,0.0,0.0,0.0,0.0,0.0,0.0,1.0,0.0
2025,4,doohan,alpine,11,14,14,Finished,0.0,57,Bahrain Grand Prix,Sakhir,2025-04-13,conventional,11,0 days 00:01:31.414000,0 days 00:01:31.245000,,0,0,0,0,0.0,17.666666666666668,0.0,3.0,3.0,8.0,1.0,13.166666666666666,19,0.0,17.666666666666668,20.0,9.0,9.0,0.0,0.0,0.9013968286575267,0.0,0.0,0.0,0.0,2.0,0.0
2025,5,doohan,alpine,17,17,17,Lapped,0.0,49,Saudi Arabian Grand Prix,Jeddah,2025-04-20,conventional,17,0 days 00:01:28.739000,,,0,0,0,0,0.0,14.666666666666666,0.0,4.0,0.0,13.0,1.0,11.5,11,0.0,14.666666666666666,14.0,-3.0,0.0,3.0,0.0,0.3300895162589983,0.0,0.0,0.0,0.0,3.0,0.0
2018,1,ericsson,sauber,17,19,R,Steering,0.0,5,Australian Grand Prix,Melbourne,2018-03-25,conventional,17,0 days 00:01:24.556000,,,0,0,0,0,,,,0.0,0.0,17.5,,,,,,,,,,,,,,0.0,0.0,0.0,0.0
2018,2,ericsson,sauber,17,9,9,+1 Lap,2.0,56,Bahrain Grand Prix,Sakhir,2018-04-08,conventional,17,0 days 00:01:31.063000,,,2,1,0,0,0.0,17.0,0.0,1.0,1.0,18.0,0.0,17.5,17,0.0,,,,,,,,,,0.0,0.0,0.0,0.0
2018,3,ericsson,sauber,20,16,16,Finished,0.0,56,Chinese Grand Prix,Shanghai,2018-04-15,conventional,20,0 days 00:01:34.914000,,,0,0,0,0,1.0,17.0,0.0,2.0,0.0,19.5,0.5,17.75,17,2.0,,,,,,,,,,0.0,0.0,0.0,0.0
2018,4,ericsson,sauber,18,11,11,Finished,0.0,51,Azerbaijan Grand Prix,Baku,2018-04-29,conventional,18,0 days 00:01:45.541000,,,0,0,0,0,0.6666666666666666,18.0,0.0,3.0,4.0,16.0,0.3333333333333333,18.333333333333332,20,0.0,,,,,,,,,,0.0,0.0,0.0,0.0
2018,5,ericsson,sauber,17,13,13,+2 Laps,0.0,64,Spanish Grand Prix,Barcelona,2018-05-13,conventional,17,0 days 00:01:19.493000,,,0,0,0,0,0.6666666666666666,18.333333333333332,0.0,4.0,0.5,15.5,1.6666666666666667,17.833333333333332,18,0.0,,,,,,,,,,0.0,0.0,0.0,0.0
2018,6,ericsson,sauber,16,11,11,Finished,0.0,78,Monaco Grand Prix,Monte Carlo,2018-05-27,conventional,17,0 days 00:01:13.265000,,,0,0,0,0,0.0,18.333333333333332,0.0,5.0,0.0,15.5,1.5,17.0,17,0.0,,,,,,,,,,0.0,0.0,0.0,0.0
2018,7,ericsson,sauber,19,15,15,+2 Laps,0.0,66,Canadian Grand Prix,Montréal,2018-06-10,conventional,19,0 days 00:01:14.593000,,,0,0,0,0,0.0,17.333333333333332,0.0,6.0,0.5,16.0,1.5,15.666666666666666,17,0.0,,,,,,,,,,0.0,0.0,0.0,0.0
2018,8,ericsson,sauber,15,13,13,+1 Lap,0.0,52,French Grand Prix,Le Castellet,2018-06-24,conventional,15,0 days 00:01:32.804000,0 days 00:01:32.820000,,0,0,0,0,0.0,17.666666666666668,0.0,7.0,0.5,11.5,0.3333333333333333,15.666666666666666,19,0.0,,,,,,,,,,0.0,0.0,0.0,0.0
2018,9,ericsson,sauber,20,10,10,+1 Lap,1.0,70,Austrian Grand Prix,Spielberg,2018-07-01,conventional,20,0 days 00:01:05.479000,,,1,1,0,0,0.0,17.0,0.0,8.0,1.5,16.5,0.3333333333333333,14.333333333333334,15,0.0,,,,,,,,,,0.0,0.0,0.0,0.0
2018,10,ericsson,sauber,15,18,R,Accident,0.0,31,British Grand Prix,Silverstone,2018-07-08,conventional,15,0 days 00:01:28.249000,0 days 00:01:28.391000,,0,0,0,1,0.3333333333333333,18.0,0.0,9.0,0.0,12.0,0.8333333333333334,14.666666666666666,20,1.0,,,,,,,,,,0.0,0.0,0.0,0.0
2018,11,ericsson,sauber,13,9,9,Finished,2.0,67,German Grand Prix,Hockenheim,2018-07-22,conventional,13,0 days 00:01:13.562000,0 days 00:01:13.736000,,2,1,0,0,0.3333333333333333,16.666666666666668,0.1,10.0,1.0,11.0,0.6666666666666666,13.333333333333334,15,0.0,,,,,,,,,,0.0,0.0,0.0,0.0
2018,12,ericsson,sauber,14,15,15,+2 Laps,0.0,68,Hungarian Grand Prix,Budapest,2018-07-29,conventional,14,0 days 00:01:18.641000,0 days 00:01:37.075000,,0,0,0,0,1.0,16.0,0.1,11.0,0.0,15.5,0.8333333333333334,13.166666666666666,13,2.0,,,,,,,,,,0.0,0.0,0.0,0.0
2018,13,ericsson,sauber,13,10,10,+1 Lap,1.0,43,Belgian Grand Prix,Spa-Francorchamps,2018-08-26,conventional,14,0 days 00:01:43.846000,0 days 00:01:44.301000,,1,1,0,0,0.6666666666666666,14.0,0.1,12.0,0.5,13.5,0.3333333333333333,12.833333333333334,14,0.0,,,,,,,,,,0.0,0.0,0.0,0.0
2018,14,ericsson,sauber,18,15,15,+1 Lap,0.0,52,Italian Grand Prix,Monza,2018-09-02,conventional,19,0 days 00:01:22.048000,,,0,0,0,0,1.0,13.666666666666666,0.1,13.0,0.0,18.0,0.5,13.333333333333334,14,1.0,,,,,,,,,,0.0,0.0,0.0,0.0
2018,15,ericsson,sauber,14,11,11,+1 Lap,0.0,60,Singapore Grand Prix,Singapore,2018-09-16,conventional,14,0 days 00:01:39.366000,0 days 00:01:39.453000,,0,0,0,0,0.3333333333333333,15.666666666666666,0.1,14.0,1.0,13.5,0.16666666666666666,15.666666666666666,19,0.0,,,,,,,,,,0.0,0.0,0.0,0.0
2018,16,ericsson,sauber,10,13,13,+1 Lap,0.0,52,Russian Grand Prix,Sochi,2018-09-30,conventional,10,0 days 00:01:34.170000,0 days 00:01:33.995000,0 days 00:01:35.196000,0,0,0,0,0.3333333333333333,15.666666666666666,0.1,15.0,3.0,8.5,0.5,15.0,14,0.0,,,,,,,,,,0.0,0.0,0.0,0.0
2018,17,ericsson,sauber,20,12,12,+1 Lap,0.0,52,Japanese Grand Prix,Suzuka,2018-10-07,conventional,20,0 days 00:01:31.213000,,,0,0,0,0,0.0,14.333333333333334,0.1,16.0,0.0,15.5,1.3333333333333333,13.333333333333334,10,0.0,,,,,,,,,,0.0,0.0,0.0,0.0
2018,18,ericsson,sauber,16,10,10,+1 Lap,1.0,55,United States Grand Prix,Austin,2018-10-21,conventional,19,0 days 00:01:35.536000,,,1,1,0,0,0.0,14.666666666666666,0.1,17.0,0.5,14.0,1.3333333333333333,12.5,20,0.0,,,,,,,,,,0.0,0.0,0.0,0.0
2018,19,ericsson,sauber,10,9,9,+2 Laps,2.0,69,Mexican Grand Prix,Mexico City,2018-10-28,conventional,10,0 days 00:01:16.701000,0 days 00:01:16.633000,0 days 00:01:16.513000,2,1,0,0,0.3333333333333333,16.333333333333332,0.1,18.0,4.0,9.5,1.1666666666666667,12.666666666666666,19,1.0,,,,,,,,,,0.0,0.0,0.0,0.0
2018,20,ericsson,sauber,6,20,R,Collision,0.0,20,Brazilian Grand Prix,São Paulo,2018-11-11,conventional,7,0 days 00:01:08.754000,0 days 00:01:08.579000,0 days 00:01:08.296000,0,0,0,1,1.0,16.333333333333332,0.1,19.0,3.0,7.5,1.5,13.0,10,2.0,,,,,,,,,,0.0,0.0,0.0,0.0
2018,21,ericsson,sauber,12,18,R,Power loss,0.0,24,Abu Dhabi Grand Prix,Yas Marina,2018-11-25,conventional,12,0 days 00:01:37.619000,0 days 00:01:37.132000,,0,0,0,0,1.0,12.0,0.1,20.0,3.0,10.0,2.5,10.333333333333334,7,0.0,,,,,,,,,,0.0,0.0,0.0,0.0
2018,1,gasly,toro_rosso,20,18,R,Engine,0.0,13,Australian Grand Prix,Melbourne,2018-03-25,conventional,20,0 days 00:01:25.295000,,,0,0,0,0,,,,0.0,0.0,18.0,,,,,,,,,,,,,,0.0,0.0,0.0,0.0
2018,2,gasly,toro_rosso,5,4,4,Finished,12.0,57,Bahrain Grand Prix,Sakhir,2018-04-08,conventional,6,0 days 00:01:30.121000,0 days 00:01:29.836000,0 days 00:01:29.329000,12,1,0,0,0.0,20.0,0.0,1.0,6.0,8.5,0.0,18.0,20,0.0,,,,,,,,,,0.0,0.0,0.0,0.0
2018,3,gasly,toro_rosso,17,18,18,Finished,0.0,56,Chinese Grand Prix,Shanghai,2018-04-15,conventional,17,0 days 00:01:34.101000,,,0,0,0,0,6.0,13.0,0.0,2.0,0.0,16.0,3.0,13.25,6,12.0,,,,,,,,,,0.0,0.0,0.0,0.0
2018,4,gasly,toro_rosso,17,12,12,Finished,0.0,51,Azerbaijan Grand Prix,Baku,2018-04-29,conventional,17,0 days 00:01:44.496000,,,0,0,0,0,4.0,14.333333333333334,0.0,3.0,0.5,18.0,2.0,14.166666666666666,17,0.0,,,,,,,,,,0.0,0.0,0.0,0.0
2018,5,gasly,toro_rosso,12,19,R,Collision,0.0,0,Spanish Grand Prix,Barcelona,2018-05-13,conventional,12,0 days 00:01:18.550000,0 days 00:01:18.463000,,0,0,0,1,4.0,13.333333333333334,0.0,4.0,0.0,16.0,2.1666666666666665,14.166666666666666,17,0.0,,,,,,,,,,0.0,0.0,0.0,0.0
2018,6,gasly,toro_rosso,10,7,7,Finished,6.0,78,Monaco Grand Prix,Monte Carlo,2018-05-27,conventional,10,0 days 00:01:12.941000,0 days 00:01:12.313000,0 days 00:01:12.221000,6,1,0,0,0.0,15.333333333333334,0.2,5.0,3.0,13.0,0.16666666666666666,16.666666666666668,12,0.0,,,,,,,,,,0.0,0.0,0.0,0.0
2018,7,gasly,toro_rosso,16,11,11,+1 Lap,0.0,67,Canadian Grand Prix,Montréal,2018-06-10,conventional,16,0 days 00:01:13.047000,,,0,0,0,0,2.0,13.0,0.16666666666666666,6.0,0.0,14.0,1.1666666666666667,15.666666666666666,10,6.0,,,,,,,,,,0.0,0.0,0.0,0.0
2018,8,gasly,toro_rosso,14,20,R,Collision,0.0,0,French Grand Prix,Le Castellet,2018-06-24,conventional,14,0 days 00:01:32.447000,0 days 00:01:32.460000,,0,0,0,1,2.0,12.666666666666666,0.14285714285714285,7.0,0.0,15.5,1.0,14.333333333333334,16,0.0,,,,,,,,,,0.0,0.0,0.0,0.0
2018,9,gasly,toro_rosso,12,11,11,+1 Lap,0.0,70,Austrian Grand Prix,Spielberg,2018-07-01,conventional,12,0 days 00:01:05.011000,0 days 00:01:04.874000,,0,0,0,0,2.0,13.333333333333334,0.25,8.0,0.0,15.5,1.0,14.166666666666666,14,0.0,,,,,,,,,,0.0,0.0,0.0,0.0
2018,10,gasly,toro_rosso,14,13,13,Finished,0.0,52,British Grand Prix,Silverstone,2018-07-08,conventional,14,0 days 00:01:28.399000,0 days 00:01:28.343000,,0,0,0,0,0.0,14.0,0.2222222222222222,9.0,0.0,17.0,0.0,15.0,12,0.0,,,,,,,,,,0.0,0.0,0.0,0.0
2018,11,gasly,toro_rosso,16,14,14,+1 Lap,0.0,66,German Grand Prix,Hockenheim,2018-07-22,conventional,17,0 days 00:01:13.749000,,,0,0,0,0,0.0,13.333333333333334,0.2,10.0,0.5,17.5,0.0,16.0,14,0.0,,,,,,,,,,0.0,0.0,0.0,0.0
2018,12,gasly,toro_rosso,6,6,6,Finished,8.0,70,Hungarian Grand Prix,Budapest,2018-07-29,conventional,6,0 days 00:01:18.577000,0 days 00:01:31.286000,0 days 00:01:37.591000,8,1,0,0,0.0,14.333333333333334,0.2,11.0,4.0,7.0,0.16666666666666666,16.666666666666668,17,0.0,,,,,,,,,,0.0,0.0,0.0,0.0
2018,13,gasly,toro_rosso,10,9,9,Finished,2.0,44,Belgian Grand Prix,Spa-Francorchamps,2018-08-26,conventional,11,0 days 00:01:44.221000,0 days 00:01:43.844000,,2,1,0,0,2.6666666666666665,12.333333333333334,0.2,12.0,1.0,11.5,1.5,13.833333333333334,6,8.0,,,,,,,,,,0.0,0.0,0.0,0.0
2018,14,gasly,toro_rosso,9,14,14,+1 Lap,0.0,52,Italian Grand Prix,Monza,2018-09-02,conventional,9,0 days 00:01:21.834000,0 days 00:01:21.667000,0 days 00:01:21.350000,0,0,0,0,3.3333333333333335,11.333333333333334,0.2,13.0,0.0,13.5,1.8333333333333333,12.0,11,2.0,,,,,,,,,,0.0,0.0,0.0,0.0
2018,15,gasly,toro_rosso,15,13,13,+1 Lap,0.0,60,Singapore Grand Prix,Singapore,2018-09-16,conventional,15,0 days 00:01:39.614000,0 days 00:01:39.691000,,0,0,0,0,3.3333333333333335,8.666666666666666,0.2,14.0,0.0,16.0,1.6666666666666667,10.666666666666666,9,0.0,,,,,,,,,,0.0,0.0,0.0,0.0
2018,16,gasly,toro_rosso,17,19,R,Brakes,0.0,4,Russian Grand Prix,Sochi,2018-09-30,conventional,13,0 days 00:01:34.383000,,,0,0,0,0,0.6666666666666666,11.666666666666666,0.1,15.0,0.0,14.5,0.3333333333333333,13.666666666666666,15,0.0,,,,,,,,,,0.0,0.0,0.0,0.0
2018,17,gasly,toro_rosso,7,11,11,+1 Lap,0.0,52,Japanese Grand Prix,Suzuka,2018-10-07,conventional,7,0 days 00:01:30.137000,0 days 00:01:29.810000,0 days 00:01:30.093000,0,0,0,0,0.0,12.333333333333334,0.1,16.0,0.0,6.5,0.0,14.666666666666666,13,0.0,,,,,,,,,,0.0,0.0,0.0,0.0
2018,18,gasly,toro_rosso,19,12,12,+1 Lap,0.0,55,United States Grand Prix,Austin,2018-10-21,conventional,13,0 days 00:01:34.850000,,,0,0,0,0,0.0,11.666666666666666,0.1,17.0,1.0,13.5,0.0,12.333333333333334,7,0.0,,,,,,,,,,0.0,0.0,0.0,0.0
2018,19,gasly,toro_rosso,20,10,10,+2 Laps,1.0,69,Mexican Grand Prix,Mexico City,2018-10-28,conventional,15,0 days 00:01:16.828000,,,1,1,0,0,0.0,11.0,0.0,18.0,0.5,14.5,0.3333333333333333,11.5,13,0.0,,,,,,,,,,0.0,0.0,0.0,0.0
2018,20,gasly,toro_rosso,9,13,13,+1 Lap,0.0,70,Brazilian Grand Prix,São Paulo,2018-11-11,conventional,10,0 days 00:01:09.046000,0 days 00:01:08.616000,0 days 00:01:09.029000,0,0,0,0,0.3333333333333333,11.666666666666666,0.0,19.0,0.0,13.5,0.5,11.5,15,1.0,,,,,,,,,,0.0,0.0,0.0,0.0
2018,21,gasly,toro_rosso,17,16,R,Engine,0.0,46,Abu Dhabi Grand Prix,Yas Marina,2018-11-25,conventional,17,0 days 00:01:38.166000,,,0,0,0,0,0.3333333333333333,12.666666666666666,0.0,20.0,0.0,16.5,0.5,13.833333333333334,10,0.0,,,,,,,,,,0.0,0.0,0.0,0.0
2019,1,gasly,red_bull,17,11,11,+1 Lap,0.0,57,Australian Grand Prix,Melbourne,2019-03-17,conventional,17,0 days 00:01:23.020000,,,0,0,0,0,0.3333333333333333,14.0,0.0,21.0,7.5,10.5,13.666666666666666,4.166666666666667,17,0.0,,,,,,,,,,0.0,0.0,0.0,0.0
2019,2,gasly,red_bull,13,8,8,Finished,4.0,57,Bahrain Grand Prix,Sakhir,2019-03-31,conventional,13,0 days 00:01:29.900000,0 days 00:01:29.526000,,4,1,0,0,0.0,14.666666666666666,0.0,22.0,8.0,9.0,12.0,7.166666666666667,17,0.0,,,,,,,,,,0.0,0.0,0.0,0.0
2019,3,gasly,red_bull,6,6,6,Finished,9.0,56,Chinese Grand Prix,Shanghai,2019-04-14,conventional,6,0 days 00:01:33.863000,0 days 00:01:32.948000,0 days 00:01:32.930000,8,1,0,0,1.3333333333333333,15.666666666666666,0.0,23.0,10.0,5.5,9.666666666666666,8.333333333333334,13,4.0,,,,,,,,,,0.0,0.0,0.0,0.0
2019,4,gasly,red_bull,0,17,R,Transmission,0.0,38,Azerbaijan Grand Prix,Baku,2019-04-28,conventional,20,,,,0,0,0,0,4.0,12.0,0.0,24.0,6.0,12.0,8.5,8.333333333333334,6,8.0,,,,,,,,,,0.0,0.0,0.0,0.0
2019,5,gasly,red_bull,6,6,6,Finished,8.0,66,Spanish Grand Prix,Barcelona,2019-05-12,conventional,6,0 days 00:01:17.862000,0 days 00:01:16.932000,0 days 00:01:16.708000,8,1,0,0,4.0,13.0,0.0,25.0,11.5,5.0,8.0,8.833333333333334,20,0.0,,,,,,,,,,0.0,0.0,0.0,0.0
2019,6,gasly,red_bull,8,5,5,Finished,11.0,78,Monaco Grand Prix,Monte Carlo,2019-05-26,conventional,5,0 days 00:01:11.740000,0 days 00:01:11.457000,0 days 00:01:11.041000,10,1,0,0,5.333333333333333,10.666666666666666,0.0,26.0,11.0,4.0,9.166666666666666,7.5,6,8.0,,,,,,,,,,0.0,0.0,0.0,0.0
2019,7,gasly,red_bull,5,8,8,+1 Lap,4.0,69,Canadian Grand Prix,Montréal,2019-06-09,conventional,5,0 days 00:01:12.023000,0 days 00:01:11.196000,0 days 00:01:11.079000,4,1,0,0,6.0,10.333333333333334,0.0,27.0,7.0,8.0,9.5,7.0,5,10.0,,,,,,,,,,0.0,0.0,0.0,0.0
2019,8,gasly,red_bull,9,10,10,+1 Lap,1.0,52,French Grand Prix,Le Castellet,2019-06-23,conventional,9,0 days 00:01:31.152000,0 days 00:01:30.421000,0 days 00:01:30.184000,1,1,0,0,7.333333333333333,5.333333333333333,0.0,28.0,6.5,6.5,9.833333333333334,5.666666666666667,5,4.0,,,,,,,,,,0.0,0.0,0.0,0.0
2019,9,gasly,red_bull,8,7,7,+1 Lap,6.0,70,Austrian Grand Prix,Spielberg,2019-06-30,conventional,9,0 days 00:01:04.412000,0 days 00:01:03.988000,0 days 00:01:04.199000,6,1,0,0,5.0,6.333333333333333,0.0,29.0,15.5,6.0,8.166666666666666,6.166666666666667,9,1.0,,,,,,,,,,0.0,0.0,0.0,0.0
2019,10,gasly,red_bull,5,4,4,Finished,12.0,52,British Grand Prix,Silverstone,2019-07-14,conventional,5,0 days 00:01:26.273000,0 days 00:01:26.038000,0 days 00:01:25.590000,12,1,0,0,3.6666666666666665,7.666666666666667,0.0,30.0,11.0,4.5,9.666666666666666,6.833333333333333,9,6.0,,,,,,,,,,0.0,0.0,0.0,0.0
2019,11,gasly,red_bull,4,14,14,Collision,0.0,61,German Grand Prix,Hockenheim,2019-07-28,conventional,4,0 days 00:01:12.991000,0 days 00:01:12.385000,0 days 00:01:12.522000,0,0,0,1,6.333333333333333,7.666666666666667,0.0,31.0,12.5,3.0,11.0,5.666666666666667,5,12.0,,,,,,,,,,0.0,0.0,0.0,0.0
2019,12,gasly,red_bull,6,6,6,+1 Lap,8.0,69,Hungarian Grand Prix,Budapest,2019-08-04,conventional,6,0 days 00:01:16.716000,0 days 00:01:16.393000,0 days 00:01:15.450000,8,1,0,0,6.0,6.0,0.1,32.0,13.0,3.5,13.0,4.5,4,0.0,,,,,,,,,,0.0,0.0,0.0,0.0
2019,13,gasly,toro_rosso,13,9,9,Finished,2.0,44,Belgian Grand Prix,Spa-Francorchamps,2019-09-01,conventional,16,0 days 00:01:46.435000,,,2,1,0,0,6.666666666666667,5.0,0.1,33.0,4.0,17.0,4.333333333333333,13.666666666666666,6,8.0,,,,,,,,,,0.0,0.0,0.0,0.0
2019,14,gasly,toro_rosso,17,11,11,+1 Lap,0.0,52,Italian Grand Prix,Monza,2019-09-08,conventional,15,0 days 00:01:20.508000,0 days 00:01:21.125000,,0,0,0,0,3.3333333333333335,8.666666666666666,0.1,34.0,0.0,14.0,5.333333333333333,15.0,16,2.0,,,,,,,,,,0.0,0.0,0.0,0.0
2019,15,gasly,toro_rosso,11,8,8,Finished,4.0,61,Singapore Grand Prix,Singapore,2019-09-22,conventional,12,0 days 00:01:39.085000,0 days 00:01:38.699000,,4,1,0,0,3.3333333333333335,12.333333333333334,0.1,35.0,2.0,13.5,1.5,14.5,15,0.0,,,,,,,,,,0.0,0.0,0.0,0.0
2019,16,gasly,toro_rosso,16,14,14,Finished,0.0,53,Russian Grand Prix,Sochi,2019-09-29,conventional,11,0 days 00:01:34.456000,0 days 00:01:33.950000,,0,0,0,0,2.0,14.333333333333334,0.1,36.0,0.0,15.5,2.0,14.833333333333334,12,4.0,,,,,,,,,,0.0,0.0,0.0,0.0
2019,17,gasly,toro_rosso,9,7,7,+1 Lap,6.0,51,Japanese Grand Prix,Suzuka,2019-10-13,conventional,9,0 days 00:01:29.411000,0 days 00:01:28.779000,0 days 00:01:28.836000,6,1,0,0,1.3333333333333333,12.666666666666666,0.1,37.0,3.5,11.5,0.6666666666666666,14.333333333333334,11,0.0,,,,,,,,,,0.0,0.0,0.0,0.0
2019,18,gasly,toro_rosso,10,9,9,+1 Lap,2.0,70,Mexican Grand Prix,Mexico City,2019-10-27,conventional,10,0 days 00:01:17.065000,0 days 00:01:16.679000,0 days 00:01:16.586000,2,1,0,0,3.3333333333333335,10.666666666666666,0.1,38.0,1.0,9.5,1.8333333333333333,13.5,9,6.0,,,,,,,,,,0.0,0.0,0.0,0.0
2019,19,gasly,toro_rosso,10,16,16,Suspension,0.0,54,United States Grand Prix,Austin,2019-11-03,conventional,10,0 days 00:01:33.556000,0 days 00:01:33.715000,0 days 00:01:33.601000,0,0,0,0,2.6666666666666665,10.0,0.1,39.0,0.0,11.5,1.5,12.166666666666666,10,2.0,,,,,,,,,,0.0,0.0,0.0,0.0
2019,20,gasly,toro_rosso,6,2,2,Finished,18.0,71,Brazilian Grand Prix,São Paulo,2019-11-17,conventional,7,0 days 00:01:08.909000,0 days 00:01:08.770000,0 days 00:01:08.837000,18,1,1,0,2.6666666666666665,9.666666666666666,0.1,40.0,9.5,11.5,1.5,10.833333333333334,10,0.0,,,,,,,,,,0.0,0.0,0.0,0.0
2019,21,gasly,toro_rosso,11,18,18,+2 Laps,0.0,53,Abu Dhabi Grand Prix,Yas Island,2019-12-01,conventional,12,0 days 00:01:37.198000,0 days 00:01:37.089000,,0,0,0,0,6.666666666666667,9.0,0.1,41.0,1.0,13.0,3.5,10.833333333333334,7,18.0,,,,,,,,,,0.0,0.0,0.0,0.0
2020,1,gasly,alphatauri,12,7,7,Finished,6.0,71,Austrian Grand Prix,Spielberg,2020-07-05,conventional,12,0 days 00:01:04.603000,0 days 00:01:04.305000,,6,1,0,0,6.0,9.666666666666666,0.0,42.0,3.0,12.5,,,12,0.0,,,,,,,,,,0.0,0.0,0.0,0.0
2020,2,gasly,alphatauri,7,15,15,+1 Lap,0.0,70,Styrian Grand Prix,Spielberg,2020-07-12,conventional,8,0 days 00:01:20.192000,0 days 00:01:18.744000,0 days 00:01:21.028000,0,0,0,0,8.0,10.333333333333334,0.0,43.0,0.5,11.0,3.0,12.5,12,6.0,10.333333333333334,9.0,1.0,1.0,0.0,1.0,4.607928496543157,0.0,1.0,0.0,0.0,0.0,0.0
2020,3,gasly,alphatauri,10,20,R,Engine,0.0,15,Hungarian Grand Prix,Budapest,2020-07-19,conventional,10,0 days 00:01:15.767000,0 days 00:01:15.508000,,0,0,0,0,2.0,10.666666666666666,0.0,44.0,0.0,13.5,1.75,11.75,8,0.0,10.666666666666666,11.0,1.0,1.0,0.0,0.0,2.375956109167767,0.0,0.0,0.0,1.0,1.0,-1.0
2020,4,gasly,alphatauri,11,7,7,Finished,6.0,52,British Grand Prix,Silverstone,2020-08-02,conventional,11,0 days 00:01:26.343000,0 days 00:01:26.501000,,6,1,0,0,2.0,10.0,0.0,45.0,3.0,12.5,1.1666666666666667,12.333333333333334,10,0.0,10.0,10.0,-1.0,0.0,1.0,0.0,1.138350770003206,6.0,0.0,0.0,1.0,2.0,-1.0
2020,5,gasly,alphatauri,7,11,11,Finished,0.0,52,70th Anniversary Grand Prix,Silverstone,2020-08-09,conventional,7,0 days 00:01:27.154000,0 days 00:01:26.523000,0 days 00:01:26.534000,0,0,0,0,2.0,9.666666666666666,0.0,46.0,0.5,11.5,1.1666666666666667,12.333333333333334,11,6.0,9.666666666666666,11.0,4.0,4.0,0.0,8.0,5.474160615342139,0.0,8.0,6.0,1.0,3.0,5.0
2020,6,gasly,alphatauri,10,9,9,+1 Lap,2.0,65,Spanish Grand Prix,Barcelona,2020-08-16,conventional,10,0 days 00:01:17.356000,0 days 00:01:16.800000,0 days 00:01:17.136000,2,1,0,0,2.0,9.333333333333334,0.0,47.0,1.0,11.0,1.1666666666666667,12.5,7,0.0,9.333333333333334,10.0,0.0,0.0,-0.0,0.0,1.4633354000950614,2.0,0.0,6.0,8.0,3.0,-2.0
2020,7,gasly,alphatauri,12,8,8,Finished,4.0,44,Belgian Grand Prix,Spa-Francorchamps,2020-08-30,conventional,12,0 days 00:01:43.262000,0 days 00:01:42.745000,,4,1,0,0,2.6666666666666665,9.333333333333334,0.0,48.0,2.0,11.5,1.5,11.666666666666666,10,2.0,9.333333333333334,11.0,-1.0,0.0,1.0,0.0,1.8705620191479766,4.0,0.0,8.0,8.0,3.0,0.0
2020,8,gasly,alphatauri,10,1,1,Finished,25.0,53,Italian Grand Prix,Monza,2020-09-06,conventional,10,0 days 00:01:20.145000,0 days 00:01:19.909000,0 days 00:01:20.177000,25,1,1,0,2.0,9.666666666666666,0.0,49.0,13.5,10.5,1.1666666666666667,11.333333333333334,12,4.0,9.666666666666666,10.0,0.0,0.0,-0.0,0.0,2.7529911467763712,25.0,0.0,6.0,8.0,3.0,-2.0
2020,9,gasly,alphatauri,16,20,R,Collision,0.0,0,Tuscan Grand Prix,Mugello,2020-09-13,conventional,16,0 days 00:01:17.125000,,,0,0,0,1,10.333333333333334,10.666666666666666,0.0,50.0,3.0,14.0,5.5,11.0,10,25.0,10.666666666666666,10.0,-6.0,0.0,6.0,8.0,10.385812507611838,0.0,8.0,31.0,0.0,3.0,31.0
2020,10,gasly,alphatauri,9,9,9,Finished,2.0,53,Russian Grand Prix,Sochi,2020-09-27,conventional,9,0 days 00:01:33.734000,0 days 00:01:33.139000,0 days 00:01:33,2,1,0,0,9.666666666666666,12.666666666666666,0.1,51.0,3.0,10.5,6.166666666666667,12.0,16,0.0,12.666666666666666,13.0,4.0,4.0,0.0,6.0,5.3849074259903835,0.0,4.0,29.0,8.0,3.0,21.0
2020,11,gasly,alphatauri,12,6,6,Finished,8.0,60,Eifel Grand Prix,Nürburgring,2020-10-11,conventional,12,0 days 00:01:27.072000,0 days 00:01:26.776000,,8,1,0,0,9.0,11.666666666666666,0.1,52.0,4.0,12.5,6.5,11.666666666666666,9,2.0,11.666666666666666,12.0,0.0,0.0,-0.0,6.0,4.561111988248146,2.0,0.0,25.0,12.0,3.0,13.0
2020,12,gasly,alphatauri,9,5,5,+1 Lap,10.0,65,Portuguese Grand Prix,Portimão,2020-10-25,conventional,9,0 days 00:01:17.209000,0 days 00:01:17.367000,0 days 00:01:17.803000,10,1,0,0,3.3333333333333335,12.333333333333334,0.1,53.0,5.0,11.0,3.3333333333333335,12.333333333333334,12,8.0,12.333333333333334,12.0,3.0,3.0,0.0,2.0,7.915423968946163,8.0,0.0,2.0,12.0,3.0,-10.0
2020,13,gasly,alphatauri,4,20,R,Water pressure,0.0,8,Emilia Romagna Grand Prix,Imola,2020-11-01,conventional,4,0 days 00:01:15.183000,0 days 00:01:14.681000,0 days 00:01:14.502000,0,0,0,0,6.666666666666667,10.0,0.1,54.0,6.0,6.0,4.0,11.333333333333334,9,10.0,10.0,11.0,7.0,7.0,0.0,12.0,7.689675529284097,0.0,12.0,10.0,4.0,3.0,6.0
2020,14,gasly,alphatauri,19,13,13,+1 Lap,0.0,57,Turkish Grand Prix,Istanbul,2020-11-15,conventional,15,0 days 00:02:05.579000,0 days 00:01:58.556000,,0,0,0,0,6.0,8.333333333333334,0.1,55.0,0.0,16.0,5.0,9.833333333333334,4,0.0,8.333333333333334,7.0,-8.0,0.0,8.0,0.0,1.9444857576375352,0.0,0.0,10.0,12.0,3.0,-2.0
2020,15,gasly,alphatauri,8,6,6,Finished,8.0,57,Bahrain Grand Prix,Sakhir,2020-11-29,conventional,8,0 days 00:01:28.971000,0 days 00:01:29.008000,0 days 00:01:28.448000,8,1,0,0,3.3333333333333335,9.333333333333334,0.1,56.0,4.0,9.0,3.6666666666666665,11.0,15,0.0,9.333333333333334,8.0,0.0,0.0,-0.0,0.0,3.2928871215659443,8.0,0.0,8.0,12.0,3.0,-4.0
2020,16,gasly,alphatauri,9,11,11,Finished,0.0,87,Sakhir Grand Prix,Sakhir,2020-12-06,conventional,9,0 days 00:00:54.207000,0 days 00:00:53.941000,0 days 00:00:54.154000,0,0,0,0,2.6666666666666665,9.0,0.1,57.0,3.0,7.5,3.3333333333333335,10.333333333333334,8,8.0,9.0,7.0,-2.0,0.0,2.0,0.0,1.3158242553882653,0.0,0.0,8.0,12.0,3.0,-4.0
2020,17,gasly,alphatauri,9,8,8,Finished,4.0,55,Abu Dhabi Grand Prix,Yas Island,2020-12-13,conventional,10,0 days 00:01:36.545000,0 days 00:01:36.282000,0 days 00:01:36.242000,4,1,0,0,2.6666666666666665,10.666666666666666,0.1,58.0,2.0,8.5,2.3333333333333335,10.833333333333334,9,0.0,10.666666666666666,10.0,0.0,0.0,-0.0,2.0,5.552893000434278,2.0,0.0,8.0,0.0,3.0,8.0
2021,1,gasly,alphatauri,5,17,17,Retired,0.0,52,Bahrain Grand Prix,Sakhir,2021-03-28,conventional,5,0 days 00:01:30.848000,0 days 00:01:30.513000,0 days 00:01:29.809000,0,0,0,0,4.0,9.0,0.1,59.0,1.0,9.0,3.0,8.333333333333334,10,4.0,9.0,7.0,2.0,2.0,0.0,4.0,7.715690047512837,0.0,4.0,0.0,0.0,0.0,0.0
2021,2,gasly,alphatauri,5,7,7,Finished,6.0,63,Emilia Romagna Grand Prix,Imola,2021-04-18,conventional,5,0 days 00:01:15.548000,0 days 00:01:14.927000,0 days 00:01:14.790000,6,1,0,0,1.3333333333333333,8.0,0.1,60.0,3.0,12.5,2.0,8.333333333333334,5,0.0,8.0,6.0,1.0,1.0,0.0,8.0,5.479109038637873,0.0,2.0,0.0,4.0,1.0,-4.0
2021,3,gasly,alphatauri,9,10,10,Finished,1.0,66,Portuguese Grand Prix,Portimão,2021-05-02,conventional,9,0 days 00:01:19.464000,0 days 00:01:19.052000,0 days 00:01:19.475000,1,1,0,0,3.3333333333333335,6.666666666666667,0.0,61.0,0.5,11.5,2.0,10.0,5,6.0,6.666666666666667,6.0,-3.0,0.0,3.0,6.0,4.655594343383747,0.0,5.0,0.0,6.0,2.0,-6.0
2021,4,gasly,alphatauri,12,10,10,+1 Lap,1.0,65,Spanish Grand Prix,Barcelona,2021-05-09,conventional,12,0 days 00:01:18.190000,0 days 00:01:17.982000,,1,1,0,0,2.3333333333333335,6.333333333333333,0.0,62.0,0.5,14.0,1.5,11.0,9,1.0,6.333333333333333,6.0,-6.0,0.0,6.0,0.0,2.6107755889394717,1.0,0.0,0.0,11.0,3.0,-11.0
2021,5,gasly,alphatauri,6,6,6,Finished,8.0,78,Monaco Grand Prix,Monte Carlo,2021-05-23,conventional,6,0 days 00:01:11.560000,0 days 00:01:11.179000,0 days 00:01:10.900000,8,1,0,0,2.6666666666666665,8.666666666666666,0.0,63.0,4.0,11.0,1.3333333333333333,12.666666666666666,12,1.0,8.666666666666666,9.0,3.0,3.0,0.0,4.0,4.678545553775959,4.0,0.0,1.0,7.0,3.0,-6.0
2021,6,gasly,alphatauri,4,3,3,Finished,15.0,51,Azerbaijan Grand Prix,Baku,2021-06-06,conventional,4,0 days 00:01:42.288000,0 days 00:01:41.932000,0 days 00:01:41.565000,15,1,1,0,3.3333333333333335,9.0,0.0,64.0,10.5,6.0,1.6666666666666667,12.166666666666666,6,8.0,9.0,9.0,5.0,5.0,0.0,12.0,10.549486938568847,3.0,0.0,5.0,5.0,3.0,0.0
2021,7,gasly,alphatauri,6,7,7,Finished,6.0,53,French Grand Prix,Le Castellet,2021-06-20,conventional,6,0 days 00:01:31.898000,0 days 00:01:31.353000,0 days 00:01:30.868000,6,1,0,0,8.0,7.333333333333333,0.0,65.0,3.0,13.0,5.0,10.333333333333334,4,15.0,7.333333333333333,7.0,1.0,1.0,0.0,6.0,5.671796148238757,0.0,0.0,8.0,0.0,3.0,8.0
2021,8,gasly,alphatauri,6,20,R,Collision,0.0,1,Styrian Grand Prix,Spielberg,2021-06-27,conventional,6,0 days 00:01:04.765000,0 days 00:01:04.429000,0 days 00:01:04.236000,0,0,0,1,9.666666666666666,5.333333333333333,0.0,66.0,0.5,7.0,5.833333333333333,10.0,6,6.0,5.333333333333333,6.0,0.0,0.0,-0.0,10.0,7.361079060716061,0.0,10.0,7.0,0.0,3.0,7.0
2021,9,gasly,alphatauri,6,9,9,Finished,2.0,71,Austrian Grand Prix,Spielberg,2021-07-04,conventional,6,0 days 00:01:04.841000,0 days 00:01:04.412000,0 days 00:01:04.107000,2,1,0,0,7.0,5.333333333333333,0.1,67.0,1.0,6.5,4.666666666666667,8.666666666666666,6,0.0,5.333333333333333,5.0,-1.0,0.0,1.0,6.0,7.591084456573501,0.0,4.0,3.0,10.0,3.0,-7.0
2021,11,gasly,alphatauri,5,5,5,Finished,11.0,70,Hungarian Grand Prix,Budapest,2021-08-01,conventional,5,0 days 00:01:16.874000,0 days 00:01:16.394000,0 days 00:01:16.483000,10,1,0,0,2.6666666666666665,6.0,0.1,68.0,9.0,10.5,1.5,8.833333333333334,6,2.0,6.0,6.0,1.0,1.0,0.0,4.0,4.82921893079648,6.0,0.0,0.0,14.0,3.0,-14.0
2021,12,gasly,alphatauri,6,6,6,Finished,4.0,1,Belgian Grand Prix,Spa-Francorchamps,2021-08-29,conventional,6,0 days 00:02:00.387000,0 days 00:01:56.440000,0 days 00:02:01.164000,8,1,0,0,4.0,5.666666666666667,0.1,69.0,4.0,11.5,3.5,8.0,5,10.0,5.666666666666667,6.0,0.0,0.0,-0.0,8.0,6.453814314787979,0.0,0.0,6.0,14.0,3.0,-8.0
2021,13,gasly,alphatauri,4,4,4,+1 Lap,12.0,71,Dutch Grand Prix,Zandvoort,2021-09-05,conventional,4,0 days 00:01:10.274000,0 days 00:01:09.541000,0 days 00:01:09.478000,12,1,0,0,6.666666666666667,5.666666666666667,0.1,70.0,6.0,9.5,4.666666666666667,9.5,6,8.0,5.666666666666667,5.0,1.0,1.0,0.0,12.0,7.826226623807316,0.0,0.0,6.0,4.0,3.0,2.0
2021,15,gasly,alphatauri,11,13,13,+1 Lap,0.0,52,Russian Grand Prix,Sochi,2021-09-26,conventional,12,0 days 00:01:47.828000,0 days 00:01:46.641000,,0,0,0,0,10.0,5.0,0.1,71.0,0.0,12.5,6.333333333333333,10.5,4,12.0,5.0,4.0,-8.0,0.0,8.0,0.0,3.7533889338835253,0.0,0.0,6.0,0.0,3.0,6.0
2021,16,gasly,alphatauri,4,6,6,Finished,8.0,58,Turkish Grand Prix,Istanbul,2021-10-10,conventional,5,0 days 00:01:24.704000,0 days 00:01:23.817000,0 days 00:01:23.326000,8,1,0,0,6.666666666666667,7.333333333333333,0.1,72.0,4.0,7.5,3.3333333333333335,11.166666666666666,12,0.0,7.333333333333333,6.0,1.0,1.0,0.0,10.0,7.019059587206725,0.0,2.0,0.0,0.0,3.0,0.0
2021,17,gasly,alphatauri,8,20,R,Suspension,0.0,14,United States Grand Prix,Austin,2021-10-24,conventional,9,0 days 00:01:34.567000,0 days 00:01:34.583000,0 days 00:01:34.118000,0,0,0,0,6.666666666666667,7.0,0.1,73.0,1.0,9.5,3.3333333333333335,9.833333333333334,5,8.0,7.0,4.0,-5.0,0.0,5.0,4.0,5.203306740374219,0.0,4.0,0.0,2.0,3.0,-2.0
2021,18,gasly,alphatauri,5,4,4,Finished,12.0,71,Mexico City Grand Prix,Mexico City,2021-11-07,conventional,5,0 days 00:01:16.908000,0 days 00:01:16.955000,0 days 00:01:16.456000,12,1,0,0,2.6666666666666665,8.666666666666666,0.1,74.0,6.0,7.0,1.6666666666666667,9.833333333333334,9,0.0,8.666666666666666,9.0,4.0,4.0,0.0,8.0,6.477114055792712,4.0,0.0,0.0,6.0,3.0,-6.0
2021,20,gasly,alphatauri,2,11,11,+1 Lap,0.0,56,Qatar Grand Prix,Lusail,2021-11-21,conventional,4,0 days 00:01:22.535000,0 days 00:01:21.728000,0 days 00:01:21.640000,0,0,0,0,6.666666666666667,6.333333333333333,0.1,75.0,0.0,6.0,3.6666666666666665,8.0,5,12.0,6.333333333333333,6.0,2.0,2.0,0.0,8.0,7.323716756983448,0.0,8.0,4.0,6.0,3.0,-2.0
2021,21,gasly,alphatauri,6,6,6,Finished,8.0,50,Saudi Arabian Grand Prix,Jeddah,2021-12-05,conventional,6,0 days 00:01:28.401000,0 days 00:01:28.314000,0 days 00:01:28.125000,8,1,0,0,4.0,6.0,0.1,76.0,4.0,7.0,2.3333333333333335,7.5,4,0.0,6.0,4.0,-2.0,0.0,2.0,4.0,5.481831917135286,4.0,0.0,4.0,12.0,3.0,-8.0
2021,22,gasly,alphatauri,12,5,5,Finished,10.0,58,Abu Dhabi Grand Prix,Yas Island,2021-12-12,conventional,12,0 days 00:01:23.489000,0 days 00:01:24.043000,,10,1,0,0,6.666666666666667,5.0,0.0,77.0,11.0,10.0,3.3333333333333335,6.666666666666667,6,8.0,5.0,4.0,-8.0,0.0,8.0,6.0,4.350118859162472,4.0,0.0,8.0,8.0,3.0,0.0
2022,1,gasly,alphatauri,10,20,R,Power Unit,0.0,44,Bahrain Grand Prix,Sakhir,2022-03-20,conventional,10,0 days 00:01:32.096000,0 days 00:01:31.635000,0 days 00:01:32.338000,0,0,0,0,6.0,7.333333333333333,0.0,78.0,2.0,13.0,5.0,7.666666666666667,12,10.0,7.333333333333333,7.0,-3.0,0.0,3.0,4.0,4.624323256375668,0.0,4.0,0.0,0.0,0.0,0.0
2022,2,gasly,alphatauri,9,8,8,Finished,4.0,50,Saudi Arabian Grand Prix,Jeddah,2022-03-27,conventional,9,0 days 00:01:29.891000,0 days 00:01:29.418000,0 days 00:01:29.254000,4,1,0,0,6.0,9.333333333333334,0.0,79.0,2.0,14.5,5.666666666666667,10.0,10,0.0,9.333333333333334,8.0,-1.0,0.0,1.0,0.0,3.909869593731515,4.0,0.0,0.0,4.0,1.0,-4.0
2022,3,gasly,alphatauri,11,9,9,Finished,2.0,58,Australian Grand Prix,Melbourne,2022-04-10,conventional,11,0 days 00:01:19.580000,0 days 00:01:19.226000,,2,1,0,0,4.666666666666667,10.333333333333334,0.0,80.0,1.0,12.0,5.0,12.5,9,4.0,10.333333333333334,10.0,-1.0,0.0,1.0,0.0,2.0942517086006576,2.0,0.0,4.0,4.0,2.0,0.0
2022,5,gasly,alphatauri,7,18,R,Suspension,0.0,45,Miami Grand Prix,Miami,2022-05-08,conventional,7,0 days 00:01:30.779000,0 days 00:01:30.128000,0 days 00:01:29.690000,0,0,0,0,2.0,10.0,0.0,81.0,0.0,8.0,1.6666666666666667,13.166666666666666,11,2.0,10.0,11.0,4.0,4.0,0.0,6.0,5.340454681381022,0.0,6.0,6.0,4.0,3.0,2.0
2022,6,gasly,alphatauri,14,13,13,+1 Lap,0.0,65,Spanish Grand Prix,Barcelona,2022-05-22,conventional,14,0 days 00:01:20.719000,0 days 00:01:20.861000,,0,0,0,0,2.0,9.0,0.0,82.0,0.5,13.5,1.0,11.5,7,0.0,9.0,8.0,-6.0,0.0,6.0,0.0,0.6975158171969733,0.0,0.0,6.0,6.0,3.0,0.0
2022,7,gasly,alphatauri,17,11,11,Finished,0.0,64,Monaco Grand Prix,Monaco,2022-05-29,conventional,17,0 days 00:01:13.660000,,,0,0,0,0,0.6666666666666666,10.666666666666666,0.0,83.0,0.0,14.0,0.5,11.166666666666666,14,0.0,10.666666666666666,10.0,-7.0,0.0,7.0,0.0,0.8497481648987684,0.0,0.0,2.0,6.0,3.0,-4.0
2022,8,gasly,alphatauri,6,5,5,Finished,10.0,51,Azerbaijan Grand Prix,Baku,2022-06-12,conventional,6,0 days 00:01:43.268000,0 days 00:01:43.129000,0 days 00:01:42.845000,10,1,0,0,0.0,12.666666666666666,0.0,84.0,5.0,7.0,0.16666666666666666,11.833333333333334,17,0.0,12.666666666666666,13.0,7.0,7.0,0.0,6.0,6.386905814517419,4.0,0.0,0.0,6.0,3.0,-6.0
2022,9,gasly,alphatauri,15,14,14,Finished,0.0,70,Canadian Grand Prix,Montréal,2022-06-19,conventional,16,0 days 00:01:34.492000,,,0,0,0,0,3.3333333333333335,12.333333333333334,0.0,85.0,0.0,18.0,1.8333333333333333,11.5,6,10.0,12.333333333333334,14.0,-2.0,0.0,2.0,0.0,1.7675589235341214,0.0,0.0,4.0,0.0,3.0,4.0
2022,10,gasly,alphatauri,11,16,R,Collision damage,0.0,26,British Grand Prix,Silverstone,2022-07-03,conventional,11,0 days 00:01:41.680000,0 days 00:01:43.702000,,0,0,0,1,3.3333333333333335,13.0,0.0,86.0,0.0,12.0,1.6666666666666667,13.0,16,0.0,13.0,14.0,3.0,3.0,0.0,1.0,3.3532272558406993,0.0,1.0,4.0,0.0,3.0,4.0
2022,12,gasly,alphatauri,14,12,12,Finished,0.0,53,French Grand Prix,Le Castellet,2022-07-24,conventional,16,0 days 00:01:33.439000,,,0,0,0,0,3.3333333333333335,11.0,0.1,87.0,0.0,12.0,1.6666666666666667,12.333333333333334,11,0.0,11.0,9.0,-7.0,0.0,7.0,0.0,2.175575630337621,0.0,0.0,4.0,1.0,3.0,3.0
2022,13,gasly,alphatauri,0,12,12,+1 Lap,0.0,69,Hungarian Grand Prix,Budapest,2022-07-31,conventional,19,0 days 00:01:19.527000,,,0,0,0,0,0.0,14.333333333333334,0.1,88.0,0.0,17.5,0.0,14.0,16,0.0,14.333333333333334,16.0,-3.0,0.0,3.0,0.0,0.5579413039882981,0.0,0.0,0.0,1.0,3.0,-1.0
2022,14,gasly,alphatauri,0,9,9,Finished,2.0,44,Belgian Grand Prix,Spa-Francorchamps,2022-08-28,conventional,12,0 days 00:01:46.183000,0 days 00:01:45.827000,,2,1,0,0,0.0,15.333333333333334,0.1,89.0,1.0,15.5,0.0,13.833333333333334,19,0.0,15.333333333333334,15.0,3.0,3.0,0.0,0.0,2.0691233929311896,2.0,0.0,0.0,1.0,3.0,-1.0
2022,15,gasly,alphatauri,11,11,11,Finished,0.0,72,Dutch Grand Prix,Zandvoort,2022-09-04,conventional,11,0 days 00:01:11.705000,0 days 00:01:11.512000,,0,0,0,0,0.6666666666666666,15.666666666666666,0.1,90.0,0.0,10.0,0.3333333333333333,15.0,12,2.0,15.666666666666666,17.0,6.0,6.0,0.0,0.0,1.1963552733186233,0.0,0.0,2.0,0.0,3.0,2.0
2022,16,gasly,alphatauri,5,8,8,Finished,4.0,53,Italian Grand Prix,Monza,2022-09-11,conventional,9,0 days 00:01:22.010000,0 days 00:01:22.062000,0 days 00:01:22.648000,4,1,0,0,0.6666666666666666,14.0,0.1,91.0,2.0,12.0,0.3333333333333333,14.333333333333334,11,0.0,14.0,14.0,5.0,5.0,0.0,1.0,3.116595542914033,3.0,0.0,2.0,0.0,3.0,2.0
2022,17,gasly,alphatauri,7,10,10,Finished,1.0,59,Singapore Grand Prix,Marina Bay,2022-10-02,conventional,7,0 days 00:01:55.606000,0 days 00:01:53.546000,0 days 00:01:51.211000,1,1,0,0,2.0,10.666666666666666,0.1,92.0,0.5,8.5,1.0,12.5,9,4.0,10.666666666666666,10.0,3.0,3.0,0.0,2.0,3.231935405214539,0.0,1.0,5.0,0.0,3.0,5.0
2022,18,gasly,alphatauri,17,18,18,Finished,0.0,28,Japanese Grand Prix,Suzuka,2022-10-09,conventional,17,0 days 00:01:31.322000,,,0,0,0,0,1.6666666666666667,9.0,0.1,93.0,0.0,15.0,0.8333333333333334,10.166666666666666,7,1.0,9.0,8.0,-9.0,0.0,9.0,0.0,2.079811918447424,0.0,0.0,3.0,1.0,3.0,2.0
2022,19,gasly,alphatauri,11,14,14,Finished,0.0,56,United States Grand Prix,Austin,2022-10-23,conventional,13,0 days 00:01:36.577000,0 days 00:01:36.740000,,0,0,0,0,1.6666666666666667,11.0,0.1,94.0,0.5,14.0,0.8333333333333334,11.833333333333334,17,0.0,11.0,9.0,-4.0,0.0,4.0,0.0,1.122043925632509,0.0,0.0,3.0,1.0,3.0,2.0
2022,20,gasly,alphatauri,14,11,11,+1 Lap,0.0,70,Mexico City Grand Prix,Mexico City,2022-10-30,conventional,14,0 days 00:01:20.256000,0 days 00:01:19.672000,,0,0,0,0,0.3333333333333333,12.333333333333334,0.1,95.0,0.0,13.5,0.3333333333333333,12.5,13,0.0,12.333333333333334,10.0,-4.0,0.0,4.0,0.0,0.6608611352176874,0.0,0.0,0.0,1.0,3.0,-1.0
2022,22,gasly,alphatauri,17,14,14,+1 Lap,0.0,57,Abu Dhabi Grand Prix,Yas Island,2022-11-20,conventional,17,0 days 00:01:25.859000,,,0,0,0,0,0.0,14.666666666666666,0.1,96.0,0.0,14.5,0.16666666666666666,14.166666666666666,14,0.0,14.666666666666666,15.0,-2.0,0.0,2.0,0.0,0.0,0.0,0.0,0.0,0.0,3.0,0.0
2023,1,gasly,alpine,20,9,9,Finished,2.0,57,Bahrain Grand Prix,Sakhir,2023-03-05,conventional,20,0 days 00:01:32.181000,,,2,1,0,0,0.0,14.666666666666666,0.0,97.0,1.0,14.5,2.6666666666666665,10.833333333333334,17,0.0,14.666666666666666,15.0,-5.0,0.0,5.0,0.0,0.43449011482505373,2.0,0.0,0.0,0.0,0.0,0.0
2023,2,gasly,alpine,9,9,9,Finished,2.0,50,Saudi Arabian Grand Prix,Jeddah,2023-03-19,conventional,10,0 days 00:01:29.890000,0 days 00:01:29.411000,0 days 00:01:29.357000,2,1,0,0,0.6666666666666666,17.0,0.0,98.0,3.0,8.5,2.0,11.166666666666666,20,2.0,17.0,18.0,8.0,8.0,0.0,1.0,1.4385920587380174,1.0,0.0,2.0,0.0,1.0,2.0
2023,3,gasly,alpine,9,13,13,Retired,0.0,56,Australian Grand Prix,Melbourne,2023-04-02,conventional,9,0 days 00:01:18.312000,0 days 00:01:17.574000,0 days 00:01:17.675000,0,0,0,0,1.3333333333333333,15.666666666666666,0.0,99.0,0.0,10.0,2.3333333333333335,10.833333333333334,10,2.0,15.666666666666666,17.0,8.0,8.0,0.0,2.0,2.4973345374521823,0.0,2.0,3.0,0.0,2.0,3.0
2023,5,gasly,alpine,5,8,8,Finished,4.0,57,Miami Grand Prix,Miami,2023-05-07,conventional,5,0 days 00:01:28.061000,0 days 00:01:27.612000,0 days 00:01:27.786000,4,1,0,0,1.3333333333333333,13.0,0.0,100.0,3.0,6.5,1.3333333333333333,11.0,9,0.0,13.0,11.0,6.0,6.0,0.0,1.0,3.129472460638281,3.0,0.0,3.0,2.0,3.0,1.0
2023,6,gasly,alpine,7,7,7,Finished,6.0,78,Monaco Grand Prix,Monaco,2023-05-28,conventional,7,0 days 00:01:13.033000,0 days 00:01:12.169000,0 days 00:01:11.933000,6,1,0,0,2.0,8.0,0.0,101.0,10.5,5.5,2.0,8.333333333333334,5,4.0,8.0,6.0,-1.0,0.0,1.0,1.0,3.2401135680190354,5.0,0.0,4.0,2.0,3.0,2.0
2023,7,gasly,alpine,10,10,10,Finished,1.0,66,Spanish Grand Prix,Barcelona,2023-06-04,conventional,4,0 days 00:01:13.471000,0 days 00:01:13.186000,0 days 00:01:12.816000,1,1,0,0,3.3333333333333335,7.0,0.0,102.0,2.5,5.5,4.5,7.333333333333333,7,6.0,7.0,6.0,2.0,2.0,0.0,10.0,9.315063317255044,0.0,9.0,8.0,2.0,3.0,6.0
2023,8,gasly,alpine,15,12,12,Finished,0.0,70,Canadian Grand Prix,Montréal,2023-06-18,conventional,17,0 days 00:01:22.886000,,,0,0,0,0,3.6666666666666665,5.333333333333333,0.0,103.0,2.0,11.5,5.333333333333333,5.833333333333333,4,1.0,5.333333333333333,4.0,-13.0,0.0,13.0,0.0,1.5087734367579215,0.0,0.0,8.0,9.0,3.0,-1.0
2023,10,gasly,alpine,10,18,18,Retired,0.0,46,British Grand Prix,Silverstone,2023-07-09,conventional,10,0 days 00:01:29.533000,0 days 00:01:28.751000,0 days 00:01:27.689000,0,0,0,0,2.3333333333333335,9.333333333333334,0.0,104.0,0.0,11.5,5.0,7.5,17,0.0,9.333333333333334,8.0,-2.0,0.0,2.0,0.0,2.8738987281060044,0.0,0.0,5.0,9.0,3.0,-4.0
2023,11,gasly,alpine,15,20,R,Retired,0.0,1,Hungarian Grand Prix,Budapest,2023-07-23,conventional,15,0 days 00:01:18.743000,0 days 00:01:18.217000,,0,0,0,0,0.3333333333333333,10.333333333333334,0.0,105.0,0.0,13.5,1.5,9.5,10,0.0,10.333333333333334,10.0,-5.0,0.0,5.0,0.0,0.6817113938861956,0.0,0.0,0.0,9.0,3.0,-9.0
2023,13,gasly,alpine,12,3,3,Finished,15.0,72,Dutch Grand Prix,Zandvoort,2023-08-27,conventional,12,0 days 00:01:21.735000,0 days 00:01:20.128000,,15,1,1,0,0.0,14.0,0.0,106.0,8.0,14.5,0.6666666666666666,12.166666666666666,15,0.0,14.0,15.0,3.0,3.0,0.0,0.0,1.0190680960425151,15.0,0.0,0.0,0.0,3.0,0.0
2023,14,gasly,alpine,17,15,15,Finished,0.0,51,Italian Grand Prix,Monza,2023-09-03,conventional,17,0 days 00:01:22.545000,,,0,0,0,0,5.0,12.333333333333334,0.0,107.0,0.0,17.5,2.6666666666666665,13.166666666666666,12,15.0,12.333333333333334,12.0,-5.0,0.0,5.0,0.0,2.0360709225170517,0.0,0.0,15.0,0.0,3.0,15.0
2023,15,gasly,alpine,12,6,6,Finished,8.0,62,Singapore Grand Prix,Marina Bay,2023-09-17,conventional,12,0 days 00:01:32.452000,0 days 00:01:32.274000,,8,1,0,0,5.0,14.666666666666666,0.0,108.0,4.0,10.0,2.6666666666666665,15.166666666666666,17,0.0,14.666666666666666,14.0,2.0,2.0,0.0,1.0,3.058353100082813,7.0,0.0,15.0,0.0,3.0,15.0
2023,16,gasly,alpine,12,10,10,Finished,1.0,53,Japanese Grand Prix,Suzuka,2023-09-24,conventional,12,0 days 00:01:30.843000,0 days 00:01:30.509000,,1,1,0,0,7.666666666666667,13.666666666666666,0.0,109.0,1.5,13.0,4.0,14.0,12,8.0,13.666666666666666,12.0,0.0,0.0,-0.0,2.0,5.180641566702831,0.0,1.0,22.0,0.0,3.0,22.0
2023,19,gasly,alpine,11,11,11,Finished,0.0,71,Mexico City Grand Prix,Mexico City,2023-10-29,conventional,11,0 days 00:01:18.945000,0 days 00:01:18.521000,,0,0,0,0,3.0,13.666666666666666,0.0,110.0,0.5,13.5,1.8333333333333333,13.5,12,1.0,13.666666666666666,16.0,5.0,5.0,0.0,0.0,2.211354075364599,0.0,0.0,7.0,1.0,3.0,6.0
2023,21,gasly,alpine,4,11,11,Finished,0.0,50,Las Vegas Grand Prix,Las Vegas,2023-11-18,conventional,5,0 days 00:01:34.272000,0 days 00:01:33.494000,0 days 00:01:33.239000,0,0,0,0,3.0,11.666666666666666,0.0,111.0,6.0,11.0,2.0,12.166666666666666,11,0.0,11.666666666666666,11.0,6.0,6.0,0.0,4.0,5.449979656242509,0.0,4.0,7.0,1.0,3.0,6.0
2023,22,gasly,alpine,10,13,13,Finished,0.0,58,Abu Dhabi Grand Prix,Yas Island,2023-11-26,conventional,10,0 days 00:01:24.600000,0 days 00:01:24.078000,0 days 00:01:24.548000,0,0,0,0,0.3333333333333333,9.333333333333334,0.0,112.0,0.0,11.0,2.6666666666666665,12.5,5,0.0,9.333333333333334,7.0,-3.0,0.0,3.0,0.0,3.0429075569970374,0.0,0.0,0.0,5.0,3.0,-5.0
2024,1,gasly,alpine,20,18,18,Lapped,0.0,56,Bahrain Grand Prix,Sakhir,2024-03-02,conventional,20,0 days 00:01:30.948000,,,0,0,0,0,0.0,8.666666666666666,0.0,113.0,0.0,19.5,2.1666666666666665,11.833333333333334,10,0.0,8.666666666666666,5.0,-15.0,0.0,15.0,0.0,1.192529110389974,0.0,0.0,0.0,0.0,0.0,0.0
2024,2,gasly,alpine,18,20,R,Retired,0.0,1,Saudi Arabian Grand Prix,Jeddah,2024-03-09,conventional,18,0 days 00:01:29.479000,,,0,0,0,0,0.0,11.666666666666666,0.0,114.0,0.0,17.5,2.0,13.833333333333334,20,0.0,11.666666666666666,11.0,-7.0,0.0,7.0,0.0,0.28147209927601136,0.0,0.0,0.0,0.0,1.0,0.0
2024,3,gasly,alpine,17,13,13,Lapped,0.0,57,Australian Grand Prix,Melbourne,2024-03-24,conventional,17,0 days 00:01:17.982000,,,0,0,0,0,0.0,16.0,0.0,115.0,0.0,16.0,0.0,16.0,18,0.0,16.0,16.0,-1.0,0.0,1.0,0.0,1.8356078707117742,0.0,0.0,0.0,0.0,2.0,0.0
2024,4,gasly,alpine,17,16,16,Lapped,0.0,52,Japanese Grand Prix,Suzuka,2024-04-07,conventional,17,0 days 00:01:30.119000,,,0,0,0,0,0.0,18.333333333333332,0.0,116.0,0.0,16.0,0.0,17.666666666666668,17,0.0,18.333333333333332,18.0,1.0,1.0,0.0,0.0,0.0,0.0,0.0,0.0,0.0,3.0,0.0
2024,7,gasly,alpine,15,16,16,Lapped,0.0,62,Emilia Romagna Grand Prix,Imola,2024-05-19,conventional,15,0 days 00:01:16.015000,0 days 00:01:16.381000,,0,0,0,0,0.0,17.333333333333332,0.0,117.0,0.0,13.5,0.0,16.5,17,0.0,17.333333333333332,18.0,3.0,3.0,0.0,0.0,0.6563656965274189,0.0,0.0,0.0,0.0,3.0,0.0
2024,8,gasly,alpine,10,10,10,Lapped,1.0,77,Monaco Grand Prix,Monaco,2024-05-26,conventional,10,0 days 00:01:11.714000,0 days 00:01:10.896000,0 days 00:01:11.311000,1,1,0,0,0.0,16.333333333333332,0.0,118.0,0.5,10.5,0.0,15.166666666666666,15,0.0,16.333333333333332,17.0,7.0,7.0,0.0,0.0,0.9093137179524389,1.0,0.0,0.0,0.0,3.0,0.0
2024,9,gasly,alpine,15,9,9,Finished,2.0,70,Canadian Grand Prix,Montréal,2024-06-09,conventional,15,0 days 00:01:13.289000,0 days 00:01:12.940000,,2,1,0,0,0.3333333333333333,14.0,0.0,119.0,1.5,16.5,0.16666666666666666,13.333333333333334,10,1.0,14.0,15.0,0.0,0.0,-0.0,0.0,0.2923954585338917,2.0,0.0,1.0,0.0,3.0,1.0
2024,10,gasly,alpine,7,9,9,Finished,2.0,66,Spanish Grand Prix,Barcelona,2024-06-23,conventional,7,0 days 00:01:12.651000,0 days 00:01:12.079000,0 days 00:01:11.857000,2,1,0,0,1.0,13.333333333333334,0.0,120.0,1.5,8.0,0.6666666666666666,13.5,15,2.0,13.333333333333334,13.0,6.0,6.0,0.0,2.0,3.4751745854198632,0.0,0.0,3.0,0.0,3.0,3.0
2024,13,gasly,alpine,20,20,R,Retired,0.0,33,Hungarian Grand Prix,Budapest,2024-07-21,conventional,20,0 days 00:01:18.166000,,,0,0,0,0,1.6666666666666667,10.666666666666666,0.0,121.0,0.0,19.5,1.0,14.166666666666666,7,2.0,10.666666666666666,10.0,-10.0,0.0,10.0,0.0,0.6102688446290045,0.0,0.0,3.0,0.0,3.0,3.0
2024,14,gasly,alpine,12,13,13,Finished,0.0,44,Belgian Grand Prix,Spa-Francorchamps,2024-07-28,conventional,12,0 days 00:01:54.911000,0 days 00:01:54.635000,,0,0,0,0,1.3333333333333333,14.0,0.0,122.0,1.0,11.0,0.5,15.166666666666666,20,0.0,14.0,14.0,2.0,2.0,0.0,2.0,2.0573972366732907,0.0,2.0,2.0,0.0,3.0,2.0
2024,15,gasly,alpine,9,9,9,Lapped,2.0,71,Dutch Grand Prix,Zandvoort,2024-08-25,conventional,9,0 days 00:01:11.718000,0 days 00:01:10.815000,0 days 00:01:10.977000,2,1,0,0,0.6666666666666666,13.0,0.0,123.0,1.0,12.5,0.3333333333333333,16.166666666666668,12,0.0,13.0,14.0,5.0,5.0,0.0,1.0,2.820012965268716,1.0,0.0,0.0,2.0,3.0,-2.0
2024,16,gasly,alpine,14,15,15,Lapped,0.0,52,Italian Grand Prix,Monza,2024-09-01,conventional,14,0 days 00:01:20.748000,0 days 00:01:20.738000,,0,0,0,0,0.6666666666666666,13.666666666666666,0.0,124.0,0.0,14.5,0.6666666666666666,14.333333333333334,9,2.0,13.666666666666666,15.0,1.0,1.0,0.0,0.0,0.48573258437422595,0.0,0.0,1.0,2.0,3.0,-1.0
2024,17,gasly,alpine,18,12,12,Finished,0.0,51,Azerbaijan Grand Prix,Baku,2024-09-15,conventional,15,,0 days 00:01:43.179000,,0,0,0,0,0.6666666666666666,11.666666666666666,0.0,125.0,0.0,17.0,0.6666666666666666,12.666666666666666,14,0.0,11.666666666666666,12.0,-3.0,0.0,3.0,1.0,1.383060346659089,0.0,1.0,1.0,2.0,3.0,-1.0
2024,18,gasly,alpine,18,17,17,Lapped,0.0,61,Singapore Grand Prix,Marina Bay,2024-09-22,conventional,18,0 days 00:01:31.312000,,,0,0,0,0,0.6666666666666666,12.666666666666666,0.0,126.0,0.0,16.5,0.3333333333333333,14.666666666666666,15,0.0,12.666666666666666,12.0,-6.0,0.0,6.0,0.0,0.5257526414367053,0.0,0.0,1.0,1.0,3.0,0.0
2024,20,gasly,alpine,8,10,10,Lapped,1.0,70,Mexico City Grand Prix,Mexico City,2024-10-27,conventional,8,0 days 00:01:17.149000,0 days 00:01:17.048000,0 days 00:01:16.892000,1,1,0,0,0.0,15.666666666666666,0.0,127.0,0.5,13.5,0.0,16.0,18,0.0,15.666666666666666,16.0,8.0,8.0,0.0,0.0,1.8687246739514474,1.0,0.0,0.0,1.0,3.0,-1.0
2024,22,gasly,alpine,3,20,R,Retired,0.0,15,Las Vegas Grand Prix,Las Vegas,2024-11-23,conventional,3,0 days 00:01:33.691000,0 days 00:01:32.879000,0 days 00:01:32.664000,0,0,0,0,0.3333333333333333,13.666666666666666,0.0,128.0,0.0,7.0,0.16666666666666666,15.666666666666666,8,1.0,13.666666666666666,16.0,13.0,13.0,0.0,6.0,5.58764067486184,0.0,6.0,1.0,1.0,3.0,0.0
2024,24,gasly,alpine,5,7,7,Finished,6.0,58,Abu Dhabi Grand Prix,Yas Island,2024-12-08,conventional,6,0 days 00:01:23.548000,0 days 00:01:23.086000,0 days 00:01:22.984000,6,1,0,0,0.3333333333333333,9.666666666666666,0.0,129.0,3.0,13.0,0.16666666666666666,12.333333333333334,3,0.0,9.666666666666666,9.0,3.0,3.0,0.0,2.0,3.941762865513796,4.0,0.0,1.0,6.0,3.0,-5.0
2025,1,gasly,alpine,9,11,11,Finished,0.0,57,Australian Grand Prix,Melbourne,2025-03-16,conventional,9,0 days 00:01:16.328000,0 days 00:01:16.112000,0 days 00:01:15.980000,0,0,0,0,2.3333333333333335,5.666666666666667,0.0,130.0,0.0,11.5,1.1666666666666667,11.166666666666666,6,6.0,5.666666666666667,5.0,-4.0,0.0,4.0,2.0,2.131423386559723,0.0,2.0,0.0,0.0,0.0,0.0
2025,3,gasly,alpine,11,13,13,Finished,0.0,53,Japanese Grand Prix,Suzuka,2025-04-06,conventional,11,0 days 00:01:28.186000,0 days 00:01:27.822000,,0,0,0,0,2.0,6.0,0.0,131.0,0.0,15.0,1.0,10.5,9,0.0,6.0,6.0,-5.0,0.0,5.0,4.0,1.7116158865277495,0.0,4.0,0.0,2.0,1.0,-2.0
2025,4,gasly,alpine,4,7,7,Finished,6.0,57,Bahrain Grand Prix,Sakhir,2025-04-13,conventional,5,0 days 00:01:31.462000,0 days 00:01:30.643000,0 days 00:01:30.216000,6,1,0,0,2.0,8.666666666666666,0.0,132.0,3.0,8.0,1.0,13.166666666666666,11,0.0,8.666666666666666,7.0,2.0,2.0,0.0,6.0,7.614871180980899,0.0,0.0,0.0,6.0,2.0,-6.0
2025,5,gasly,alpine,9,20,R,Retired,0.0,0,Saudi Arabian Grand Prix,Jeddah,2025-04-20,conventional,9,0 days 00:01:28.421000,0 days 00:01:28.025000,0 days 00:01:28.367000,0,0,0,0,2.0,8.333333333333334,0.0,133.0,0.0,13.0,1.0,11.5,5,6.0,8.333333333333334,6.0,-3.0,0.0,3.0,1.0,2.2786003960512993,0.0,1.0,0.0,6.0,3.0,-6.0
2025,7,gasly,alpine,10,13,13,Finished,0.0,63,Emilia Romagna Grand Prix,Imola,2025-05-18,conventional,10,0 days 00:01:15.937000,0 days 00:01:15.505000,0 days 00:01:15.787000,0,0,0,0,2.0,8.333333333333334,0.0,134.0,0.0,12.5,1.0,12.0,9,0.0,8.333333333333334,8.0,-2.0,0.0,2.0,0.0,1.1722524210262035,0.0,0.0,0.0,5.0,3.0,-5.0
2025,8,gasly,alpine,17,20,R,Retired,0.0,7,Monaco Grand Prix,Monaco,2025-05-25,conventional,18,0 days 00:01:11.994000,,,0,0,0,0,2.0,8.0,0.0,135.0,0.0,19.0,1.0,11.166666666666666,10,0.0,8.0,8.0,-10.0,0.0,10.0,0.0,0.342243091744141,0.0,0.0,0.0,1.0,3.0,-1.0
2025,9,gasly,alpine,8,8,8,Finished,4.0,66,Spanish Grand Prix,Barcelona,2025-06-01,conventional,8,0 days 00:01:13.081000,0 days 00:01:12.611000,0 days 00:01:12.199000,4,1,0,0,0.0,12.333333333333334,0.0,136.0,2.0,13.5,0.0,14.833333333333334,18,0.0,12.333333333333334,12.0,4.0,4.0,0.0,0.0,1.3542730695045768,4.0,0.0,0.0,1.0,3.0,-1.0
2025,10,gasly,alpine,20,15,15,Lapped,0.0,69,Canadian Grand Prix,Montréal,2025-06-15,conventional,20,0 days 00:01:12.667000,,,0,0,0,0,1.3333333333333333,12.0,0.0,137.0,0.0,16.0,0.6666666666666666,15.0,8,4.0,12.0,12.0,-8.0,0.0,8.0,0.0,0.4974368599736172,0.0,0.0,4.0,0.0,3.0,4.0
2025,11,gasly,alpine,10,13,13,Lapped,0.0,69,Austrian Grand Prix,Spielberg,2025-06-29,conventional,10,0 days 00:01:05.054000,0 days 00:01:04.846000,0 days 00:01:05.649000,0,0,0,0,1.3333333333333333,15.333333333333334,0.0,138.0,0.0,12.0,0.6666666666666666,16.166666666666668,20,0.0,15.333333333333334,18.0,8.0,8.0,0.0,0.0,1.4700048630631732,0.0,0.0,4.0,0.0,3.0,4.0
2025,12,gasly,alpine,8,6,6,Finished,8.0,52,British Grand Prix,Silverstone,2025-07-06,conventional,10,0 days 00:01:26.328000,0 days 00:01:25.711000,0 days 00:01:25.785000,8,1,0,0,1.3333333333333333,12.666666666666666,0.0,139.0,8.0,10.0,0.6666666666666666,13.833333333333334,10,0.0,12.666666666666666,12.0,2.0,2.0,0.0,0.0,0.4437124025121406,8.0,0.0,4.0,0.0,3.0,4.0
2025,14,gasly,alpine,16,19,19,Lapped,0.0,69,Hungarian Grand Prix,Budapest,2025-08-03,conventional,17,0 days 00:01:15.966000,,,0,0,0,0,2.6666666666666665,13.333333333333334,0.0,140.0,0.0,15.5,2.6666666666666665,12.666666666666666,10,8.0,13.333333333333334,12.0,-5.0,0.0,5.0,0.0,0.0,0.0,0.0,8.0,0.0,3.0,8.0
2025,15,gasly,alpine,14,17,17,Finished,0.0,72,Dutch Grand Prix,Zandvoort,2025-08-31,conventional,14,0 days 00:01:09.894000,0 days 00:01:09.637000,,0,0,0,0,2.6666666666666665,12.333333333333334,0.0,141.0,0.0,15.0,2.6666666666666665,12.5,17,0.0,12.333333333333334,13.0,-1.0,0.0,1.0,0.0,0.0,0.0,0.0,8.0,0.0,3.0,8.0
2025,16,gasly,alpine,20,16,16,Lapped,0.0,52,Italian Grand Prix,Monza,2025-09-07,conventional,19,0 days 00:01:20.103000,,,0,0,0,0,2.6666666666666665,13.666666666666666,0.0,142.0,0.0,18.5,2.6666666666666665,13.5,14,0.0,13.666666666666666,15.0,-4.0,0.0,4.0,0.0,0.556793827161262,0.0,0.0,8.0,0.0,3.0,8.0
2025,17,gasly,alpine,18,18,18,Lapped,0.0,50,Azerbaijan Grand Prix,Baku,2025-09-21,conventional,18,0 days 00:01:43.139000,,,0,0,0,0,0.0,16.666666666666668,0.0,143.0,0.0,17.0,0.0,16.333333333333332,19,0.0,16.666666666666668,18.0,0.0,0.0,-0.0,0.0,0.0,0.0,0.0,0.0,0.0,3.0,0.0
2025,18,gasly,alpine,19,19,19,Lapped,0.0,61,Singapore Grand Prix,Marina Bay,2025-10-05,conventional,18,0 days 00:01:31.261000,,,0,0,0,0,0.0,17.0,0.0,144.0,0.0,17.0,0.0,16.833333333333332,18,0.0,17.0,17.0,-1.0,0.0,1.0,0.0,0.4738004929965385,0.0,0.0,0.0,0.0,3.0,0.0
2025,20,gasly,alpine,18,15,15,Lapped,0.0,70,Mexico City Grand Prix,Mexico City,2025-10-26,conventional,18,0 days 00:01:17.546000,,,0,0,0,0,0.0,18.333333333333332,0.0,145.0,0.0,19.0,0.0,17.5,18,0.0,18.333333333333332,20.0,2.0,2.0,0.0,0.0,0.8347890780799334,0.0,0.0,0.0,0.0,3.0,0.0
2025,22,gasly,alpine,10,13,13,Finished,0.0,50,Las Vegas Grand Prix,Las Vegas,2025-11-22,conventional,10,0 days 00:01:54.432000,0 days 00:01:51.760000,0 days 00:01:51.540000,0,0,0,0,0.0,18.0,0.0,146.0,0.0,12.5,0.0,17.666666666666668,18,0.0,18.0,19.0,9.0,9.0,0.0,0.0,2.8531389536087497,0.0,0.0,0.0,0.0,3.0,0.0
2025,24,gasly,alpine,19,19,19,Lapped,0.0,57,Abu Dhabi Grand Prix,Yas Island,2025-12-07,conventional,19,0 days 00:01:23.468000,,,0,0,0,0,0.0,15.333333333333334,0.0,147.0,0.0,19.5,0.0,16.166666666666668,10,0.0,15.333333333333334,16.0,-3.0,0.0,3.0,0.0,2.1888356455379676,0.0,0.0,0.0,0.0,3.0,0.0
2019,1,giovinazzi,alfa,14,15,15,+1 Lap,0.0,57,Australian Grand Prix,Melbourne,2019-03-17,conventional,14,0 days 00:01:22.431000,0 days 00:01:22.714000,,0,0,0,0,,,,0.0,2.0,11.5,,,,,,,,,,,,,,0.0,0.0,0.0,0.0
2019,2,giovinazzi,alfa,16,11,11,Finished,0.0,57,Bahrain Grand Prix,Sakhir,2019-03-31,conventional,16,0 days 00:01:30.026000,,,0,0,0,0,0.0,14.0,0.0,1.0,3.0,12.5,2.0,11.5,14,0.0,,,,,,,,,,0.0,0.0,0.0,0.0
2019,4,giovinazzi,alfa,17,12,12,+1 Lap,0.0,50,Azerbaijan Grand Prix,Baku,2019-04-28,conventional,8,0 days 00:01:42.140000,0 days 00:01:42.381000,0 days 00:01:42.424000,0,0,0,0,0.0,15.0,0.0,2.0,0.5,13.5,2.3333333333333335,12.333333333333334,16,0.0,,,,,,,,,,0.0,0.0,0.0,0.0
2019,5,giovinazzi,alfa,18,16,16,Finished,0.0,66,Spanish Grand Prix,Barcelona,2019-05-12,conventional,18,0 days 00:01:18.664000,,,0,0,0,0,0.0,12.666666666666666,0.0,3.0,0.0,16.0,1.8333333333333333,13.0,8,0.0,,,,,,,,,,0.0,0.0,0.0,0.0
2019,6,giovinazzi,alfa,18,19,19,+2 Laps,0.0,76,Monaco Grand Prix,Monte Carlo,2019-05-26,conventional,15,0 days 00:01:11.976000,0 days 00:01:12.185000,,0,0,0,0,0.0,14.0,0.0,4.0,0.0,14.5,0.8333333333333334,14.166666666666666,18,0.0,,,,,,,,,,0.0,0.0,0.0,0.0
2019,7,giovinazzi,alfa,12,13,13,+1 Lap,0.0,69,Canadian Grand Prix,Montréal,2019-06-09,conventional,13,0 days 00:01:12.122000,0 days 00:01:12.136000,,0,0,0,0,0.0,13.666666666666666,0.0,5.0,0.0,15.0,0.16666666666666666,14.666666666666666,15,0.0,,,,,,,,,,0.0,0.0,0.0,0.0
2019,8,giovinazzi,alfa,10,16,16,+1 Lap,0.0,52,French Grand Prix,Le Castellet,2019-06-23,conventional,10,0 days 00:01:31.180000,0 days 00:01:30.408000,0 days 00:01:33.420000,0,0,0,0,0.0,15.333333333333334,0.0,6.0,3.0,11.0,0.0,15.166666666666666,13,0.0,,,,,,,,,,0.0,0.0,0.0,0.0
2019,9,giovinazzi,alfa,7,10,10,+1 Lap,1.0,70,Austrian Grand Prix,Spielberg,2019-06-30,conventional,8,0 days 00:01:04.450000,0 days 00:01:04.194000,0 days 00:01:04.179000,1,1,0,0,0.0,12.666666666666666,0.0,7.0,1.5,7.5,1.0,13.5,10,0.0,,,,,,,,,,0.0,0.0,0.0,0.0
2019,10,giovinazzi,alfa,11,18,R,Spun off,0.0,18,British Grand Prix,Silverstone,2019-07-14,conventional,11,0 days 00:01:26.449000,0 days 00:01:26.519000,,0,0,0,1,0.3333333333333333,10.333333333333334,0.0,8.0,2.0,11.5,1.5,11.166666666666666,8,1.0,,,,,,,,,,0.0,0.0,0.0,0.0
2019,11,giovinazzi,alfa,11,13,13,Finished,0.0,64,German Grand Prix,Hockenheim,2019-07-28,conventional,11,0 days 00:01:13.170000,0 days 00:01:12.786000,,0,0,0,0,0.3333333333333333,9.666666666666666,0.1111111111111111,9.0,0.0,8.0,2.1666666666666665,10.0,11,0.0,,,,,,,,,,0.0,0.0,0.0,0.0
2019,12,giovinazzi,alfa,17,18,18,+2 Laps,0.0,68,Hungarian Grand Prix,Budapest,2019-08-04,conventional,14,0 days 00:01:16.894000,0 days 00:01:16.804000,,0,0,0,0,0.3333333333333333,10.0,0.1,10.0,3.0,12.0,1.1666666666666667,9.0,11,0.0,,,,,,,,,,0.0,0.0,0.0,0.0
2019,13,giovinazzi,alfa,18,18,18,Accident,0.0,42,Belgian Grand Prix,Spa-Francorchamps,2019-09-01,conventional,15,0 days 00:01:45.637000,,,0,0,0,1,0.0,12.0,0.1,11.0,0.0,11.5,1.6666666666666667,10.5,14,0.0,,,,,,,,,,0.0,0.0,0.0,0.0
2019,14,giovinazzi,alfa,10,9,9,+1 Lap,2.0,52,Italian Grand Prix,Monza,2019-09-08,conventional,11,0 days 00:01:20.657000,0 days 00:01:20.517000,,2,1,0,0,0.0,13.333333333333334,0.2,12.0,1.0,10.5,1.0,10.5,15,0.0,,,,,,,,,,0.0,0.0,0.0,0.0
2019,15,giovinazzi,alfa,10,10,10,Finished,1.0,61,Singapore Grand Prix,Singapore,2019-09-22,conventional,11,0 days 00:01:39.272000,0 days 00:01:38.697000,,1,1,0,0,0.6666666666666666,13.333333333333334,0.2,13.0,0.5,12.0,1.3333333333333333,11.333333333333334,11,2.0,,,,,,,,,,0.0,0.0,0.0,0.0
2019,16,giovinazzi,alfa,12,15,15,Finished,0.0,53,Russian Grand Prix,Sochi,2019-09-29,conventional,13,0 days 00:01:34.755000,0 days 00:01:34.037000,,0,0,0,0,1.0,12.333333333333334,0.2,14.0,0.0,14.5,0.5,11.333333333333334,11,1.0,,,,,,,,,,0.0,0.0,0.0,0.0
2019,17,giovinazzi,alfa,11,14,14,+1 Lap,0.0,51,Japanese Grand Prix,Suzuka,2019-10-13,conventional,11,0 days 00:01:29.604000,0 days 00:01:29.254000,,0,0,0,0,1.0,11.666666666666666,0.2,15.0,0.0,12.0,0.5,12.333333333333334,13,0.0,,,,,,,,,,0.0,0.0,0.0,0.0
2019,18,giovinazzi,alfa,15,14,14,+1 Lap,0.0,70,Mexican Grand Prix,Mexico City,2019-10-27,conventional,15,0 days 00:01:17.794000,0 days 00:01:17.269000,,0,0,0,0,0.3333333333333333,11.666666666666666,0.2,16.0,0.0,14.5,0.16666666666666666,12.833333333333334,11,0.0,,,,,,,,,,0.0,0.0,0.0,0.0
2019,19,giovinazzi,alfa,16,14,14,+1 Lap,0.0,55,United States Grand Prix,Austin,2019-11-03,conventional,16,0 days 00:01:34.226000,,,0,0,0,0,0.0,13.0,0.2,17.0,0.0,16.5,0.0,13.666666666666666,15,0.0,,,,,,,,,,0.0,0.0,0.0,0.0
2019,20,giovinazzi,alfa,12,5,5,Finished,10.0,71,Brazilian Grand Prix,São Paulo,2019-11-17,conventional,13,0 days 00:01:09.175000,0 days 00:01:08.919000,,10,1,0,0,0.0,14.0,0.2,18.0,11.0,11.0,0.0,14.333333333333334,16,0.0,,,,,,,,,,0.0,0.0,0.0,0.0
2019,21,giovinazzi,alfa,16,16,16,+1 Lap,0.0,54,Abu Dhabi Grand Prix,Yas Island,2019-12-01,conventional,17,0 days 00:01:38.114000,,,0,0,0,0,3.3333333333333335,14.666666666666666,0.1,19.0,0.0,17.5,3.6666666666666665,14.0,13,10.0,,,,,,,,,,0.0,0.0,0.0,0.0
2020,1,giovinazzi,alfa,18,9,9,Finished,2.0,71,Austrian Grand Prix,Spielberg,2020-07-05,conventional,18,0 days 00:01:05.175000,,,2,1,0,0,3.3333333333333335,15.333333333333334,0.1,20.0,1.0,18.5,3.6666666666666665,15.0,17,0.0,15.333333333333334,16.0,-2.0,0.0,2.0,0.0,0.973258399374533,2.0,0.0,0.0,0.0,0.0,0.0
2020,2,giovinazzi,alfa,19,14,14,+1 Lap,0.0,70,Styrian Grand Prix,Spielberg,2020-07-12,conventional,19,0 days 00:01:21.831000,,,0,0,0,0,4.0,16.0,0.1,21.0,0.0,17.5,4.0,15.666666666666666,18,2.0,16.0,18.0,-1.0,0.0,1.0,0.0,1.4051564940475183,0.0,0.0,2.0,0.0,1.0,2.0
2020,3,giovinazzi,alfa,19,17,17,+1 Lap,0.0,69,Hungarian Grand Prix,Budapest,2020-07-19,conventional,19,0 days 00:01:16.506000,,,0,0,0,0,0.6666666666666666,18.0,0.0,22.0,0.0,19.5,0.3333333333333333,17.833333333333332,19,0.0,18.0,19.0,0.0,0.0,-0.0,0.0,0.0,0.0,0.0,2.0,0.0,2.0,2.0
2020,4,giovinazzi,alfa,15,14,14,Finished,0.0,52,British Grand Prix,Silverstone,2020-08-02,conventional,17,0 days 00:01:27.164000,,,0,0,0,0,0.6666666666666666,18.666666666666668,0.0,23.0,0.0,17.5,0.3333333333333333,18.5,19,0.0,18.666666666666668,20.0,3.0,3.0,0.0,0.0,0.04045901042673705,0.0,0.0,2.0,0.0,3.0,2.0
2020,5,giovinazzi,alfa,19,17,17,+1 Lap,0.0,51,70th Anniversary Grand Prix,Silverstone,2020-08-09,conventional,19,0 days 00:01:28.433000,,,0,0,0,0,0.0,18.333333333333332,0.0,24.0,0.0,19.5,0.0,18.166666666666668,17,0.0,18.333333333333332,19.0,0.0,0.0,-0.0,0.0,0.0,0.0,0.0,0.0,0.0,3.0,0.0
2020,6,giovinazzi,alfa,20,16,16,+1 Lap,0.0,65,Spanish Grand Prix,Barcelona,2020-08-16,conventional,20,0 days 00:01:18.697000,,,0,0,0,0,0.0,18.333333333333332,0.0,25.0,0.0,17.0,0.0,18.833333333333332,19,0.0,18.333333333333332,19.0,-1.0,0.0,1.0,0.0,0.0,0.0,0.0,0.0,0.0,3.0,0.0
2020,7,giovinazzi,alfa,18,18,R,Accident,0.0,9,Belgian Grand Prix,Spa-Francorchamps,2020-08-30,conventional,18,0 days 00:01:43.950000,,,0,0,0,1,0.0,18.666666666666668,0.0,26.0,0.0,17.0,0.0,18.0,20,0.0,18.666666666666668,19.0,1.0,1.0,0.0,0.0,0.137845255643688,0.0,0.0,0.0,0.0,3.0,0.0
2020,8,giovinazzi,alfa,18,16,16,Finished,0.0,53,Italian Grand Prix,Monza,2020-09-06,conventional,18,0 days 00:01:21.206000,,,0,0,0,0,0.0,19.0,0.1,27.0,0.0,16.0,0.0,17.833333333333332,18,0.0,19.0,20.0,2.0,2.0,0.0,0.0,0.0,0.0,0.0,0.0,0.0,3.0,0.0
2020,9,giovinazzi,alfa,17,17,R,Collision,0.0,5,Tuscan Grand Prix,Mugello,2020-09-13,conventional,17,0 days 00:01:17.220000,,,0,0,0,1,0.0,18.666666666666668,0.1,28.0,1.0,15.0,0.0,16.666666666666668,18,0.0,18.666666666666668,19.0,2.0,2.0,0.0,0.0,0.0,0.0,0.0,0.0,0.0,3.0,0.0
2020,10,giovinazzi,alfa,17,11,11,+1 Lap,0.0,52,Russian Grand Prix,Sochi,2020-09-27,conventional,17,0 days 00:01:34.594000,,,0,0,0,0,0.0,17.666666666666668,0.2,29.0,0.0,18.5,0.3333333333333333,16.0,17,0.0,17.666666666666668,18.0,1.0,1.0,0.0,0.0,0.4254305939460137,0.0,0.0,0.0,0.0,3.0,0.0
2020,11,giovinazzi,alfa,14,10,10,Finished,1.0,60,Eifel Grand Prix,Nürburgring,2020-10-11,conventional,14,0 days 00:01:27.532000,0 days 00:01:26.936000,,1,1,0,0,0.0,17.333333333333332,0.2,30.0,0.5,16.5,0.3333333333333333,16.5,17,0.0,17.333333333333332,18.0,4.0,4.0,0.0,0.0,0.5843751001024078,1.0,0.0,0.0,0.0,3.0,0.0
2020,12,giovinazzi,alfa,17,15,15,+1 Lap,0.0,65,Portuguese Grand Prix,Portimão,2020-10-25,conventional,17,0 days 00:01:18.323000,,,0,0,0,0,0.3333333333333333,16.0,0.2,31.0,0.0,16.5,0.5,16.666666666666668,14,1.0,16.0,16.0,-1.0,0.0,1.0,0.0,0.23318509326975878,0.0,0.0,1.0,0.0,3.0,1.0
2020,13,giovinazzi,alfa,20,10,10,Finished,1.0,63,Emilia Romagna Grand Prix,Imola,2020-11-01,conventional,20,0 days 00:01:16.208000,,,1,1,0,0,0.3333333333333333,16.0,0.2,32.0,1.5,19.0,0.16666666666666666,17.166666666666668,17,0.0,16.0,16.0,-4.0,0.0,4.0,0.0,0.07678378074519987,1.0,0.0,1.0,0.0,3.0,1.0
2020,14,giovinazzi,alfa,10,20,R,Gearbox,0.0,11,Turkish Grand Prix,Istanbul,2020-11-15,conventional,10,0 days 00:02:07.341000,0 days 00:01:53.431000,0 days 00:01:57.226000,0,0,0,0,0.6666666666666666,17.0,0.2,33.0,0.0,9.0,0.6666666666666666,17.333333333333332,20,1.0,17.0,17.0,7.0,7.0,0.0,0.0,0.7170147506753857,0.0,0.0,2.0,0.0,3.0,2.0
2020,15,giovinazzi,alfa,16,16,16,+1 Lap,0.0,56,Bahrain Grand Prix,Sakhir,2020-11-29,conventional,16,0 days 00:01:29.491000,,,0,0,0,0,0.3333333333333333,15.666666666666666,0.2,34.0,0.0,16.5,0.5,14.833333333333334,10,0.0,15.666666666666666,17.0,1.0,1.0,0.0,0.0,0.0571315499072691,0.0,0.0,1.0,0.0,3.0,1.0
2020,16,giovinazzi,alfa,14,13,13,Finished,0.0,87,Sakhir Grand Prix,Sakhir,2020-12-06,conventional,14,0 days 00:00:54.523000,0 days 00:00:54.377000,,0,0,0,0,0.3333333333333333,15.333333333333334,0.2,35.0,0.0,16.5,0.5,14.833333333333334,16,0.0,15.333333333333334,16.0,2.0,2.0,0.0,0.0,0.7420132379865096,0.0,0.0,1.0,0.0,3.0,1.0
2020,17,giovinazzi,alfa,14,16,16,+1 Lap,0.0,54,Abu Dhabi Grand Prix,Yas Island,2020-12-13,conventional,14,0 days 00:01:37.075000,0 days 00:01:38.248000,,0,0,0,0,0.0,13.333333333333334,0.2,36.0,0.0,15.0,0.0,14.0,14,0.0,13.333333333333334,16.0,2.0,2.0,0.0,0.0,0.9551236196661508,0.0,0.0,0.0,0.0,3.0,0.0
2021,1,giovinazzi,alfa,12,12,12,+1 Lap,0.0,55,Bahrain Grand Prix,Sakhir,2021-03-28,conventional,12,0 days 00:01:30.998000,0 days 00:01:30.708000,,0,0,0,0,0.0,14.666666666666666,0.1,37.0,0.0,13.0,0.0,16.0,14,0.0,14.666666666666666,11.0,-1.0,0.0,1.0,1.0,1.7917565785813236,0.0,1.0,0.0,0.0,0.0,0.0
2021,2,giovinazzi,alfa,17,14,14,+1 Lap,0.0,62,Emilia Romagna Grand Prix,Imola,2021-04-18,conventional,17,0 days 00:01:16.122000,,,0,0,0,0,0.0,13.333333333333334,0.1,38.0,0.0,16.5,0.0,14.833333333333334,12,0.0,13.333333333333334,14.0,-3.0,0.0,3.0,0.0,0.06046896868380003,0.0,0.0,0.0,1.0,1.0,-1.0
2021,3,giovinazzi,alfa,12,12,12,+1 Lap,0.0,65,Portuguese Grand Prix,Portimão,2021-05-02,conventional,12,0 days 00:01:19.410000,0 days 00:01:19.216000,,0,0,0,0,0.0,14.333333333333334,0.0,39.0,0.0,13.5,0.0,14.833333333333334,17,0.0,14.333333333333334,13.0,1.0,1.0,0.0,0.0,0.6501022677171733,0.0,0.0,0.0,1.0,2.0,-1.0
2021,4,giovinazzi,alfa,14,15,15,+1 Lap,0.0,65,Spanish Grand Prix,Barcelona,2021-05-09,conventional,14,0 days 00:01:18.549000,0 days 00:01:18.356000,,0,0,0,0,0.0,13.666666666666666,0.0,40.0,0.0,15.5,0.0,14.333333333333334,12,0.0,13.666666666666666,14.0,0.0,0.0,-0.0,0.0,0.3328303021000716,0.0,0.0,0.0,1.0,3.0,-1.0
2021,5,giovinazzi,alfa,10,10,10,+1 Lap,1.0,77,Monaco Grand Prix,Monte Carlo,2021-05-23,conventional,10,0 days 00:01:11.658000,0 days 00:01:11.409000,0 days 00:01:11.779000,1,1,0,0,0.0,14.333333333333334,0.0,41.0,0.5,12.0,0.0,15.166666666666666,14,0.0,14.333333333333334,15.0,5.0,5.0,0.0,0.0,0.28152860952500447,1.0,0.0,0.0,0.0,3.0,0.0
2021,6,giovinazzi,alfa,20,11,11,Finished,0.0,51,Azerbaijan Grand Prix,Baku,2021-06-06,conventional,20,,,,0,0,0,0,0.3333333333333333,12.0,0.0,42.0,0.5,17.0,0.16666666666666666,13.666666666666666,10,1.0,12.0,12.0,-8.0,0.0,8.0,0.0,0.1234942746171539,0.0,0.0,1.0,0.0,3.0,1.0
2021,7,giovinazzi,alfa,13,15,15,+1 Lap,0.0,52,French Grand Prix,Le Castellet,2021-06-20,conventional,13,0 days 00:01:32.722000,0 days 00:01:31.813000,,0,0,0,0,0.3333333333333333,14.666666666666666,0.0,43.0,0.0,15.0,0.3333333333333333,14.833333333333334,20,0.0,14.666666666666666,15.0,2.0,2.0,0.0,0.0,1.143803026616252,0.0,0.0,1.0,0.0,3.0,1.0
2021,8,giovinazzi,alfa,15,15,15,+1 Lap,0.0,70,Styrian Grand Prix,Spielberg,2021-06-27,conventional,15,0 days 00:01:05.092000,0 days 00:01:04.913000,,0,0,0,0,0.3333333333333333,14.333333333333334,0.0,44.0,0.0,16.5,0.3333333333333333,14.666666666666666,13,0.0,14.333333333333334,13.0,-2.0,0.0,2.0,0.0,0.0,0.0,0.0,1.0,0.0,3.0,1.0
2021,9,giovinazzi,alfa,15,14,14,+1 Lap,0.0,70,Austrian Grand Prix,Spielberg,2021-07-04,conventional,15,0 days 00:01:04.782000,0 days 00:01:05.083000,,0,0,0,0,0.0,16.0,0.0,45.0,0.0,15.5,0.16666666666666666,16.166666666666668,15,0.0,16.0,15.0,0.0,0.0,-0.0,0.0,0.0,0.0,0.0,0.0,0.0,3.0,0.0
2021,11,giovinazzi,alfa,0,13,13,+1 Lap,0.0,69,Hungarian Grand Prix,Budapest,2021-08-01,conventional,14,0 days 00:01:17.776000,0 days 00:01:17.583000,,0,0,0,0,0.0,14.333333333333334,0.0,46.0,0.5,13.5,0.0,15.666666666666666,15,0.0,14.333333333333334,15.0,1.0,1.0,0.0,0.0,0.014444177557503046,0.0,0.0,0.0,0.0,3.0,0.0
2021,12,giovinazzi,alfa,14,13,13,Finished,0.0,1,Belgian Grand Prix,Spa-Francorchamps,2021-08-29,conventional,16,0 days 00:02:02.306000,,,0,0,0,0,0.0,14.666666666666666,0.0,47.0,0.0,17.5,0.16666666666666666,15.166666666666666,14,0.0,14.666666666666666,16.0,0.0,0.0,-0.0,0.0,0.6173810723447932,0.0,0.0,0.0,0.0,3.0,0.0
2021,13,giovinazzi,alfa,7,14,14,+2 Laps,0.0,70,Dutch Grand Prix,Zandvoort,2021-09-05,conventional,7,0 days 00:01:10.050000,0 days 00:01:10.033000,0 days 00:01:09.590000,0,0,0,0,0.0,15.0,0.0,48.0,0.0,12.5,0.16666666666666666,15.5,16,0.0,15.0,16.0,9.0,9.0,0.0,0.0,1.3465299016079841,0.0,0.0,0.0,0.0,3.0,0.0
2021,15,giovinazzi,alfa,17,16,16,+1 Lap,0.0,52,Russian Grand Prix,Sochi,2021-09-26,conventional,18,0 days 00:01:51.023000,,,0,0,0,0,0.0,12.333333333333334,0.0,49.0,2.0,17.0,0.16666666666666666,14.5,7,0.0,12.333333333333334,14.0,-4.0,0.0,4.0,0.0,0.5955821879643111,0.0,0.0,0.0,0.0,3.0,0.0
2021,16,giovinazzi,alfa,16,11,11,+1 Lap,0.0,57,Turkish Grand Prix,Istanbul,2021-10-10,conventional,18,0 days 00:01:26.430000,,,0,0,0,0,0.0,13.666666666666666,0.0,50.0,0.0,18.5,0.6666666666666666,15.666666666666666,18,0.0,13.666666666666666,16.0,-2.0,0.0,2.0,0.0,0.0002559106250883403,0.0,0.0,0.0,0.0,3.0,0.0
2021,17,giovinazzi,alfa,12,11,11,+1 Lap,0.0,55,United States Grand Prix,Austin,2021-10-24,conventional,13,0 days 00:01:35.920000,0 days 00:01:35.794000,,0,0,0,0,0.0,14.333333333333334,0.0,51.0,0.0,15.5,0.6666666666666666,16.0,18,0.0,14.333333333333334,16.0,3.0,3.0,0.0,0.0,0.904825682685737,0.0,0.0,0.0,0.0,3.0,0.0
2021,18,giovinazzi,alfa,11,11,11,+1 Lap,0.0,70,Mexico City Grand Prix,Mexico City,2021-11-07,conventional,14,0 days 00:01:17.897000,0 days 00:01:18.290000,,0,0,0,0,0.0,16.333333333333332,0.0,52.0,2.0,13.0,0.6666666666666666,17.0,13,0.0,16.333333333333332,17.0,3.0,3.0,0.0,0.0,0.3025040258962397,0.0,0.0,0.0,0.0,3.0,0.0
2021,20,giovinazzi,alfa,18,15,15,+1 Lap,0.0,56,Qatar Grand Prix,Lusail,2021-11-21,conventional,18,0 days 00:01:23.262000,,,0,0,0,0,0.0,15.0,0.0,53.0,0.0,17.0,0.6666666666666666,15.666666666666666,14,0.0,15.0,15.0,-3.0,0.0,3.0,0.0,0.0,0.0,0.0,0.0,0.0,3.0,0.0
2021,21,giovinazzi,alfa,10,9,9,Finished,2.0,50,Saudi Arabian Grand Prix,Jeddah,2021-12-05,conventional,10,0 days 00:01:28.899000,0 days 00:01:28.616000,0 days 00:01:28.754000,2,1,0,0,0.0,15.0,0.0,54.0,1.0,11.0,0.6666666666666666,15.166666666666666,18,0.0,15.0,15.0,5.0,5.0,0.0,0.0,1.2654316640647125,2.0,0.0,0.0,0.0,3.0,0.0
2021,22,giovinazzi,alfa,14,17,R,Gearbox,0.0,33,Abu Dhabi Grand Prix,Yas Island,2021-12-12,conventional,14,0 days 00:01:24.118000,0 days 00:01:24.251000,,0,0,0,0,0.6666666666666666,14.0,0.0,55.0,0.0,16.0,1.0,13.666666666666666,10,2.0,14.0,15.0,1.0,1.0,0.0,0.0,0.6285342135078409,0.0,0.0,2.0,0.0,3.0,2.0
2018,1,grosjean,haas,6,16,R,Wheel,0.0,24,Australian Grand Prix,Melbourne,2018-03-25,conventional,7,0 days 00:01:23.671000,0 days 00:01:23.468000,0 days 00:01:23.339000,0,0,0,0,,,,0.0,0.0,6.5,,,,,,,,,,,,,,0.0,0.0,0.0,0.0
2018,2,grosjean,haas,16,13,13,+1 Lap,0.0,56,Bahrain Grand Prix,Sakhir,2018-04-08,conventional,16,0 days 00:01:30.530000,,,0,0,0,0,0.0,7.0,0.0,1.0,5.0,11.5,0.0,6.5,7,0.0,,,,,,,,,,0.0,0.0,0.0,0.0
2018,3,grosjean,haas,10,17,17,Finished,0.0,56,Chinese Grand Prix,Shanghai,2018-04-15,conventional,10,0 days 00:01:33.238000,0 days 00:01:32.524000,0 days 00:01:32.855000,0,0,0,0,0.0,11.5,0.0,2.0,0.5,10.5,2.5,9.0,16,0.0,,,,,,,,,,0.0,0.0,0.0,0.0
2018,4,grosjean,haas,20,15,R,Accident,0.0,42,Azerbaijan Grand Prix,Baku,2018-04-29,conventional,20,,,,0,0,0,1,0.0,11.0,0.0,3.0,0.0,17.5,1.8333333333333333,9.5,10,0.0,,,,,,,,,,0.0,0.0,0.0,0.0
2018,5,grosjean,haas,10,18,R,Collision,0.0,0,Spanish Grand Prix,Barcelona,2018-05-13,conventional,10,0 days 00:01:18.305000,0 days 00:01:17.699000,0 days 00:01:17.835000,0,0,0,1,0.0,15.333333333333334,0.25,4.0,4.0,8.5,1.8333333333333333,13.166666666666666,20,0.0,,,,,,,,,,0.0,0.0,0.0,0.0
2018,6,grosjean,haas,18,15,15,+1 Lap,0.0,77,Monaco Grand Prix,Monte Carlo,2018-05-27,conventional,15,0 days 00:01:12.930000,0 days 00:01:12.728000,,0,0,0,0,0.0,13.333333333333334,0.4,5.0,0.0,17.0,1.5,12.166666666666666,10,0.0,,,,,,,,,,0.0,0.0,0.0,0.0
2018,7,grosjean,haas,20,12,12,+1 Lap,0.0,67,Canadian Grand Prix,Montréal,2018-06-10,conventional,20,,,,0,0,0,0,0.0,15.0,0.3333333333333333,6.0,0.0,15.5,1.3333333333333333,14.333333333333334,15,0.0,,,,,,,,,,0.0,0.0,0.0,0.0
2018,8,grosjean,haas,10,11,11,+1 Lap,0.0,52,French Grand Prix,Le Castellet,2018-06-24,conventional,10,0 days 00:01:32.083000,0 days 00:01:31.472000,,0,0,0,0,0.0,15.0,0.2857142857142857,7.0,4.0,9.5,1.3333333333333333,13.666666666666666,20,0.0,,,,,,,,,,0.0,0.0,0.0,0.0
2018,9,grosjean,haas,5,4,4,+1 Lap,12.0,70,Austrian Grand Prix,Spielberg,2018-07-01,conventional,6,0 days 00:01:04.242000,0 days 00:01:04.059000,0 days 00:01:03.892000,12,1,0,0,0.0,15.0,0.25,8.0,11.0,7.0,1.3333333333333333,14.0,10,0.0,,,,,,,,,,0.0,0.0,0.0,0.0
2018,10,grosjean,haas,8,16,R,Collision,0.0,37,British Grand Prix,Silverstone,2018-07-08,conventional,8,0 days 00:01:28.086000,0 days 00:01:27.522000,0 days 00:01:27.455000,0,0,0,1,4.0,12.0,0.2222222222222222,9.0,1.0,7.5,5.0,10.666666666666666,6,12.0,,,,,,,,,,0.0,0.0,0.0,0.0
2018,11,grosjean,haas,6,6,6,Finished,8.0,67,German Grand Prix,Hockenheim,2018-07-22,conventional,6,0 days 00:01:12.986000,0 days 00:01:12.722000,0 days 00:01:12.544000,8,1,0,0,4.0,8.0,0.3,10.0,4.0,5.5,5.333333333333333,8.0,8,0.0,,,,,,,,,,0.0,0.0,0.0,0.0
2018,12,grosjean,haas,10,10,10,+1 Lap,1.0,69,Hungarian Grand Prix,Budapest,2018-07-29,conventional,10,0 days 00:01:17.901000,0 days 00:01:33.650000,0 days 00:01:40.593000,1,1,0,0,6.666666666666667,6.666666666666667,0.3,11.0,3.5,9.5,5.333333333333333,6.666666666666667,6,8.0,,,,,,,,,,0.0,0.0,0.0,0.0
2018,13,grosjean,haas,5,7,7,Finished,6.0,44,Belgian Grand Prix,Spa-Francorchamps,2018-08-26,conventional,5,0 days 00:01:43.597000,0 days 00:01:43.042000,0 days 00:02:02.122000,6,1,0,0,3.0,8.0,0.3,12.0,5.0,7.0,2.8333333333333335,7.5,10,1.0,,,,,,,,,,0.0,0.0,0.0,0.0
2018,14,grosjean,haas,6,20,D,Disqualified,0.0,53,Italian Grand Prix,Monza,2018-09-02,conventional,6,0 days 00:01:21.887000,0 days 00:01:21.239000,0 days 00:01:20.936000,0,0,0,0,5.0,7.0,0.3,13.0,0.0,8.5,4.166666666666667,7.333333333333333,5,6.0,,,,,,,,,,0.0,0.0,0.0,0.0
2018,15,grosjean,haas,8,15,15,+1 Lap,0.0,60,Singapore Grand Prix,Singapore,2018-09-16,conventional,8,0 days 00:01:38.685000,0 days 00:01:38.367000,0 days 00:01:38.320000,0,0,0,0,2.3333333333333335,7.0,0.2,14.0,0.0,12.0,2.8333333333333335,8.333333333333334,6,0.0,,,,,,,,,,0.0,0.0,0.0,0.0
2018,16,grosjean,haas,9,11,11,+1 Lap,0.0,52,Russian Grand Prix,Sochi,2018-09-30,conventional,9,0 days 00:01:34.022000,0 days 00:01:33.517000,0 days 00:01:33.704000,0,0,0,0,2.0,6.333333333333333,0.1,15.0,2.0,7.0,1.6666666666666667,9.166666666666666,8,0.0,,,,,,,,,,0.0,0.0,0.0,0.0
2018,17,grosjean,haas,5,8,8,Finished,4.0,53,Japanese Grand Prix,Suzuka,2018-10-07,conventional,5,0 days 00:01:29.724000,0 days 00:01:29.678000,0 days 00:01:29.761000,4,1,0,0,0.0,7.666666666666667,0.1,16.0,2.0,8.5,0.6666666666666666,9.166666666666666,9,0.0,,,,,,,,,,0.0,0.0,0.0,0.0
2018,18,grosjean,haas,8,17,R,Collision damage,0.0,2,United States Grand Prix,Austin,2018-10-21,conventional,8,0 days 00:01:34.892000,0 days 00:01:34.419000,0 days 00:01:34.250000,0,0,0,1,1.3333333333333333,7.333333333333333,0.1,17.0,0.0,10.0,1.3333333333333333,9.166666666666666,5,4.0,,,,,,,,,,0.0,0.0,0.0,0.0
2018,19,grosjean,haas,18,16,16,+3 Laps,0.0,68,Mexican Grand Prix,Mexico City,2018-10-28,conventional,16,0 days 00:01:16.911000,,,0,0,0,0,1.3333333333333333,7.333333333333333,0.2,18.0,0.0,17.0,1.3333333333333333,8.5,8,0.0,,,,,,,,,,0.0,0.0,0.0,0.0
2018,20,grosjean,haas,8,8,8,Finished,4.0,71,Brazilian Grand Prix,São Paulo,2018-11-11,conventional,9,0 days 00:01:08.735000,0 days 00:01:08.239000,0 days 00:01:08.517000,4,1,0,0,1.3333333333333333,9.666666666666666,0.2,19.0,3.0,10.0,0.6666666666666666,11.833333333333334,16,0.0,,,,,,,,,,0.0,0.0,0.0,0.0
2018,21,grosjean,haas,7,9,9,+1 Lap,2.0,54,Abu Dhabi Grand Prix,Yas Marina,2018-11-25,conventional,7,0 days 00:01:37.575000,0 days 00:01:36.732000,0 days 00:01:36.192000,2,1,0,0,1.3333333333333333,11.0,0.1,20.0,1.5,10.0,1.0,12.333333333333334,9,4.0,,,,,,,,,,0.0,0.0,0.0,0.0
2019,1,grosjean,haas,6,18,R,Wheel,0.0,29,Australian Grand Prix,Melbourne,2019-03-17,conventional,6,0 days 00:01:22.959000,0 days 00:01:21.870000,0 days 00:01:21.826000,0,0,0,0,2.0,10.666666666666666,0.1,21.0,4.0,6.5,1.5,12.333333333333334,7,2.0,,,,,,,,,,0.0,0.0,0.0,0.0
2019,2,grosjean,haas,11,20,R,Retired,0.0,16,Bahrain Grand Prix,Sakhir,2019-03-31,conventional,8,0 days 00:01:29.688000,0 days 00:01:29.249000,0 days 00:01:29.015000,0,0,0,0,2.0,7.333333333333333,0.1,22.0,0.0,7.0,2.8333333333333335,8.833333333333334,6,0.0,,,,,,,,,,0.0,0.0,0.0,0.0
2019,3,grosjean,haas,10,11,11,+1 Lap,0.0,55,Chinese Grand Prix,Shanghai,2019-04-14,conventional,10,0 days 00:01:33.752000,0 days 00:01:33.156000,,0,0,0,0,0.6666666666666666,7.0,0.1,23.0,0.0,9.5,1.8333333333333333,7.833333333333333,8,0.0,,,,,,,,,,0.0,0.0,0.0,0.0
2019,4,grosjean,haas,14,18,R,Brakes,0.0,38,Azerbaijan Grand Prix,Baku,2019-04-28,conventional,15,0 days 00:01:43.407000,,,0,0,0,0,0.0,8.0,0.1,24.0,0.0,14.0,1.3333333333333333,7.666666666666667,10,0.0,,,,,,,,,,0.0,0.0,0.0,0.0
2019,5,grosjean,haas,7,10,10,Finished,1.0,66,Spanish Grand Prix,Barcelona,2019-05-12,conventional,7,0 days 00:01:18.042000,0 days 00:01:17.066000,0 days 00:01:16.911000,1,1,0,0,0.0,11.0,0.1,25.0,3.5,7.5,0.0,10.166666666666666,15,0.0,,,,,,,,,,0.0,0.0,0.0,0.0
2019,6,grosjean,haas,13,10,10,Finished,1.0,78,Monaco Grand Prix,Monte Carlo,2019-05-26,conventional,13,0 days 00:01:11.837000,0 days 00:01:12.027000,,1,1,0,0,0.3333333333333333,10.666666666666666,0.1,26.0,0.5,9.5,1.1666666666666667,10.333333333333334,7,1.0,,,,,,,,,,0.0,0.0,0.0,0.0
2019,7,grosjean,haas,14,14,14,+1 Lap,0.0,69,Canadian Grand Prix,Montréal,2019-06-09,conventional,15,0 days 00:01:12.109000,,,0,0,0,0,0.6666666666666666,11.666666666666666,0.1,27.0,0.0,12.5,1.3333333333333333,10.333333333333334,13,1.0,,,,,,,,,,0.0,0.0,0.0,0.0
2019,8,grosjean,haas,16,20,20,Retired,0.0,44,French Grand Prix,Le Castellet,2019-06-23,conventional,17,0 days 00:01:31.626000,,,0,0,0,0,0.6666666666666666,11.666666666666666,0.0,28.0,0.0,16.0,1.3333333333333333,9.833333333333334,15,0.0,,,,,,,,,,0.0,0.0,0.0,0.0
2019,9,grosjean,haas,11,16,16,+1 Lap,0.0,70,Austrian Grand Prix,Spielberg,2019-06-30,conventional,11,0 days 00:01:04.552000,0 days 00:01:04.490000,,0,0,0,0,0.3333333333333333,15.0,0.0,29.0,0.0,8.0,0.16666666666666666,12.666666666666666,17,0.0,,,,,,,,,,0.0,0.0,0.0,0.0
2019,10,grosjean,haas,14,19,R,Collision,0.0,9,British Grand Prix,Silverstone,2019-07-14,conventional,14,0 days 00:01:26.347000,0 days 00:01:26.757000,,0,0,0,1,0.0,14.333333333333334,0.0,30.0,0.0,15.0,0.0,12.166666666666666,11,0.0,,,,,,,,,,0.0,0.0,0.0,0.0
2019,11,grosjean,haas,6,7,7,Finished,6.0,64,German Grand Prix,Hockenheim,2019-07-28,conventional,6,0 days 00:01:13.146000,0 days 00:01:12.769000,0 days 00:01:12.851000,6,1,0,0,0.0,14.0,0.1,31.0,5.0,9.0,0.0,13.0,14,0.0,,,,,,,,,,0.0,0.0,0.0,0.0
2019,12,grosjean,haas,9,20,R,Water pressure,0.0,49,Hungarian Grand Prix,Budapest,2019-08-04,conventional,9,0 days 00:01:16.978000,0 days 00:01:16.319000,0 days 00:01:16.013000,0,0,0,0,2.0,10.333333333333334,0.1,32.0,0.0,12.0,1.6666666666666667,10.666666666666666,6,6.0,,,,,,,,,,0.0,0.0,0.0,0.0
2019,13,grosjean,haas,9,13,13,+1 Lap,0.0,43,Belgian Grand Prix,Spa-Francorchamps,2019-09-01,conventional,11,0 days 00:01:45.694000,0 days 00:01:44.797000,,0,0,0,0,2.0,9.666666666666666,0.1,33.0,0.0,10.5,1.6666666666666667,12.0,9,0.0,,,,,,,,,,0.0,0.0,0.0,0.0
2019,14,grosjean,haas,13,16,16,+1 Lap,0.0,52,Italian Grand Prix,Monza,2019-09-08,conventional,16,0 days 00:01:20.784000,,,0,0,0,0,2.0,8.666666666666666,0.1,34.0,0.0,14.0,1.6666666666666667,10.5,11,0.0,,,,,,,,,,0.0,0.0,0.0,0.0
2019,15,grosjean,haas,17,11,11,Finished,0.0,61,Singapore Grand Prix,Singapore,2019-09-22,conventional,17,0 days 00:01:40.277000,,,0,0,0,0,0.0,12.0,0.1,35.0,0.0,15.5,0.0,12.166666666666666,16,0.0,,,,,,,,,,0.0,0.0,0.0,0.0
2019,16,grosjean,haas,8,20,R,Collision,0.0,0,Russian Grand Prix,Sochi,2019-09-29,conventional,9,0 days 00:01:34.283000,0 days 00:01:33.643000,0 days 00:01:33.517000,0,0,0,1,0.0,14.666666666666666,0.1,36.0,1.0,11.5,0.0,13.333333333333334,17,0.0,,,,,,,,,,0.0,0.0,0.0,0.0
2019,17,grosjean,haas,10,13,13,+1 Lap,0.0,51,Japanese Grand Prix,Suzuka,2019-10-13,conventional,10,0 days 00:01:29.572000,0 days 00:01:29.144000,0 days 00:01:29.341000,0,0,0,0,0.0,14.0,0.2,37.0,0.0,14.5,0.3333333333333333,13.666666666666666,9,0.0,,,,,,,,,,0.0,0.0,0.0,0.0
2019,18,grosjean,haas,18,17,17,+2 Laps,0.0,69,Mexican Grand Prix,Mexico City,2019-10-27,conventional,18,0 days 00:01:18.599000,,,0,0,0,0,0.0,12.0,0.2,38.0,0.0,17.5,0.3333333333333333,13.833333333333334,10,0.0,,,,,,,,,,0.0,0.0,0.0,0.0
2019,19,grosjean,haas,15,15,15,+1 Lap,0.0,55,United States Grand Prix,Austin,2019-11-03,conventional,15,0 days 00:01:34.161000,0 days 00:01:34.158000,,0,0,0,0,0.0,12.333333333333334,0.2,39.0,0.0,13.5,0.3333333333333333,14.5,18,0.0,,,,,,,,,,0.0,0.0,0.0,0.0
2019,20,grosjean,haas,7,13,13,Finished,0.0,71,Brazilian Grand Prix,São Paulo,2019-11-17,conventional,8,0 days 00:01:09.197000,0 days 00:01:08.705000,0 days 00:01:08.854000,0,0,0,0,0.0,14.333333333333334,0.2,40.0,0.0,9.0,0.0,15.166666666666666,15,0.0,,,,,,,,,,0.0,0.0,0.0,0.0
2019,21,grosjean,haas,15,15,15,+1 Lap,0.0,54,Abu Dhabi Grand Prix,Yas Island,2019-12-01,conventional,16,0 days 00:01:38.051000,,,0,0,0,0,0.0,13.666666666666666,0.1,41.0,0.0,15.5,0.0,13.333333333333334,8,0.0,,,,,,,,,,0.0,0.0,0.0,0.0
2020,1,grosjean,haas,15,16,R,Brakes,0.0,49,Austrian Grand Prix,Spielberg,2020-07-05,conventional,15,0 days 00:01:05.094000,0 days 00:01:04.691000,,0,0,0,0,0.0,13.0,0.1,42.0,0.0,15.5,0.0,12.666666666666666,16,0.0,13.0,12.0,-3.0,0.0,3.0,0.0,0.27444492946727106,0.0,0.0,0.0,0.0,0.0,0.0
2020,2,grosjean,haas,0,13,13,+1 Lap,0.0,70,Styrian Grand Prix,Spielberg,2020-07-12,conventional,20,,,,0,0,0,0,0.0,13.0,0.1,43.0,0.0,17.5,0.0,13.333333333333334,15,0.0,13.0,13.0,-7.0,0.0,7.0,0.0,0.0,0.0,0.0,0.0,0.0,1.0,0.0
2020,3,grosjean,haas,0,16,16,+1 Lap,0.0,69,Hungarian Grand Prix,Budapest,2020-07-19,conventional,18,0 days 00:01:16.407000,,,0,0,0,0,0.0,17.0,0.1,44.0,0.5,17.0,0.0,16.166666666666668,20,0.0,17.0,17.0,-1.0,0.0,1.0,0.0,0.15037699803220939,0.0,0.0,0.0,0.0,2.0,0.0
2020,4,grosjean,haas,17,16,16,Finished,0.0,52,British Grand Prix,Silverstone,2020-08-02,conventional,19,0 days 00:01:27.643000,,,0,0,0,0,0.0,17.666666666666668,0.1,45.0,0.0,17.5,0.16666666666666666,16.666666666666668,18,0.0,17.666666666666668,17.0,-2.0,0.0,2.0,0.0,0.15648558477941155,0.0,0.0,0.0,0.0,3.0,0.0
2020,5,grosjean,haas,13,16,16,+1 Lap,0.0,51,70th Anniversary Grand Prix,Silverstone,2020-08-09,conventional,14,0 days 00:01:27.519000,0 days 00:01:27.254000,,0,0,0,0,0.0,19.0,0.1,46.0,0.0,15.5,0.16666666666666666,17.333333333333332,19,0.0,19.0,20.0,6.0,6.0,0.0,0.0,2.3448692986175104,0.0,0.0,0.0,0.0,3.0,0.0
2020,6,grosjean,haas,17,19,19,+2 Laps,0.0,64,Spanish Grand Prix,Barcelona,2020-08-16,conventional,17,0 days 00:01:18.089000,,,0,0,0,0,0.0,17.0,0.0,47.0,0.0,16.5,0.16666666666666666,16.666666666666668,14,0.0,17.0,17.0,0.0,0.0,-0.0,0.0,0.46287667165730184,0.0,0.0,0.0,0.0,3.0,0.0
2020,7,grosjean,haas,17,15,15,Finished,0.0,44,Belgian Grand Prix,Spa-Francorchamps,2020-08-30,conventional,17,0 days 00:01:43.838000,,,0,0,0,0,0.0,16.666666666666668,0.0,48.0,0.0,18.5,0.0,16.5,17,0.0,16.666666666666668,17.0,0.0,0.0,-0.0,0.0,0.0,0.0,0.0,0.0,0.0,3.0,0.0
2020,8,grosjean,haas,16,12,12,Finished,0.0,53,Italian Grand Prix,Monza,2020-09-06,conventional,16,0 days 00:01:21.139000,,,0,0,0,0,0.0,16.0,0.0,49.0,0.0,15.5,0.0,16.833333333333332,17,0.0,16.0,15.0,-1.0,0.0,1.0,0.0,0.0,0.0,0.0,0.0,0.0,3.0,0.0
2020,9,grosjean,haas,15,12,12,Finished,0.0,59,Tuscan Grand Prix,Mugello,2020-09-13,conventional,15,0 days 00:01:17.069000,0 days 00:01:17.254000,,0,0,0,0,0.0,16.666666666666668,0.0,50.0,0.0,17.5,0.0,16.833333333333332,16,0.0,16.666666666666668,16.0,1.0,1.0,0.0,0.0,0.0,0.0,0.0,0.0,0.0,3.0,0.0
2020,10,grosjean,haas,16,17,17,+1 Lap,0.0,52,Russian Grand Prix,Sochi,2020-09-27,conventional,16,0 days 00:01:34.592000,,,0,0,0,0,0.0,16.0,0.0,51.0,0.0,17.0,0.0,17.166666666666668,15,0.0,16.0,16.0,0.0,0.0,-0.0,0.0,0.1469752522917025,0.0,0.0,0.0,0.0,3.0,0.0
2020,11,grosjean,haas,16,9,9,Finished,2.0,60,Eifel Grand Prix,Nürburgring,2020-10-11,conventional,16,0 days 00:01:27.552000,,,2,1,0,0,0.0,15.666666666666666,0.0,52.0,1.0,15.5,0.0,16.666666666666668,16,0.0,15.666666666666666,15.0,-1.0,0.0,1.0,0.0,0.12161821780696425,2.0,0.0,0.0,0.0,3.0,0.0
2020,12,grosjean,haas,18,17,17,+1 Lap,0.0,65,Portuguese Grand Prix,Portimão,2020-10-25,conventional,18,0 days 00:01:18.364000,,,0,0,0,0,0.6666666666666666,15.666666666666666,0.0,53.0,0.0,18.5,0.3333333333333333,16.666666666666668,16,2.0,15.666666666666666,15.0,-3.0,0.0,3.0,0.0,2.642814406215162,0.0,0.0,2.0,0.0,3.0,2.0
2020,13,grosjean,haas,16,14,14,Finished,0.0,63,Emilia Romagna Grand Prix,Imola,2020-11-01,conventional,16,0 days 00:01:15.918000,,,0,0,0,0,0.6666666666666666,16.666666666666668,0.0,54.0,0.0,16.5,0.3333333333333333,17.0,18,0.0,16.666666666666668,17.0,1.0,1.0,0.0,0.0,0.0,0.0,0.0,2.0,0.0,3.0,2.0
2020,14,grosjean,haas,17,18,R,Collision damage,0.0,49,Turkish Grand Prix,Istanbul,2020-11-15,conventional,19,0 days 00:02:12.909000,,,0,0,0,1,0.6666666666666666,16.666666666666668,0.0,55.0,0.0,17.5,0.3333333333333333,16.833333333333332,16,0.0,16.666666666666668,16.0,-3.0,0.0,3.0,0.0,0.0,0.0,0.0,2.0,0.0,3.0,2.0
2020,15,grosjean,haas,19,20,R,Collision,0.0,0,Bahrain Grand Prix,Sakhir,2020-11-29,conventional,19,0 days 00:01:30.138000,,,0,0,0,1,0.0,17.666666666666668,0.1,56.0,0.0,18.5,0.0,17.5,19,0.0,17.666666666666668,19.0,0.0,0.0,-0.0,0.0,0.6825519936724547,0.0,0.0,0.0,0.0,3.0,0.0
2025,1,hadjar,rb,11,20,R,Retired,0.0,0,Australian Grand Prix,Melbourne,2025-03-16,conventional,11,0 days 00:01:16.354000,0 days 00:01:16.175000,,0,0,0,0,,,,0.0,0.0,8.0,0.3333333333333333,11.333333333333334,,,,,,,,,,,,0.0,0.0,0.0,0.0
2025,3,hadjar,rb,7,8,8,Finished,4.0,53,Japanese Grand Prix,Suzuka,2025-04-06,conventional,7,0 days 00:01:28.278000,0 days 00:01:27.775000,0 days 00:01:27.569000,4,1,0,0,0.0,11.0,0.0,1.0,2.0,10.5,0.3333333333333333,10.166666666666666,11,0.0,11.0,10.0,3.0,3.0,0.0,0.0,1.3780378964700613,4.0,0.0,0.0,0.0,0.0,0.0
2025,4,hadjar,rb,12,13,13,Finished,0.0,57,Bahrain Grand Prix,Sakhir,2025-04-13,conventional,12,0 days 00:01:31.591000,0 days 00:01:31.271000,,0,0,0,0,2.0,9.0,0.0,2.0,0.0,14.5,0.6666666666666666,10.0,7,4.0,9.0,8.0,-4.0,0.0,4.0,0.0,1.4195779607462282,0.0,0.0,4.0,0.0,1.0,4.0
2025,5,hadjar,rb,14,10,10,Finished,1.0,50,Saudi Arabian Grand Prix,Jeddah,2025-04-20,conventional,14,0 days 00:01:28.571000,0 days 00:01:28.418000,,1,1,0,0,1.3333333333333333,10.0,0.0,3.0,0.5,13.0,0.6666666666666666,11.0,12,0.0,10.0,10.0,-4.0,0.0,4.0,0.0,0.0,1.0,0.0,4.0,0.0,2.0,4.0
2025,7,hadjar,rb,9,9,9,Finished,2.0,63,Emilia Romagna Grand Prix,Imola,2025-05-18,conventional,9,0 days 00:01:16.253000,0 days 00:01:15.510000,0 days 00:01:15.746000,2,1,0,0,1.6666666666666667,11.0,0.0,4.0,1.0,12.5,0.8333333333333334,12.666666666666666,14,1.0,11.0,10.0,1.0,1.0,0.0,0.0,1.2170876367485297,2.0,0.0,5.0,0.0,3.0,5.0
2025,8,hadjar,rb,5,6,6,Lapped,8.0,77,Monaco Grand Prix,Monaco,2025-05-25,conventional,6,0 days 00:01:11.811000,0 days 00:01:11.040000,0 days 00:01:10.923000,8,1,0,0,1.0,11.666666666666666,0.0,5.0,6.0,7.5,0.5,13.333333333333334,9,2.0,11.666666666666666,12.0,6.0,6.0,0.0,6.0,4.373780885231522,2.0,0.0,3.0,0.0,3.0,3.0
2025,9,hadjar,rb,9,7,7,Finished,6.0,66,Spanish Grand Prix,Barcelona,2025-06-01,conventional,9,0 days 00:01:13.139000,0 days 00:01:12.461000,0 days 00:01:12.252000,6,1,0,0,3.6666666666666665,9.666666666666666,0.0,6.0,3.0,11.0,2.5,11.0,6,8.0,9.666666666666666,10.0,1.0,1.0,0.0,4.0,2.372133969595411,2.0,0.0,5.0,0.0,3.0,5.0
2025,10,hadjar,rb,12,16,16,Lapped,0.0,69,Canadian Grand Prix,Montréal,2025-06-15,conventional,9,0 days 00:01:12.211000,0 days 00:01:12.003000,0 days 00:01:11.867000,0,0,0,0,5.333333333333333,8.0,0.0,7.0,0.0,14.0,3.3333333333333335,10.333333333333334,9,6.0,8.0,8.0,-1.0,0.0,1.0,1.0,1.5742572796033905,0.0,1.0,6.0,0.0,3.0,6.0
2025,11,hadjar,rb,13,12,12,Lapped,0.0,69,Austrian Grand Prix,Spielberg,2025-06-29,conventional,13,0 days 00:01:05.063000,0 days 00:01:05.226000,,0,0,0,0,4.666666666666667,8.0,0.0,8.0,4.0,9.5,3.0,10.833333333333334,9,0.0,8.0,8.0,-5.0,0.0,5.0,1.0,1.699760463143611,0.0,1.0,4.0,1.0,3.0,3.0
2025,12,hadjar,rb,12,17,R,Retired,0.0,17,British Grand Prix,Silverstone,2025-07-06,conventional,13,0 days 00:01:26.177000,0 days 00:01:25.864000,,0,0,0,0,2.0,10.333333333333334,0.0,9.0,0.0,14.5,2.3333333333333335,11.5,13,0.0,10.333333333333334,9.0,-4.0,0.0,4.0,0.0,0.8046723093328003,0.0,0.0,2.0,2.0,3.0,0.0
2025,14,hadjar,rb,10,11,11,Lapped,0.0,69,Hungarian Grand Prix,Budapest,2025-08-03,conventional,10,0 days 00:01:15.516000,0 days 00:01:15.469000,0 days 00:01:15.915000,0,0,0,0,0.0,11.666666666666666,0.0,10.0,2.0,9.5,1.3333333333333333,12.666666666666666,13,0.0,11.666666666666666,9.0,-1.0,0.0,1.0,0.0,0.8647920646336598,0.0,0.0,0.0,2.0,3.0,-2.0
2025,15,hadjar,rb,4,3,3,Finished,15.0,72,Dutch Grand Prix,Zandvoort,2025-08-31,conventional,4,0 days 00:01:09.966000,0 days 00:01:09.439000,0 days 00:01:09.208000,15,1,1,0,0.0,12.0,0.0,11.0,7.5,6.0,2.0,11.166666666666666,10,0.0,12.0,12.0,8.0,8.0,0.0,8.0,5.264565432433256,7.0,0.0,0.0,1.0,3.0,-1.0
2025,16,hadjar,rb,19,10,10,Finished,1.0,53,Italian Grand Prix,Monza,2025-09-07,conventional,16,0 days 00:01:19.917000,,,1,1,0,0,5.0,9.0,0.0,12.0,0.5,18.0,3.1666666666666665,10.0,4,15.0,9.0,8.0,-8.0,0.0,8.0,0.0,0.0,1.0,0.0,7.0,0.0,3.0,7.0
2025,17,hadjar,rb,8,10,10,Finished,1.0,51,Azerbaijan Grand Prix,Baku,2025-09-21,conventional,8,0 days 00:01:41.656000,0 days 00:01:41.647000,0 days 00:01:42.372000,1,1,0,0,5.333333333333333,10.0,0.0,13.0,5.5,5.5,3.3333333333333335,11.166666666666666,16,1.0,10.0,9.0,1.0,1.0,0.0,0.0,1.8857671282685655,1.0,0.0,8.0,0.0,3.0,8.0
2025,18,hadjar,rb,8,11,11,Lapped,0.0,61,Singapore Grand Prix,Marina Bay,2025-10-05,conventional,8,0 days 00:01:30.214000,0 days 00:01:30.016000,0 days 00:01:29.846000,0,0,0,0,5.666666666666667,9.333333333333334,0.0,14.0,0.0,10.0,4.5,9.833333333333334,8,1.0,9.333333333333334,9.0,1.0,1.0,0.0,4.0,2.6675444778006354,0.0,4.0,9.0,0.0,3.0,9.0
2025,20,hadjar,rb,8,13,13,Lapped,0.0,70,Mexico City Grand Prix,Mexico City,2025-10-26,conventional,9,0 days 00:01:16.733000,0 days 00:01:16.804000,0 days 00:01:16.252000,0,0,0,0,0.6666666666666666,10.666666666666666,0.0,15.0,0.0,12.0,2.0,11.166666666666666,8,0.0,10.666666666666666,10.0,1.0,1.0,0.0,0.0,1.5363153411809254,0.0,0.0,2.0,4.0,3.0,-2.0
2025,22,hadjar,rb,8,6,6,Finished,8.0,50,Las Vegas Grand Prix,Las Vegas,2025-11-22,conventional,8,0 days 00:01:55.613000,0 days 00:01:51.120000,0 days 00:01:49.554000,8,1,0,0,0.3333333333333333,8.333333333333334,0.0,16.0,4.0,7.0,1.8333333333333333,9.166666666666666,9,0.0,8.333333333333334,8.0,0.0,0.0,-0.0,0.0,2.436179549538868,8.0,0.0,1.0,4.0,3.0,-3.0
2025,24,hadjar,rb,9,17,17,Lapped,0.0,57,Abu Dhabi Grand Prix,Yas Island,2025-12-07,conventional,9,0 days 00:01:23.373000,0 days 00:01:22.997000,0 days 00:01:23.072000,0,0,0,0,2.6666666666666665,8.333333333333334,0.0,17.0,0.0,11.0,1.3333333333333333,9.666666666666666,8,8.0,8.333333333333334,6.0,-3.0,0.0,3.0,1.0,2.613180301161163,0.0,1.0,8.0,4.0,3.0,4.0
2018,1,hamilton,mercedes,1,2,2,Finished,18.0,58,Australian Grand Prix,Melbourne,2018-03-25,conventional,1,0 days 00:01:22.824000,0 days 00:01:22.051000,0 days 00:01:21.164000,18,1,1,0,,,,0.0,11.0,5.5,,,,,,,,,,,,,,0.0,0.0,0.0,0.0
2018,2,hamilton,mercedes,9,3,3,Finished,15.0,57,Bahrain Grand Prix,Sakhir,2018-04-08,conventional,4,0 days 00:01:29.396000,0 days 00:01:28.458000,0 days 00:01:28.220000,15,1,1,0,18.0,1.0,0.0,1.0,16.5,3.5,11.0,5.5,1,18.0,,,,,,,,,,0.0,0.0,0.0,0.0
2018,3,hamilton,mercedes,4,4,4,Finished,12.0,56,Chinese Grand Prix,Shanghai,2018-04-15,conventional,4,0 days 00:01:33.283000,0 days 00:01:31.914000,0 days 00:01:31.675000,12,1,0,0,16.5,2.5,0.0,2.0,15.0,3.5,13.75,4.5,4,15.0,,,,,,,,,,0.0,0.0,0.0,0.0
2018,4,hamilton,mercedes,2,1,1,Finished,25.0,51,Azerbaijan Grand Prix,Baku,2018-04-29,conventional,2,0 days 00:01:42.693000,0 days 00:01:42.676000,0 days 00:01:41.677000,25,1,1,0,15.0,3.0,0.0,3.0,12.5,2.5,14.166666666666666,4.166666666666667,4,12.0,,,,,,,,,,0.0,0.0,0.0,0.0
2018,5,hamilton,mercedes,1,1,1,Finished,25.0,66,Spanish Grand Prix,Barcelona,2018-05-13,conventional,1,0 days 00:01:17.633000,0 days 00:01:17.166000,0 days 00:01:16.173000,25,1,1,0,17.333333333333332,3.3333333333333335,0.0,4.0,21.5,1.5,14.666666666666666,3.1666666666666665,2,25.0,,,,,,,,,,0.0,0.0,0.0,0.0
2018,6,hamilton,mercedes,3,3,3,Finished,15.0,78,Monaco Grand Prix,Monte Carlo,2018-05-27,conventional,3,0 days 00:01:12.460000,0 days 00:01:11.584000,0 days 00:01:11.232000,15,1,1,0,20.666666666666668,2.3333333333333335,0.0,5.0,12.5,4.0,16.333333333333332,2.5,1,25.0,,,,,,,,,,0.0,0.0,0.0,0.0
2018,7,hamilton,mercedes,4,5,5,Finished,10.0,68,Canadian Grand Prix,Montréal,2018-06-10,conventional,4,0 days 00:01:11.835000,0 days 00:01:11.740000,0 days 00:01:10.996000,10,1,0,0,21.666666666666668,2.0,0.0,6.0,14.0,3.0,15.5,2.6666666666666665,3,15.0,,,,,,,,,,0.0,0.0,0.0,0.0
2018,8,hamilton,mercedes,1,1,1,Finished,25.0,53,French Grand Prix,Le Castellet,2018-06-24,conventional,1,0 days 00:01:31.271000,0 days 00:01:30.645000,0 days 00:01:30.029000,25,1,1,0,16.666666666666668,2.6666666666666665,0.0,7.0,15.5,1.5,16.0,2.8333333333333335,4,10.0,,,,,,,,,,0.0,0.0,0.0,0.0
2018,9,hamilton,mercedes,2,16,R,Fuel pressure,0.0,62,Austrian Grand Prix,Spielberg,2018-07-01,conventional,2,0 days 00:01:04.080000,0 days 00:01:03.577000,0 days 00:01:03.149000,0,0,0,0,16.666666666666668,2.6666666666666665,0.0,8.0,0.0,1.5,14.0,2.8333333333333335,1,25.0,,,,,,,,,,0.0,0.0,0.0,0.0
2018,10,hamilton,mercedes,1,2,2,Finished,18.0,52,British Grand Prix,Silverstone,2018-07-08,conventional,1,0 days 00:01:26.818000,0 days 00:01:26.256000,0 days 00:01:25.892000,18,1,1,0,11.666666666666666,2.3333333333333335,0.0,9.0,15.0,2.5,9.833333333333334,2.0,2,0.0,,,,,,,,,,0.0,0.0,0.0,0.0
2018,11,hamilton,mercedes,14,1,1,Finished,25.0,67,German Grand Prix,Hockenheim,2018-07-22,conventional,14,0 days 00:01:13.012000,,,25,1,1,0,14.333333333333334,1.3333333333333333,0.0,10.0,21.5,8.0,10.166666666666666,1.8333333333333333,1,18.0,,,,,,,,,,0.0,0.0,0.0,0.0
2018,12,hamilton,mercedes,1,1,1,Finished,25.0,70,Hungarian Grand Prix,Budapest,2018-07-29,conventional,1,0 days 00:01:17.419000,0 days 00:01:31.242000,0 days 00:01:35.658000,25,1,1,0,14.333333333333334,5.666666666666667,0.0,11.0,17.5,1.5,12.166666666666666,4.0,14,25.0,,,,,,,,,,0.0,0.0,0.0,0.0
2018,13,hamilton,mercedes,1,2,2,Finished,18.0,44,Belgian Grand Prix,Spa-Francorchamps,2018-08-26,conventional,1,0 days 00:01:42.977000,0 days 00:01:41.553000,0 days 00:01:58.179000,18,1,1,0,22.666666666666668,5.333333333333333,0.0,12.0,15.0,5.5,18.0,4.0,1,25.0,,,,,,,,,,0.0,0.0,0.0,0.0
2018,14,hamilton,mercedes,3,1,1,Finished,25.0,53,Italian Grand Prix,Monza,2018-09-02,conventional,3,0 days 00:01:20.810000,0 days 00:01:19.798000,0 days 00:01:19.294000,25,1,1,0,22.666666666666668,5.333333333333333,0.0,13.0,20.0,3.5,18.0,5.0,1,18.0,,,,,,,,,,0.0,0.0,0.0,0.0
2018,15,hamilton,mercedes,1,1,1,Finished,25.0,61,Singapore Grand Prix,Singapore,2018-09-16,conventional,1,0 days 00:01:39.403000,0 days 00:01:37.344000,0 days 00:01:36.015000,25,1,1,0,22.666666666666668,1.6666666666666667,0.0,14.0,18.5,2.5,17.5,3.5,3,25.0,,,,,,,,,,0.0,0.0,0.0,0.0
2018,16,hamilton,mercedes,2,1,1,Finished,25.0,53,Russian Grand Prix,Sochi,2018-09-30,conventional,2,0 days 00:01:32.410000,0 days 00:01:32.595000,0 days 00:01:31.532000,25,1,1,0,22.666666666666668,1.6666666666666667,0.0,15.0,21.5,1.5,17.833333333333332,3.8333333333333335,1,25.0,,,,,,,,,,0.0,0.0,0.0,0.0
2018,17,hamilton,mercedes,1,1,1,Finished,25.0,53,Japanese Grand Prix,Suzuka,2018-10-07,conventional,1,0 days 00:01:28.702000,0 days 00:01:28.017000,0 days 00:01:27.760000,25,1,1,0,25.0,2.0,0.0,16.0,21.5,1.5,20.0,2.5,2,25.0,,,,,,,,,,0.0,0.0,0.0,0.0
2018,18,hamilton,mercedes,1,3,3,Finished,15.0,56,United States Grand Prix,Austin,2018-10-21,conventional,1,0 days 00:01:34.130000,0 days 00:01:33.480000,0 days 00:01:32.237000,15,1,1,0,25.0,1.3333333333333333,0.0,17.0,12.5,2.5,20.5,1.8333333333333333,1,25.0,,,,,,,,,,0.0,0.0,0.0,0.0
2018,19,hamilton,mercedes,3,4,4,Finished,12.0,71,Mexican Grand Prix,Mexico City,2018-10-28,conventional,3,0 days 00:01:15.673000,0 days 00:01:15.644000,0 days 00:01:14.894000,12,1,0,0,21.666666666666668,1.3333333333333333,0.0,18.0,11.0,4.0,18.5,1.8333333333333333,1,15.0,,,,,,,,,,0.0,0.0,0.0,0.0
2018,20,hamilton,mercedes,1,1,1,Finished,25.0,71,Brazilian Grand Prix,São Paulo,2018-11-11,conventional,1,0 days 00:01:08.464000,0 days 00:01:07.795000,0 days 00:01:07.281000,25,1,1,0,17.333333333333332,1.6666666666666667,0.0,19.0,17.5,2.0,15.0,2.6666666666666665,3,12.0,,,,,,,,,,0.0,0.0,0.0,0.0
2018,21,hamilton,mercedes,1,1,1,Finished,25.0,55,Abu Dhabi Grand Prix,Yas Marina,2018-11-25,conventional,1,0 days 00:01:36.828000,0 days 00:01:35.693000,0 days 00:01:34.794000,25,1,1,0,17.333333333333332,1.6666666666666667,0.0,20.0,17.5,1.5,13.666666666666666,2.8333333333333335,1,25.0,,,,,,,,,,0.0,0.0,0.0,0.0
2019,1,hamilton,mercedes,1,2,2,Finished,18.0,58,Australian Grand Prix,Melbourne,2019-03-17,conventional,1,0 days 00:01:22.043000,0 days 00:01:21.014000,0 days 00:01:20.486000,18,1,1,0,20.666666666666668,1.6666666666666667,0.0,21.0,21.5,1.5,15.333333333333334,2.5,1,25.0,,,,,,,,,,0.0,0.0,0.0,0.0
2019,2,hamilton,mercedes,3,1,1,Finished,25.0,57,Bahrain Grand Prix,Sakhir,2019-03-31,conventional,3,0 days 00:01:29.262000,0 days 00:01:28.578000,0 days 00:01:28.190000,25,1,1,0,22.666666666666668,1.0,0.0,22.0,21.5,3.5,18.833333333333332,1.6666666666666667,1,18.0,,,,,,,,,,0.0,0.0,0.0,0.0
2019,3,hamilton,mercedes,2,1,1,Finished,25.0,56,Chinese Grand Prix,Shanghai,2019-04-14,conventional,2,0 days 00:01:33.115000,0 days 00:01:31.637000,0 days 00:01:31.570000,25,1,1,0,22.666666666666668,1.6666666666666667,0.0,23.0,21.5,1.5,20.166666666666668,2.1666666666666665,3,25.0,,,,,,,,,,0.0,0.0,0.0,0.0
2019,4,hamilton,mercedes,2,2,2,Finished,18.0,51,Azerbaijan Grand Prix,Baku,2019-04-28,conventional,2,0 days 00:01:41.614000,0 days 00:01:41.580000,0 days 00:01:40.554000,18,1,1,0,22.666666666666668,2.0,0.0,24.0,21.5,1.5,21.5,2.1666666666666665,2,25.0,,,,,,,,,,0.0,0.0,0.0,0.0
2019,5,hamilton,mercedes,2,1,1,Finished,26.0,66,Spanish Grand Prix,Barcelona,2019-05-12,conventional,2,0 days 00:01:17.292000,0 days 00:01:16.038000,0 days 00:01:16.040000,25,1,1,0,22.666666666666668,2.3333333333333335,0.0,25.0,21.5,1.5,21.5,2.1666666666666665,2,18.0,,,,,,,,,,0.0,0.0,0.0,0.0
2019,6,hamilton,mercedes,1,1,1,Finished,25.0,78,Monaco Grand Prix,Monte Carlo,2019-05-26,conventional,1,0 days 00:01:11.542000,0 days 00:01:10.835000,0 days 00:01:10.166000,25,1,1,0,22.666666666666668,2.0,0.0,26.0,20.0,1.5,21.5,1.5,2,25.0,,,,,,,,,,0.0,0.0,0.0,0.0
2019,7,hamilton,mercedes,2,1,1,Finished,25.0,70,Canadian Grand Prix,Montréal,2019-06-09,conventional,2,0 days 00:01:11.518000,0 days 00:01:11.010000,0 days 00:01:10.446000,25,1,1,0,22.666666666666668,1.6666666666666667,0.0,27.0,18.5,4.0,21.0,1.5,1,25.0,,,,,,,,,,0.0,0.0,0.0,0.0
2019,8,hamilton,mercedes,1,1,1,Finished,25.0,53,French Grand Prix,Le Castellet,2019-06-23,conventional,1,0 days 00:01:30.609000,0 days 00:01:29.520000,0 days 00:01:28.319000,25,1,1,0,25.0,1.6666666666666667,0.0,28.0,21.5,1.5,20.0,2.3333333333333335,2,25.0,,,,,,,,,,0.0,0.0,0.0,0.0
2019,9,hamilton,mercedes,4,5,5,Finished,10.0,71,Austrian Grand Prix,Spielberg,2019-06-30,conventional,2,0 days 00:01:03.818000,0 days 00:01:03.803000,0 days 00:01:03.262000,10,1,0,0,25.0,1.3333333333333333,0.0,29.0,12.5,3.0,20.0,2.3333333333333335,1,25.0,,,,,,,,,,0.0,0.0,0.0,0.0
2019,10,hamilton,mercedes,2,1,1,Finished,26.0,52,British Grand Prix,Silverstone,2019-07-14,conventional,2,0 days 00:01:25.513000,0 days 00:01:25.840000,0 days 00:01:25.099000,25,1,1,0,20.0,1.6666666666666667,0.0,30.0,21.5,1.5,17.5,2.8333333333333335,2,10.0,,,,,,,,,,0.0,0.0,0.0,0.0
2019,11,hamilton,mercedes,1,9,9,Finished,2.0,64,German Grand Prix,Hockenheim,2019-07-28,conventional,1,0 days 00:01:12.852000,0 days 00:01:12.149000,0 days 00:01:11.767000,2,1,0,0,20.0,1.6666666666666667,0.0,31.0,1.0,2.0,18.5,2.0,2,25.0,,,,,,,,,,0.0,0.0,0.0,0.0
2019,12,hamilton,mercedes,3,1,1,Finished,25.0,70,Hungarian Grand Prix,Budapest,2019-08-04,conventional,3,0 days 00:01:16.068000,0 days 00:01:15.548000,0 days 00:01:14.769000,25,1,1,0,12.333333333333334,1.6666666666666667,0.0,32.0,14.5,2.5,11.666666666666666,2.1666666666666665,1,2.0,,,,,,,,,,0.0,0.0,0.0,0.0
2019,13,hamilton,mercedes,3,2,2,Finished,18.0,44,Belgian Grand Prix,Spa-Francorchamps,2019-09-01,conventional,3,0 days 00:01:45.260000,0 days 00:01:43.592000,0 days 00:01:43.282000,18,1,1,0,17.333333333333332,2.0,0.0,33.0,16.5,3.5,12.333333333333334,2.0,3,25.0,,,,,,,,,,0.0,0.0,0.0,0.0
2019,14,hamilton,mercedes,2,3,3,Finished,16.0,53,Italian Grand Prix,Monza,2019-09-08,conventional,2,0 days 00:01:20.272000,0 days 00:01:19.464000,0 days 00:01:19.346000,15,1,1,0,15.0,2.3333333333333335,0.0,34.0,16.5,2.5,10.666666666666666,2.6666666666666665,3,18.0,,,,,,,,,,0.0,0.0,0.0,0.0
2019,15,hamilton,mercedes,2,4,4,Finished,12.0,61,Singapore Grand Prix,Singapore,2019-09-22,conventional,2,0 days 00:01:37.565000,0 days 00:01:36.933000,0 days 00:01:36.408000,12,1,0,0,19.333333333333332,2.6666666666666665,0.0,35.0,11.0,3.5,15.833333333333334,2.8333333333333335,2,15.0,,,,,,,,,,0.0,0.0,0.0,0.0
2019,16,hamilton,mercedes,2,1,1,Finished,26.0,53,Russian Grand Prix,Sochi,2019-09-29,conventional,2,0 days 00:01:33.230000,0 days 00:01:33.134000,0 days 00:01:32.030000,25,1,1,0,15.0,2.3333333333333335,0.0,36.0,21.5,3.5,14.666666666666666,3.1666666666666665,2,12.0,,,,,,,,,,0.0,0.0,0.0,0.0
2019,17,hamilton,mercedes,4,3,3,Finished,16.0,52,Japanese Grand Prix,Suzuka,2019-10-13,conventional,4,0 days 00:01:28.735000,0 days 00:01:27.826000,0 days 00:01:27.302000,15,1,1,0,17.333333333333332,2.0,0.0,37.0,20.0,3.5,16.333333333333332,3.1666666666666665,2,25.0,,,,,,,,,,0.0,0.0,0.0,0.0
2019,18,hamilton,mercedes,3,1,1,Finished,25.0,71,Mexican Grand Prix,Mexico City,2019-10-27,conventional,4,0 days 00:01:16.424000,0 days 00:01:15.721000,0 days 00:01:15.262000,25,1,1,0,17.333333333333332,2.6666666666666665,0.0,38.0,20.0,5.0,17.5,3.5,4,15.0,,,,,,,,,,0.0,0.0,0.0,0.0
2019,19,hamilton,mercedes,5,2,2,Finished,18.0,56,United States Grand Prix,Austin,2019-11-03,conventional,5,0 days 00:01:33.454000,0 days 00:01:33.045000,0 days 00:01:32.321000,18,1,1,0,21.666666666666668,3.3333333333333335,0.0,39.0,21.5,3.0,20.5,4.0,4,25.0,,,,,,,,,,0.0,0.0,0.0,0.0
2019,20,hamilton,mercedes,3,7,7,Finished,6.0,71,Brazilian Grand Prix,São Paulo,2019-11-17,conventional,3,0 days 00:01:08.614000,0 days 00:01:08.088000,0 days 00:01:07.699000,6,1,0,0,19.333333333333332,4.333333333333333,0.0,40.0,3.0,4.0,20.5,3.8333333333333335,5,18.0,,,,,,,,,,0.0,0.0,0.0,0.0
2019,21,hamilton,mercedes,1,1,1,Finished,26.0,55,Abu Dhabi Grand Prix,Yas Island,2019-12-01,conventional,1,0 days 00:01:35.851000,0 days 00:01:35.634000,0 days 00:01:34.779000,25,1,1,0,16.333333333333332,4.0,0.0,41.0,18.5,1.5,14.833333333333334,4.0,3,6.0,,,,,,,,,,0.0,0.0,0.0,0.0
2020,1,hamilton,mercedes,5,4,4,Finished,12.0,71,Austrian Grand Prix,Spielberg,2020-07-05,conventional,2,0 days 00:01:04.198000,0 days 00:01:03.096000,0 days 00:01:02.951000,12,1,0,0,16.333333333333332,3.0,0.0,42.0,18.5,1.5,14.333333333333334,2.8333333333333335,1,25.0,3.0,3.0,1.0,1.0,0.0,25.0,16.46756201675378,0.0,13.0,0.0,0.0,0.0,0.0
2020,2,hamilton,mercedes,1,1,1,Finished,25.0,71,Styrian Grand Prix,Spielberg,2020-07-12,conventional,1,0 days 00:01:18.188000,0 days 00:01:17.825000,0 days 00:01:19.273000,25,1,1,0,14.333333333333334,2.0,0.0,43.0,21.5,2.5,13.333333333333334,2.3333333333333335,2,12.0,2.0,1.0,0.0,0.0,-0.0,18.0,13.738348239277748,7.0,0.0,0.0,13.0,1.0,-13.0
2020,3,hamilton,mercedes,1,1,1,Finished,26.0,70,Hungarian Grand Prix,Budapest,2020-07-19,conventional,1,0 days 00:01:14.907000,0 days 00:01:14.261000,0 days 00:01:13.447000,25,1,1,0,20.666666666666668,1.3333333333333333,0.0,44.0,20.0,1.5,19.5,1.8333333333333333,1,25.0,1.3333333333333333,1.0,0.0,0.0,-0.0,25.0,13.948768524394932,0.0,0.0,7.0,13.0,2.0,-6.0
2020,4,hamilton,mercedes,1,1,1,Finished,25.0,52,British Grand Prix,Silverstone,2020-08-02,conventional,1,0 days 00:01:25.900000,0 days 00:01:25.347000,0 days 00:01:24.303000,25,1,1,0,20.666666666666668,1.3333333333333333,0.0,45.0,12.5,1.5,20.0,1.8333333333333333,1,25.0,1.3333333333333333,1.0,0.0,0.0,-0.0,25.0,22.74269724530585,0.0,0.0,7.0,13.0,3.0,-6.0
2020,5,hamilton,mercedes,2,2,2,Finished,19.0,52,70th Anniversary Grand Prix,Silverstone,2020-08-09,conventional,2,0 days 00:01:26.818000,0 days 00:01:26.266000,0 days 00:01:25.217000,18,1,1,0,25.0,1.0,0.0,46.0,16.5,1.5,18.0,1.8333333333333333,1,25.0,1.0,1.0,-1.0,0.0,1.0,25.0,16.838955804059047,0.0,7.0,7.0,0.0,3.0,7.0
2020,6,hamilton,mercedes,1,1,1,Finished,25.0,66,Spanish Grand Prix,Barcelona,2020-08-16,conventional,1,0 days 00:01:16.872000,0 days 00:01:16.013000,0 days 00:01:15.584000,25,1,1,0,22.666666666666668,1.3333333333333333,0.0,47.0,20.0,1.5,16.333333333333332,1.5,2,18.0,1.3333333333333333,1.0,0.0,0.0,-0.0,25.0,20.67318047950741,0.0,0.0,0.0,7.0,3.0,-7.0
2020,7,hamilton,mercedes,1,1,1,Finished,25.0,44,Belgian Grand Prix,Spa-Francorchamps,2020-08-30,conventional,1,0 days 00:01:42.323000,0 days 00:01:42.014000,0 days 00:01:41.252000,25,1,1,0,22.666666666666668,1.3333333333333333,0.0,48.0,21.5,1.5,16.333333333333332,1.5,1,25.0,1.3333333333333333,1.0,0.0,0.0,-0.0,25.0,21.924870020212218,0.0,0.0,0.0,7.0,3.0,-7.0
2020,8,hamilton,mercedes,1,7,7,Finished,7.0,53,Italian Grand Prix,Monza,2020-09-06,conventional,1,0 days 00:01:19.514000,0 days 00:01:19.092000,0 days 00:01:18.887000,6,1,0,0,22.666666666666668,1.3333333333333333,0.0,49.0,8.0,1.5,19.333333333333332,1.5,1,25.0,1.3333333333333333,1.0,0.0,0.0,-0.0,25.0,25.0,0.0,19.0,0.0,7.0,3.0,-7.0
2020,9,hamilton,mercedes,1,1,1,Finished,26.0,59,Tuscan Grand Prix,Mugello,2020-09-13,conventional,1,0 days 00:01:15.778000,0 days 00:01:15.309000,0 days 00:01:15.144000,25,1,1,0,18.666666666666668,1.0,0.0,50.0,21.5,1.5,16.5,1.5,1,6.0,1.0,1.0,0.0,0.0,-0.0,18.0,17.07890463755701,7.0,0.0,0.0,19.0,3.0,-19.0
2020,10,hamilton,mercedes,1,3,3,Finished,15.0,53,Russian Grand Prix,Sochi,2020-09-27,conventional,1,0 days 00:01:32.983000,0 days 00:01:32.835000,0 days 00:01:31.304000,15,1,1,0,18.666666666666668,1.0,0.0,51.0,20.0,2.0,17.0,1.5,1,25.0,1.0,1.0,0.0,0.0,-0.0,25.0,14.520093981609499,0.0,10.0,7.0,19.0,3.0,-12.0
2020,11,hamilton,mercedes,2,1,1,Finished,25.0,60,Eifel Grand Prix,Nürburgring,2020-10-11,conventional,2,0 days 00:01:26.620000,0 days 00:01:25.390000,0 days 00:01:25.525000,25,1,1,0,15.333333333333334,1.0,0.0,52.0,12.5,1.5,16.5,1.6666666666666667,1,15.0,1.0,1.0,-1.0,0.0,1.0,25.0,18.45545315655891,0.0,0.0,7.0,29.0,3.0,-22.0
2020,12,hamilton,mercedes,1,1,1,Finished,26.0,66,Portuguese Grand Prix,Portimão,2020-10-25,conventional,1,0 days 00:01:16.828000,0 days 00:01:16.824000,0 days 00:01:16.652000,25,1,1,0,21.666666666666668,1.3333333333333333,0.0,53.0,21.5,1.5,18.0,1.6666666666666667,2,25.0,1.3333333333333333,1.0,0.0,0.0,-0.0,15.0,12.765525351002903,10.0,0.0,7.0,10.0,3.0,-3.0
2020,13,hamilton,mercedes,2,1,1,Finished,26.0,63,Emilia Romagna Grand Prix,Imola,2020-11-01,conventional,2,0 days 00:01:14.229000,0 days 00:01:14.643000,0 days 00:01:13.706000,25,1,1,0,21.666666666666668,1.3333333333333333,0.0,54.0,21.5,1.5,18.0,1.6666666666666667,1,25.0,1.3333333333333333,1.0,-1.0,0.0,1.0,25.0,20.43641865034678,0.0,0.0,10.0,10.0,3.0,0.0
2020,14,hamilton,mercedes,6,1,1,Finished,25.0,58,Turkish Grand Prix,Istanbul,2020-11-15,conventional,6,0 days 00:02:07.599000,0 days 00:01:52.709000,0 days 00:01:52.560000,25,1,1,0,25.0,1.6666666666666667,0.0,55.0,12.5,7.5,18.5,1.5,2,25.0,1.6666666666666667,2.0,-4.0,0.0,4.0,25.0,15.791919816571317,0.0,0.0,10.0,0.0,3.0,10.0
2020,15,hamilton,mercedes,1,1,1,Finished,25.0,57,Bahrain Grand Prix,Sakhir,2020-11-29,conventional,1,0 days 00:01:28.343000,0 days 00:01:27.586000,0 days 00:01:27.264000,25,1,1,0,25.0,3.0,0.0,56.0,14.5,1.5,18.5,3.5,6,25.0,3.0,2.0,1.0,1.0,0.0,25.0,23.663846708934187,0.0,0.0,10.0,0.0,3.0,10.0
2020,17,hamilton,mercedes,3,3,3,Finished,15.0,55,Abu Dhabi Grand Prix,Yas Island,2020-12-13,conventional,3,0 days 00:01:35.528000,0 days 00:01:35.466000,0 days 00:01:35.332000,15,1,1,0,25.0,3.0,0.0,57.0,16.5,2.5,10.0,3.5,1,25.0,3.0,2.0,-1.0,0.0,1.0,25.0,17.878110484413554,0.0,10.0,0.0,0.0,3.0,0.0
2021,1,hamilton,mercedes,2,1,1,Finished,25.0,56,Bahrain Grand Prix,Sakhir,2021-03-28,conventional,2,0 days 00:01:30.617000,0 days 00:01:30.085000,0 days 00:01:29.385000,25,1,1,0,21.666666666666668,3.3333333333333335,0.0,58.0,20.0,2.5,11.333333333333334,1.8333333333333333,3,15.0,3.3333333333333335,3.0,1.0,1.0,0.0,15.0,15.059305265403557,10.0,0.0,0.0,0.0,0.0,0.0
2021,2,hamilton,mercedes,1,2,2,Finished,19.0,63,Emilia Romagna Grand Prix,Imola,2021-04-18,conventional,1,0 days 00:01:14.823000,0 days 00:01:14.817000,0 days 00:01:14.411000,18,1,1,0,21.666666666666668,2.0,0.0,59.0,9.0,4.5,13.166666666666666,2.1666666666666665,2,25.0,2.0,3.0,2.0,2.0,0.0,25.0,22.643667889882998,0.0,7.0,10.0,0.0,1.0,10.0
2021,3,hamilton,mercedes,2,1,1,Finished,25.0,66,Portuguese Grand Prix,Portimão,2021-05-02,conventional,2,0 days 00:01:18.857000,0 days 00:01:17.968000,0 days 00:01:18.355000,25,1,1,0,19.333333333333332,2.0,0.0,60.0,20.0,1.5,15.166666666666666,3.1666666666666665,1,18.0,2.0,2.0,0.0,0.0,-0.0,25.0,17.495728837344153,0.0,0.0,10.0,7.0,2.0,3.0
2021,4,hamilton,mercedes,1,1,1,Finished,25.0,66,Spanish Grand Prix,Barcelona,2021-05-09,conventional,1,0 days 00:01:18.245000,0 days 00:01:17.166000,0 days 00:01:16.741000,25,1,1,0,22.666666666666668,1.6666666666666667,0.0,61.0,20.0,2.0,16.333333333333332,2.8333333333333335,2,25.0,1.6666666666666667,1.0,0.0,0.0,-0.0,25.0,22.03877390021761,0.0,0.0,10.0,7.0,3.0,3.0
2021,5,hamilton,mercedes,7,7,7,Finished,7.0,78,Monaco Grand Prix,Monte Carlo,2021-05-23,conventional,7,0 days 00:01:11.622000,0 days 00:01:11.116000,0 days 00:01:11.095000,6,1,0,0,22.666666666666668,1.3333333333333333,0.0,62.0,3.0,5.0,16.333333333333332,2.6666666666666665,1,25.0,1.3333333333333333,1.0,-6.0,0.0,6.0,12.0,13.723276991244443,0.0,6.0,0.0,7.0,3.0,-7.0
2021,6,hamilton,mercedes,2,15,15,Finished,0.0,51,Azerbaijan Grand Prix,Baku,2021-06-06,conventional,2,0 days 00:01:41.545000,0 days 00:01:41.634000,0 days 00:01:41.450000,0,0,0,0,18.666666666666668,3.3333333333333335,0.0,63.0,0.0,6.0,14.333333333333334,2.8333333333333335,7,6.0,3.3333333333333335,3.0,1.0,1.0,0.0,25.0,18.02680503175446,0.0,25.0,0.0,6.0,3.0,-6.0
2021,7,hamilton,mercedes,2,2,2,Finished,18.0,53,French Grand Prix,Le Castellet,2021-06-20,conventional,2,0 days 00:01:31.237000,0 days 00:01:30.788000,0 days 00:01:30.248000,18,1,1,0,10.333333333333334,3.3333333333333335,0.0,64.0,15.0,2.5,7.666666666666667,4.333333333333333,2,0.0,3.3333333333333335,3.0,1.0,1.0,0.0,15.0,9.045037811902041,3.0,0.0,0.0,31.0,3.0,-31.0
2021,8,hamilton,mercedes,2,2,2,Finished,19.0,71,Styrian Grand Prix,Spielberg,2021-06-27,conventional,3,0 days 00:01:04.672000,0 days 00:01:04.512000,0 days 00:01:04.067000,18,1,1,0,8.0,3.6666666666666665,0.0,65.0,16.5,2.5,6.0,4.5,2,18.0,3.6666666666666665,3.0,0.0,0.0,-0.0,25.0,12.510930621648571,0.0,7.0,3.0,31.0,3.0,-28.0
2021,9,hamilton,mercedes,4,4,4,Finished,12.0,71,Austrian Grand Prix,Spielberg,2021-07-04,conventional,4,0 days 00:01:04.506000,0 days 00:01:04.258000,0 days 00:01:04.014000,12,1,0,0,12.0,2.3333333333333335,0.0,66.0,15.0,4.5,10.5,3.6666666666666665,3,18.0,2.3333333333333335,2.0,-2.0,0.0,2.0,18.0,13.210956093971546,0.0,6.0,3.0,32.0,3.0,-29.0
2021,11,hamilton,mercedes,1,2,2,Finished,18.0,70,Hungarian Grand Prix,Budapest,2021-08-01,conventional,1,0 days 00:01:16.424000,0 days 00:01:16.553000,0 days 00:01:15.419000,18,1,1,0,16.0,3.0,0.0,67.0,9.0,1.5,15.5,3.1666666666666665,4,12.0,3.0,2.0,1.0,1.0,0.0,25.0,18.74636158713011,0.0,7.0,3.0,13.0,3.0,-10.0
2021,12,hamilton,mercedes,3,3,3,Finished,7.5,1,Belgian Grand Prix,Spa-Francorchamps,2021-08-29,conventional,3,0 days 00:01:59.218000,0 days 00:01:56.229000,0 days 00:02:00.099000,15,1,1,0,16.0,2.6666666666666665,0.0,68.0,7.5,5.5,13.5,2.8333333333333335,1,18.0,2.6666666666666665,2.0,-1.0,0.0,1.0,25.0,11.727397186374507,0.0,10.0,0.0,20.0,3.0,-20.0
2021,13,hamilton,mercedes,2,2,2,Finished,19.0,72,Dutch Grand Prix,Zandvoort,2021-09-05,conventional,2,0 days 00:01:10.114000,0 days 00:01:09.726000,0 days 00:01:08.923000,18,1,1,0,15.0,2.6666666666666665,0.0,69.0,16.5,2.5,10.5,3.8333333333333335,3,15.0,2.6666666666666665,2.0,0.0,0.0,-0.0,25.0,15.17557435871275,0.0,7.0,0.0,23.0,3.0,-23.0
2021,15,hamilton,mercedes,4,1,1,Finished,25.0,53,Russian Grand Prix,Sochi,2021-09-26,conventional,4,0 days 00:01:45.992000,0 days 00:01:45.129000,0 days 00:01:44.050000,25,1,1,0,17.0,2.0,0.0,70.0,17.5,5.5,11.0,3.1666666666666665,2,18.0,2.0,2.0,-2.0,0.0,2.0,25.0,21.11453295031707,0.0,0.0,0.0,24.0,3.0,-24.0
2021,16,hamilton,mercedes,11,5,5,Finished,10.0,58,Turkish Grand Prix,Istanbul,2021-10-10,conventional,1,0 days 00:01:24.585000,0 days 00:01:23.082000,0 days 00:01:22.868000,10,1,0,0,19.333333333333332,3.0,0.0,71.0,17.5,1.5,13.833333333333334,4.5,4,25.0,3.0,1.0,0.0,0.0,-0.0,18.0,18.90811375656788,0.0,8.0,0.0,17.0,3.0,-17.0
2021,17,hamilton,mercedes,2,2,2,Finished,19.0,56,United States Grand Prix,Austin,2021-10-24,conventional,2,0 days 00:01:34.579000,0 days 00:01:33.797000,0 days 00:01:33.119000,18,1,1,0,17.666666666666668,2.3333333333333335,0.0,72.0,13.0,3.0,17.166666666666668,3.1666666666666665,1,10.0,2.3333333333333335,1.0,-1.0,0.0,1.0,18.0,16.183515218219036,0.0,0.0,0.0,15.0,3.0,-15.0
2021,18,hamilton,mercedes,2,2,2,Finished,18.0,71,Mexico City Grand Prix,Mexico City,2021-11-07,conventional,2,0 days 00:01:17.207000,0 days 00:01:16.474000,0 days 00:01:16.020000,18,1,1,0,17.666666666666668,2.3333333333333335,0.0,73.0,9.0,1.5,16.0,3.3333333333333335,2,18.0,2.3333333333333335,1.0,-1.0,0.0,1.0,15.0,13.802453910859162,3.0,0.0,0.0,8.0,3.0,-8.0
2021,20,hamilton,mercedes,1,1,1,Finished,25.0,57,Qatar Grand Prix,Lusail,2021-11-21,conventional,1,0 days 00:01:21.901000,0 days 00:01:21.682000,0 days 00:01:20.827000,25,1,1,0,15.333333333333334,1.6666666666666667,0.0,74.0,12.5,2.0,13.166666666666666,2.0,2,18.0,1.6666666666666667,1.0,0.0,0.0,-0.0,25.0,17.08467742741469,0.0,0.0,3.0,8.0,3.0,-5.0
2021,21,hamilton,mercedes,1,1,1,Finished,26.0,50,Saudi Arabian Grand Prix,Jeddah,2021-12-05,conventional,1,0 days 00:01:28.466000,0 days 00:01:27.712000,0 days 00:01:27.511000,25,1,1,0,20.333333333333332,1.6666666666666667,0.0,75.0,20.0,1.5,11.5,2.1666666666666665,1,25.0,1.6666666666666667,1.0,0.0,0.0,-0.0,25.0,21.24218161942825,0.0,0.0,3.0,0.0,3.0,3.0
2021,22,hamilton,mercedes,2,2,2,Finished,18.0,58,Abu Dhabi Grand Prix,Yas Island,2021-12-12,conventional,2,0 days 00:01:22.845000,0 days 00:01:23.145000,0 days 00:01:22.480000,18,1,1,0,22.666666666666668,1.3333333333333333,0.0,76.0,13.0,4.0,13.833333333333334,1.6666666666666667,1,25.0,1.3333333333333333,1.0,-1.0,0.0,1.0,25.0,21.829356079942333,0.0,7.0,3.0,0.0,3.0,3.0
2022,1,hamilton,mercedes,5,3,3,Finished,15.0,57,Bahrain Grand Prix,Sakhir,2022-03-20,conventional,5,0 days 00:01:32.285000,0 days 00:01:31.048000,0 days 00:01:31.238000,15,1,1,0,22.666666666666668,1.3333333333333333,0.0,77.0,13.5,7.0,15.166666666666666,2.5,2,18.0,1.3333333333333333,1.0,-4.0,0.0,4.0,18.0,15.350326488990095,0.0,3.0,0.0,0.0,0.0,0.0
2022,2,hamilton,mercedes,15,10,10,Finished,1.0,50,Saudi Arabian Grand Prix,Jeddah,2022-03-27,conventional,16,0 days 00:01:30.343000,,,1,1,0,0,19.333333333333332,2.6666666666666665,0.0,78.0,5.5,11.0,15.5,4.166666666666667,5,15.0,2.6666666666666665,2.0,-14.0,0.0,14.0,10.0,8.473501237270977,0.0,9.0,0.0,3.0,1.0,-3.0
2022,3,hamilton,mercedes,5,4,4,Finished,12.0,58,Australian Grand Prix,Melbourne,2022-04-10,conventional,5,0 days 00:01:19.401000,0 days 00:01:19.106000,0 days 00:01:18.825000,12,1,0,0,11.333333333333334,7.666666666666667,0.0,79.0,13.5,5.5,10.666666666666666,7.333333333333333,16,1.0,7.666666666666667,6.0,1.0,1.0,0.0,25.0,16.54278763799276,0.0,13.0,0.0,12.0,2.0,-12.0
2022,5,hamilton,mercedes,6,6,6,Finished,8.0,57,Miami Grand Prix,Miami,2022-05-08,conventional,6,0 days 00:01:30.388000,0 days 00:01:29.797000,0 days 00:01:29.625000,8,1,0,0,9.333333333333334,8.666666666666666,0.0,80.0,9.0,9.0,10.833333333333334,7.833333333333333,5,12.0,8.666666666666666,9.0,3.0,3.0,0.0,10.0,10.502668015886247,0.0,2.0,0.0,25.0,3.0,-25.0
2022,6,hamilton,mercedes,6,5,5,Finished,10.0,66,Spanish Grand Prix,Barcelona,2022-05-22,conventional,6,0 days 00:01:20.252000,0 days 00:01:19.794000,0 days 00:01:19.512000,10,1,0,0,7.0,9.0,0.0,81.0,12.5,5.0,9.333333333333334,8.5,6,8.0,9.0,9.0,3.0,3.0,0.0,15.0,12.612436594934643,0.0,5.0,0.0,24.0,3.0,-24.0
2022,7,hamilton,mercedes,8,8,8,Finished,4.0,64,Monaco Grand Prix,Monaco,2022-05-29,conventional,8,0 days 00:01:13.444000,0 days 00:01:12.595000,0 days 00:01:12.560000,4,1,0,0,10.0,5.666666666666667,0.0,82.0,7.0,7.0,11.666666666666666,6.5,6,10.0,5.666666666666667,5.0,-3.0,0.0,3.0,8.0,7.776399278074635,0.0,4.0,0.0,20.0,3.0,-20.0
2022,8,hamilton,mercedes,7,4,4,Finished,12.0,51,Azerbaijan Grand Prix,Baku,2022-06-12,conventional,7,0 days 00:01:43.939000,0 days 00:01:43.182000,0 days 00:01:42.924000,12,1,0,0,7.333333333333333,6.666666666666667,0.0,83.0,13.5,6.0,9.5,7.0,8,4.0,6.666666666666667,5.0,-2.0,0.0,2.0,8.0,10.00752921577018,4.0,0.0,0.0,11.0,3.0,-11.0
2022,9,hamilton,mercedes,4,3,3,Finished,15.0,70,Canadian Grand Prix,Montréal,2022-06-19,conventional,4,0 days 00:01:33.841000,0 days 00:01:25.543000,0 days 00:01:22.891000,15,1,1,0,8.666666666666666,7.0,0.0,84.0,13.5,6.0,11.0,6.0,7,12.0,7.0,6.0,2.0,2.0,0.0,18.0,18.338681143971,0.0,3.0,4.0,9.0,3.0,-5.0
2022,10,hamilton,mercedes,5,3,3,Finished,16.0,52,British Grand Prix,Silverstone,2022-07-03,conventional,5,0 days 00:01:40.428000,0 days 00:01:41.062000,0 days 00:01:41.995000,15,1,1,0,10.333333333333334,6.333333333333333,0.0,85.0,7.5,6.5,11.333333333333334,6.333333333333333,4,15.0,6.333333333333333,6.0,1.0,1.0,0.0,15.0,12.332445394134524,0.0,0.0,4.0,7.0,3.0,-3.0
2022,12,hamilton,mercedes,4,2,2,Finished,18.0,53,French Grand Prix,Le Castellet,2022-07-24,conventional,4,0 days 00:01:33.041000,0 days 00:01:32.274000,0 days 00:01:31.765000,18,1,1,0,14.0,5.333333333333333,0.0,86.0,16.5,5.0,11.5,6.166666666666667,5,15.0,5.333333333333333,3.0,-1.0,0.0,1.0,25.0,17.734256371469627,0.0,7.0,4.0,3.0,3.0,1.0
2022,13,hamilton,mercedes,7,2,2,Finished,19.0,70,Hungarian Grand Prix,Budapest,2022-07-31,conventional,7,0 days 00:01:18.374000,0 days 00:01:18.035000,0 days 00:01:18.142000,18,1,1,0,16.0,4.333333333333333,0.0,87.0,16.5,4.0,12.5,5.833333333333333,4,18.0,4.333333333333333,2.0,-5.0,0.0,5.0,25.0,13.28274383338869,0.0,7.0,0.0,10.0,3.0,-10.0
2022,14,hamilton,mercedes,4,20,R,Collision damage,0.0,0,Belgian Grand Prix,Spa-Francorchamps,2022-08-28,conventional,7,0 days 00:01:45.736000,0 days 00:01:45.420000,0 days 00:01:45.503000,0,0,0,1,17.0,5.333333333333333,0.0,88.0,6.0,7.5,13.5,5.166666666666667,7,18.0,5.333333333333333,6.0,-1.0,0.0,1.0,18.0,16.95213700071693,0.0,18.0,0.0,14.0,3.0,-14.0
2022,15,hamilton,mercedes,4,4,4,Finished,12.0,72,Dutch Grand Prix,Zandvoort,2022-09-04,conventional,4,0 days 00:01:11.331000,0 days 00:01:11.075000,0 days 00:01:10.648000,12,1,0,0,12.0,6.0,0.1,89.0,15.0,5.0,13.0,5.5,7,0.0,6.0,6.0,2.0,2.0,0.0,12.0,11.230330948929932,0.0,0.0,0.0,32.0,3.0,-32.0
2022,16,hamilton,mercedes,19,5,5,Finished,10.0,53,Italian Grand Prix,Monza,2022-09-11,conventional,5,0 days 00:01:22.048000,0 days 00:01:21.708000,0 days 00:01:21.524000,10,1,0,0,10.0,6.0,0.1,90.0,12.5,5.5,12.5,5.5,4,12.0,6.0,5.0,0.0,0.0,-0.0,18.0,12.48415139780693,0.0,8.0,0.0,25.0,3.0,-25.0
2022,17,hamilton,mercedes,3,9,9,Finished,2.0,59,Singapore Grand Prix,Marina Bay,2022-10-02,conventional,3,0 days 00:01:53.161000,0 days 00:01:52.691000,0 days 00:01:49.466000,2,1,0,0,7.333333333333333,5.333333333333333,0.1,91.0,1.0,7.0,11.166666666666666,6.0,5,10.0,5.333333333333333,5.0,2.0,2.0,0.0,25.0,17.886467995022542,0.0,23.0,0.0,26.0,3.0,-26.0
2022,18,hamilton,mercedes,6,5,5,Finished,10.0,28,Japanese Grand Prix,Suzuka,2022-10-09,conventional,6,0 days 00:01:30.906000,0 days 00:01:30.443000,0 days 00:01:30.261000,10,1,0,0,8.0,4.0,0.1,92.0,7.0,7.0,9.5,5.833333333333333,3,2.0,4.0,5.0,-1.0,0.0,1.0,6.0,7.0261719918514824,4.0,0.0,0.0,31.0,3.0,-31.0
2022,19,hamilton,mercedes,3,2,2,Finished,18.0,56,United States Grand Prix,Austin,2022-10-23,conventional,5,0 days 00:01:36.148000,0 days 00:01:35.732000,0 days 00:01:34.947000,18,1,1,0,7.333333333333333,4.666666666666667,0.1,93.0,14.0,5.5,6.833333333333333,6.5,6,10.0,4.666666666666667,5.0,0.0,0.0,-0.0,10.0,7.933647659080922,8.0,0.0,4.0,31.0,3.0,-27.0
2022,20,hamilton,mercedes,3,2,2,Finished,18.0,71,Mexico City Grand Prix,Mexico City,2022-10-30,conventional,3,0 days 00:01:19.169000,0 days 00:01:18.552000,0 days 00:01:18.084000,18,1,1,0,10.0,4.666666666666667,0.1,94.0,15.0,2.5,7.333333333333333,6.5,5,18.0,4.666666666666667,5.0,2.0,2.0,0.0,18.0,11.547737349359732,0.0,0.0,12.0,23.0,3.0,-11.0
2022,22,hamilton,mercedes,5,18,18,Hydraulics,0.0,55,Abu Dhabi Grand Prix,Yas Island,2022-11-20,conventional,5,0 days 00:01:25.594000,0 days 00:01:24.774000,0 days 00:01:24.508000,0,0,0,0,15.333333333333334,4.666666666666667,0.1,95.0,5.0,5.5,12.0,5.0,3,18.0,4.666666666666667,5.0,0.0,0.0,-0.0,18.0,16.525706242069624,0.0,18.0,12.0,0.0,3.0,12.0
2023,1,hamilton,mercedes,7,5,5,Finished,10.0,57,Bahrain Grand Prix,Sakhir,2023-03-05,conventional,7,0 days 00:01:31.543000,0 days 00:01:30.513000,0 days 00:01:30.384000,10,1,0,0,12.0,4.333333333333333,0.1,96.0,8.0,6.5,11.333333333333334,4.5,5,0.0,4.333333333333333,5.0,-2.0,0.0,2.0,8.0,7.148533934784914,2.0,0.0,0.0,0.0,0.0,0.0
2023,2,hamilton,mercedes,7,5,5,Finished,10.0,50,Saudi Arabian Grand Prix,Jeddah,2023-03-19,conventional,8,0 days 00:01:29.689000,0 days 00:01:29.374000,0 days 00:01:29.223000,10,1,0,0,9.333333333333334,5.0,0.1,97.0,11.0,6.0,9.333333333333334,4.833333333333333,7,10.0,5.0,6.0,-2.0,0.0,2.0,6.0,6.711748605563301,4.0,0.0,2.0,0.0,1.0,2.0
2023,3,hamilton,mercedes,3,2,2,Finished,18.0,58,Australian Grand Prix,Melbourne,2023-04-02,conventional,3,0 days 00:01:17.689000,0 days 00:01:17.551000,0 days 00:01:17.104000,18,1,1,0,6.666666666666667,6.666666666666667,0.1,98.0,9.0,2.5,8.0,6.0,8,10.0,6.666666666666667,7.0,4.0,4.0,0.0,18.0,13.75529083748753,0.0,0.0,6.0,0.0,2.0,6.0
2023,5,hamilton,mercedes,13,6,6,Finished,8.0,57,Miami Grand Prix,Miami,2023-05-07,conventional,13,0 days 00:01:27.846000,0 days 00:01:27.975000,,8,1,0,0,12.666666666666666,6.0,0.0,99.0,10.0,9.5,9.333333333333334,5.0,3,18.0,6.0,6.0,-7.0,0.0,7.0,8.0,6.229640832186998,0.0,0.0,6.0,0.0,3.0,6.0
2023,6,hamilton,mercedes,5,4,4,Finished,13.0,78,Monaco Grand Prix,Monaco,2023-05-28,conventional,6,0 days 00:01:12.872000,0 days 00:01:12.156000,0 days 00:01:11.725000,12,1,0,0,12.0,8.0,0.0,100.0,11.0,7.0,10.0,6.0,13,8.0,8.0,7.0,1.0,1.0,0.0,10.0,10.673401607912595,2.0,0.0,4.0,0.0,3.0,4.0
2023,7,hamilton,mercedes,4,2,2,Finished,18.0,66,Spanish Grand Prix,Barcelona,2023-06-04,conventional,5,0 days 00:01:12.937000,0 days 00:01:12.999000,0 days 00:01:12.818000,18,1,1,0,12.666666666666666,7.333333333333333,0.0,101.0,16.5,8.5,10.0,6.333333333333333,6,12.0,7.333333333333333,7.0,2.0,2.0,0.0,15.0,10.975004990403292,3.0,0.0,2.0,0.0,3.0,2.0
2023,8,hamilton,mercedes,3,3,3,Finished,15.0,70,Canadian Grand Prix,Montréal,2023-06-18,conventional,4,0 days 00:01:21.554000,0 days 00:01:20.426000,0 days 00:01:27.627000,15,1,1,0,12.666666666666666,8.0,0.0,102.0,7.5,4.5,12.5,8.333333333333334,5,18.0,8.0,6.0,2.0,2.0,0.0,18.0,19.10885002103032,0.0,3.0,5.0,0.0,3.0,5.0
2023,10,hamilton,mercedes,7,3,3,Finished,15.0,52,British Grand Prix,Silverstone,2023-07-09,conventional,7,0 days 00:01:29.415000,0 days 00:01:28.545000,0 days 00:01:27.211000,15,1,1,0,15.0,5.0,0.0,103.0,12.5,6.5,11.666666666666666,6.666666666666667,4,15.0,5.0,3.0,-4.0,0.0,4.0,18.0,15.802848086299472,0.0,3.0,5.0,3.0,3.0,2.0
2023,11,hamilton,mercedes,1,4,4,Finished,12.0,70,Hungarian Grand Prix,Budapest,2023-07-23,conventional,1,0 days 00:01:18.577000,0 days 00:01:17.427000,0 days 00:01:16.609000,12,1,0,0,16.0,5.333333333333333,0.0,104.0,10.0,9.5,12.166666666666666,6.5,7,15.0,5.333333333333333,4.0,3.0,3.0,0.0,18.0,17.63500480248846,0.0,6.0,3.0,6.0,3.0,-3.0
2023,13,hamilton,mercedes,13,6,6,Finished,8.0,72,Dutch Grand Prix,Zandvoort,2023-08-27,conventional,13,0 days 00:01:21.919000,0 days 00:01:20.151000,,8,1,0,0,14.0,4.0,0.0,105.0,4.0,8.0,10.0,6.833333333333333,1,12.0,4.0,2.0,-11.0,0.0,11.0,18.0,12.675739878093896,0.0,10.0,0.0,12.0,3.0,-12.0
2023,14,hamilton,mercedes,8,6,6,Finished,8.0,51,Italian Grand Prix,Monza,2023-09-03,conventional,8,0 days 00:01:21.977000,0 days 00:01:21.369000,0 days 00:01:20.820000,8,1,0,0,11.666666666666666,7.0,0.0,106.0,9.0,6.0,8.833333333333334,8.0,13,8.0,7.0,5.0,-3.0,0.0,3.0,8.0,8.02432325952661,0.0,0.0,0.0,19.0,3.0,-19.0
2023,15,hamilton,mercedes,5,3,3,Finished,16.0,62,Singapore Grand Prix,Marina Bay,2023-09-17,conventional,5,0 days 00:01:32.651000,0 days 00:01:32.019000,0 days 00:01:31.485000,15,1,1,0,9.333333333333334,7.333333333333333,0.0,107.0,7.5,3.5,7.666666666666667,7.833333333333333,8,8.0,7.333333333333333,7.0,2.0,2.0,0.0,12.0,9.810609215701625,3.0,0.0,0.0,16.0,3.0,-16.0
2023,16,hamilton,mercedes,7,5,5,Finished,10.0,53,Japanese Grand Prix,Suzuka,2023-09-24,conventional,7,0 days 00:01:30.811000,0 days 00:01:30.040000,0 days 00:01:29.908000,10,1,0,0,10.333333333333334,8.666666666666666,0.0,108.0,8.0,7.5,6.833333333333333,5.833333333333333,5,15.0,8.666666666666666,9.0,2.0,2.0,0.0,12.0,12.403789789465865,0.0,2.0,3.0,10.0,3.0,-7.0
2023,19,hamilton,mercedes,6,2,2,Finished,19.0,71,Mexico City Grand Prix,Mexico City,2023-10-29,conventional,6,0 days 00:01:18.677000,0 days 00:01:17.571000,0 days 00:01:17.454000,18,1,1,0,11.0,6.666666666666667,0.0,109.0,13.0,7.0,8.166666666666666,5.666666666666667,7,10.0,6.666666666666667,6.0,0.0,0.0,-0.0,15.0,13.400151903967048,3.0,0.0,3.0,2.0,3.0,1.0
2023,21,hamilton,mercedes,10,7,7,Finished,6.0,50,Las Vegas Grand Prix,Las Vegas,2023-11-18,conventional,11,0 days 00:01:34.307000,0 days 00:01:33.837000,,6,1,0,0,14.333333333333334,6.0,0.0,110.0,5.0,7.5,9.5,6.0,6,18.0,6.0,4.0,-7.0,0.0,7.0,12.0,10.531726809730529,0.0,6.0,6.0,2.0,3.0,4.0
2023,22,hamilton,mercedes,11,9,9,Finished,2.0,58,Abu Dhabi Grand Prix,Yas Island,2023-11-26,conventional,11,0 days 00:01:24.437000,0 days 00:01:24.359000,,2,1,0,0,11.333333333333334,8.0,0.0,111.0,8.5,7.5,8.666666666666666,7.333333333333333,11,6.0,8.0,6.0,-5.0,0.0,5.0,12.0,8.674478043374988,0.0,10.0,3.0,8.0,3.0,-5.0
2024,1,hamilton,mercedes,9,7,7,Finished,6.0,57,Bahrain Grand Prix,Sakhir,2024-03-02,conventional,9,0 days 00:01:30.451000,0 days 00:01:29.718000,0 days 00:01:29.710000,6,1,0,0,8.666666666666666,9.333333333333334,0.0,112.0,8.0,6.0,8.833333333333334,7.333333333333333,11,2.0,9.333333333333334,7.0,-2.0,0.0,2.0,12.0,8.702494680260529,0.0,6.0,0.0,0.0,0.0,0.0
2024,2,hamilton,mercedes,8,9,9,Finished,2.0,50,Saudi Arabian Grand Prix,Jeddah,2024-03-09,conventional,8,0 days 00:01:28.994000,0 days 00:01:28.606000,0 days 00:01:28.460000,2,1,0,0,4.666666666666667,10.333333333333334,0.0,113.0,5.0,7.5,7.166666666666667,7.0,9,6.0,10.333333333333334,8.0,0.0,0.0,-0.0,4.0,6.308478572325397,0.0,2.0,0.0,6.0,1.0,-6.0
2024,3,hamilton,mercedes,11,18,R,Retired,0.0,15,Australian Grand Prix,Melbourne,2024-03-24,conventional,11,0 days 00:01:17.499000,0 days 00:01:16.960000,,0,0,0,0,3.3333333333333335,9.333333333333334,0.0,114.0,0.0,9.0,7.166666666666667,7.0,8,2.0,9.333333333333334,10.0,-1.0,0.0,1.0,4.0,4.790960393221105,0.0,4.0,0.0,8.0,2.0,-8.0
2024,4,hamilton,mercedes,7,9,9,Finished,2.0,53,Japanese Grand Prix,Suzuka,2024-04-07,conventional,7,0 days 00:01:29.661000,0 days 00:01:28.887000,0 days 00:01:28.766000,2,1,0,0,2.6666666666666665,9.333333333333334,0.0,115.0,4.0,8.0,4.333333333333333,7.5,11,0.0,9.333333333333334,9.0,2.0,2.0,0.0,2.0,4.894084933349821,0.0,0.0,0.0,12.0,3.0,-12.0
2024,7,hamilton,mercedes,8,6,6,Finished,8.0,63,Emilia Romagna Grand Prix,Imola,2024-05-19,conventional,8,0 days 00:01:16.604000,0 days 00:01:15.677000,0 days 00:01:15.504000,8,1,0,0,1.3333333333333333,8.666666666666666,0.0,116.0,7.0,7.0,3.0,8.166666666666666,7,2.0,8.666666666666666,9.0,1.0,1.0,0.0,4.0,4.061108002652833,4.0,0.0,0.0,6.0,3.0,-6.0
2024,8,hamilton,mercedes,7,7,7,Finished,7.0,78,Monaco Grand Prix,Monaco,2024-05-26,conventional,7,0 days 00:01:11.528000,0 days 00:01:11.056000,0 days 00:01:10.621000,6,1,0,0,3.3333333333333335,8.666666666666666,0.0,117.0,8.0,6.0,3.6666666666666665,8.0,8,8.0,8.666666666666666,9.0,2.0,2.0,0.0,6.0,6.924679566363581,0.0,0.0,4.0,4.0,3.0,0.0
2024,9,hamilton,mercedes,7,4,4,Finished,13.0,70,Canadian Grand Prix,Montréal,2024-06-09,conventional,7,0 days 00:01:12.851000,0 days 00:01:11.979000,0 days 00:01:12.280000,12,1,0,0,5.333333333333333,7.333333333333333,0.0,118.0,13.5,4.0,6.333333333333333,7.0,7,6.0,7.333333333333333,7.0,0.0,0.0,-0.0,6.0,6.840070547530511,6.0,0.0,4.0,0.0,3.0,4.0
2024,10,hamilton,mercedes,3,3,3,Finished,15.0,66,Spanish Grand Prix,Barcelona,2024-06-23,conventional,3,0 days 00:01:12.143000,0 days 00:01:11.792000,0 days 00:01:11.701000,15,1,1,0,8.666666666666666,7.333333333333333,0.0,119.0,13.5,3.5,9.5,5.666666666666667,7,12.0,7.333333333333333,7.0,4.0,4.0,0.0,25.0,18.44815927299433,0.0,10.0,10.0,0.0,3.0,10.0
2024,12,hamilton,mercedes,2,1,1,Finished,25.0,52,British Grand Prix,Silverstone,2024-07-07,conventional,2,0 days 00:01:29.547000,0 days 00:01:26.770000,0 days 00:01:25.990000,25,1,1,0,11.0,5.666666666666667,0.0,120.0,12.5,1.5,11.666666666666666,4.5,3,15.0,5.666666666666667,5.0,3.0,3.0,0.0,18.0,14.730369041006547,7.0,0.0,6.0,10.0,3.0,-4.0
2024,13,hamilton,mercedes,5,3,3,Finished,15.0,70,Hungarian Grand Prix,Budapest,2024-07-21,conventional,5,0 days 00:01:17.087000,0 days 00:01:16.307000,0 days 00:01:15.854000,15,1,1,0,17.333333333333332,4.0,0.0,121.0,9.5,11.0,13.166666666666666,3.0,2,25.0,4.0,4.0,-1.0,0.0,1.0,18.0,15.685225766801599,0.0,3.0,13.0,10.0,3.0,3.0
2024,14,hamilton,mercedes,3,1,1,Finished,25.0,44,Belgian Grand Prix,Spa-Francorchamps,2024-07-28,conventional,4,0 days 00:01:55.692000,0 days 00:01:54.037000,0 days 00:01:53.835000,25,1,1,0,18.333333333333332,3.3333333333333335,0.0,122.0,12.5,5.5,11.833333333333334,5.333333333333333,5,15.0,3.3333333333333335,3.0,-1.0,0.0,1.0,18.0,16.648726545234123,7.0,0.0,7.0,13.0,3.0,-6.0
2024,15,hamilton,mercedes,14,8,8,Finished,4.0,72,Dutch Grand Prix,Zandvoort,2024-08-25,conventional,11,0 days 00:01:11.375000,0 days 00:01:10.948000,,4,1,0,0,21.666666666666668,3.6666666666666665,0.0,123.0,5.0,7.5,11.5,6.0,4,25.0,3.6666666666666665,3.0,-8.0,0.0,8.0,10.0,9.901174164875078,0.0,6.0,14.0,3.0,3.0,11.0
2024,16,hamilton,mercedes,6,5,5,Finished,10.0,53,Italian Grand Prix,Monza,2024-09-01,conventional,6,0 days 00:01:20.477000,0 days 00:01:19.641000,0 days 00:01:19.513000,10,1,0,0,14.666666666666666,6.666666666666667,0.0,124.0,8.0,4.5,9.0,8.0,11,4.0,6.666666666666667,5.0,-1.0,0.0,1.0,15.0,16.01175767861283,0.0,5.0,7.0,9.0,3.0,-2.0
2024,17,hamilton,mercedes,19,9,9,Finished,2.0,51,Azerbaijan Grand Prix,Baku,2024-09-15,conventional,7,0 days 00:01:43.089000,0 days 00:01:42.765000,0 days 00:01:42.289000,2,1,0,0,13.0,7.0,0.0,125.0,8.5,6.0,8.5,5.833333333333333,6,10.0,7.0,7.0,0.0,0.0,-0.0,10.0,10.61406101176845,0.0,8.0,7.0,11.0,3.0,-4.0
2024,18,hamilton,mercedes,3,6,6,Finished,8.0,62,Singapore Grand Prix,Marina Bay,2024-09-22,conventional,3,0 days 00:01:30.393000,0 days 00:01:29.929000,0 days 00:01:29.841000,8,1,0,0,5.333333333333333,8.0,0.0,126.0,10.0,3.5,7.166666666666667,6.0,7,2.0,8.0,8.0,5.0,5.0,0.0,12.0,12.113075429051108,0.0,4.0,0.0,19.0,3.0,-19.0
2024,20,hamilton,mercedes,6,4,4,Finished,12.0,71,Mexico City Grand Prix,Mexico City,2024-10-27,conventional,6,0 days 00:01:17.306000,0 days 00:01:16.973000,0 days 00:01:16.651000,12,1,0,0,6.666666666666667,5.333333333333333,0.0,127.0,11.0,5.5,8.833333333333334,4.666666666666667,3,8.0,5.333333333333333,5.0,-1.0,0.0,1.0,8.0,7.371062362800144,4.0,0.0,0.0,17.0,3.0,-17.0
2024,22,hamilton,mercedes,10,2,2,Finished,18.0,50,Las Vegas Grand Prix,Las Vegas,2024-11-23,conventional,10,0 days 00:01:33.225000,0 days 00:01:32.567000,0 days 00:01:48.106000,18,1,1,0,7.333333333333333,5.333333333333333,0.0,128.0,21.5,5.5,9.833333333333334,5.0,6,12.0,5.333333333333333,5.0,-5.0,0.0,5.0,2.0,3.730000205337661,16.0,0.0,4.0,12.0,3.0,-8.0
2024,24,hamilton,mercedes,16,4,4,Finished,12.0,58,Abu Dhabi Grand Prix,Yas Island,2024-12-08,conventional,18,0 days 00:01:23.887000,,,12,1,0,0,12.666666666666666,6.333333333333333,0.0,129.0,11.0,12.5,14.166666666666666,4.833333333333333,10,18.0,6.333333333333333,6.0,-12.0,0.0,12.0,8.0,5.635151428934377,4.0,0.0,20.0,4.0,3.0,16.0
2025,1,hamilton,ferrari,8,10,10,Finished,1.0,57,Australian Grand Prix,Melbourne,2025-03-16,conventional,8,0 days 00:01:16.213000,0 days 00:01:15.919000,0 days 00:01:15.973000,1,1,0,0,14.0,11.333333333333334,0.0,130.0,2.5,7.5,16.666666666666668,4.666666666666667,18,12.0,11.333333333333334,11.0,3.0,3.0,0.0,8.0,11.222036576581138,0.0,7.0,0.0,0.0,0.0,0.0
2025,3,hamilton,ferrari,8,7,7,Finished,6.0,53,Japanese Grand Prix,Suzuka,2025-04-06,conventional,8,0 days 00:01:27.942000,0 days 00:01:27.610000,0 days 00:01:27.610000,6,1,0,0,10.333333333333334,12.0,0.0,131.0,9.0,6.0,10.833333333333334,6.333333333333333,8,1.0,12.0,11.0,3.0,3.0,0.0,6.0,1.9487600939525764,0.0,0.0,0.0,7.0,1.0,-7.0
2025,4,hamilton,ferrari,9,5,5,Finished,10.0,57,Bahrain Grand Prix,Sakhir,2025-04-13,conventional,9,0 days 00:01:31.219000,0 days 00:01:31.009000,0 days 00:01:30.772000,10,1,0,0,6.333333333333333,11.333333333333334,0.0,132.0,11.0,6.0,9.333333333333334,7.333333333333333,8,6.0,11.333333333333334,13.0,4.0,4.0,0.0,0.0,2.2757278122190083,10.0,0.0,0.0,7.0,2.0,-7.0
2025,5,hamilton,ferrari,7,7,7,Finished,6.0,50,Saudi Arabian Grand Prix,Jeddah,2025-04-20,conventional,7,0 days 00:01:28.372000,0 days 00:01:28.102000,0 days 00:01:28.201000,6,1,0,0,5.666666666666667,8.333333333333334,0.0,133.0,10.5,5.5,7.5,6.5,9,10.0,8.333333333333334,7.0,0.0,0.0,-0.0,10.0,7.690964077050619,0.0,4.0,10.0,7.0,3.0,3.0
2025,7,hamilton,ferrari,12,4,4,Finished,12.0,63,Emilia Romagna Grand Prix,Imola,2025-05-18,conventional,12,0 days 00:01:16.163000,0 days 00:01:15.765000,,12,1,0,0,7.333333333333333,8.0,0.0,134.0,10.0,11.5,10.166666666666666,5.833333333333333,7,6.0,8.0,7.0,-5.0,0.0,5.0,8.0,6.16167031352422,4.0,0.0,10.0,4.0,3.0,6.0
2025,8,hamilton,ferrari,7,5,5,Finished,10.0,78,Monaco Grand Prix,Monaco,2025-05-25,conventional,4,0 days 00:01:11.575000,0 days 00:01:10.883000,0 days 00:01:10.382000,10,1,0,0,9.333333333333334,9.333333333333334,0.0,135.0,14.0,3.0,10.5,7.666666666666667,12,12.0,9.333333333333334,9.0,5.0,5.0,0.0,12.0,11.722705027289123,0.0,2.0,14.0,4.0,3.0,10.0
2025,9,hamilton,ferrari,5,6,6,Finished,8.0,66,Spanish Grand Prix,Barcelona,2025-06-01,conventional,5,0 days 00:01:13.058000,0 days 00:01:12.447000,0 days 00:01:12.045000,8,1,0,0,9.333333333333334,7.666666666666667,0.0,136.0,11.5,6.0,11.5,6.666666666666667,4,10.0,7.666666666666667,6.0,1.0,1.0,0.0,12.0,10.772178081472552,0.0,4.0,4.0,6.0,3.0,-2.0
2025,10,hamilton,ferrari,5,6,6,Finished,8.0,70,Canadian Grand Prix,Montréal,2025-06-15,conventional,5,0 days 00:01:11.952000,0 days 00:01:11.885000,0 days 00:01:11.526000,8,1,0,0,10.0,7.0,0.0,137.0,9.0,6.5,11.833333333333334,6.833333333333333,5,8.0,7.0,5.0,0.0,0.0,-0.0,8.0,8.667813967418482,0.0,0.0,4.0,6.0,3.0,-2.0
2025,11,hamilton,ferrari,4,4,4,Finished,12.0,70,Austrian Grand Prix,Spielberg,2025-06-29,conventional,4,0 days 00:01:05.115000,0 days 00:01:04.896000,0 days 00:01:04.582000,12,1,0,0,8.666666666666666,4.666666666666667,0.0,138.0,13.5,3.0,11.5,5.166666666666667,5,8.0,4.666666666666667,4.0,0.0,0.0,-0.0,15.0,14.937667697818139,0.0,3.0,0.0,6.0,3.0,-6.0
2025,12,hamilton,ferrari,5,4,4,Finished,12.0,52,British Grand Prix,Silverstone,2025-07-06,conventional,5,0 days 00:01:26.296000,0 days 00:01:25.084000,0 days 00:01:25.095000,12,1,0,0,9.333333333333334,4.666666666666667,0.0,139.0,6.0,5.5,11.333333333333334,5.166666666666667,4,12.0,4.666666666666667,5.0,0.0,0.0,-0.0,8.0,7.250553972749371,4.0,0.0,0.0,7.0,3.0,-7.0
2025,14,hamilton,ferrari,12,12,12,Lapped,0.0,69,Hungarian Grand Prix,Budapest,2025-08-03,conventional,12,0 days 00:01:15.733000,0 days 00:01:15.702000,,0,0,0,0,10.666666666666666,4.666666666666667,0.0,140.0,6.0,6.5,9.5,5.0,5,12.0,4.666666666666667,5.0,-7.0,0.0,7.0,6.0,4.264152704581825,0.0,6.0,4.0,3.0,3.0,1.0
2025,15,hamilton,ferrari,7,20,R,Retired,0.0,22,Dutch Grand Prix,Zandvoort,2025-08-31,conventional,7,0 days 00:01:09.900000,0 days 00:01:09.261000,0 days 00:01:09.390000,0,0,0,0,8.0,7.0,0.0,141.0,0.0,6.5,8.5,5.0,12,0.0,7.0,6.0,-1.0,0.0,1.0,4.0,4.010402089356965,0.0,4.0,4.0,9.0,3.0,-5.0
2025,16,hamilton,ferrari,10,6,6,Finished,8.0,53,Italian Grand Prix,Monza,2025-09-07,conventional,5,0 days 00:01:19.765000,0 days 00:01:19.371000,0 days 00:01:19.124000,8,1,0,0,4.0,8.0,0.0,142.0,10.0,4.5,4.0,6.166666666666667,7,0.0,8.0,7.0,2.0,2.0,0.0,8.0,9.370653810422787,0.0,0.0,4.0,10.0,3.0,-6.0
2025,17,hamilton,ferrari,12,8,8,Finished,4.0,51,Azerbaijan Grand Prix,Baku,2025-09-21,conventional,12,0 days 00:01:41.821000,0 days 00:01:42.183000,,4,1,0,0,2.6666666666666665,8.0,0.0,143.0,3.0,11.0,5.333333333333333,5.833333333333333,5,8.0,8.0,7.0,-5.0,0.0,5.0,0.0,1.330197905949917,4.0,0.0,0.0,10.0,3.0,-10.0
2025,18,hamilton,ferrari,6,8,8,Finished,4.0,62,Singapore Grand Prix,Marina Bay,2025-10-05,conventional,6,0 days 00:01:29.765000,0 days 00:01:29.936000,0 days 00:01:29.688000,4,1,0,0,4.0,8.0,0.0,144.0,6.0,6.5,4.333333333333333,7.333333333333333,12,4.0,8.0,7.0,1.0,1.0,0.0,8.0,8.30693092334591,0.0,4.0,4.0,4.0,3.0,0.0
2025,20,hamilton,ferrari,3,8,8,Finished,4.0,71,Mexico City Grand Prix,Mexico City,2025-10-26,conventional,3,0 days 00:01:16.736000,0 days 00:01:16.458000,0 days 00:01:15.938000,4,1,0,0,5.333333333333333,7.666666666666667,0.0,145.0,11.0,2.5,6.333333333333333,7.333333333333333,6,4.0,7.666666666666667,7.0,4.0,4.0,0.0,12.0,10.752702516832555,0.0,8.0,4.0,4.0,3.0,0.0
2025,22,hamilton,ferrari,19,8,8,Finished,4.0,50,Las Vegas Grand Prix,Las Vegas,2025-11-22,conventional,20,0 days 00:01:57.115000,,,4,1,0,0,4.0,7.0,0.0,146.0,8.0,14.5,6.666666666666667,6.666666666666667,3,4.0,7.0,7.0,-13.0,0.0,13.0,2.0,4.642185825056724,2.0,0.0,4.0,12.0,3.0,-8.0
2025,24,hamilton,ferrari,16,8,8,Finished,4.0,58,Abu Dhabi Grand Prix,Yas Island,2025-12-07,conventional,16,0 days 00:01:23.394000,,,4,1,0,0,4.0,9.666666666666666,0.0,147.0,8.0,10.5,8.333333333333334,7.833333333333333,20,4.0,9.666666666666666,8.0,-8.0,0.0,8.0,6.0,4.963683076991599,0.0,2.0,2.0,12.0,3.0,-10.0
2018,1,hulkenberg,renault,7,7,7,Finished,6.0,58,Australian Grand Prix,Melbourne,2018-03-25,conventional,8,0 days 00:01:23.782000,0 days 00:01:23.544000,0 days 00:01:23.532000,6,1,0,0,,,,0.0,3.5,8.5,,,,,,,,,,,,,,0.0,0.0,0.0,0.0
2018,2,hulkenberg,renault,7,6,6,Finished,8.0,57,Bahrain Grand Prix,Sakhir,2018-04-08,conventional,8,0 days 00:01:30.260000,0 days 00:01:29.187000,0 days 00:01:29.570000,8,1,0,0,6.0,8.0,0.0,1.0,4.0,9.0,3.5,8.5,8,6.0,,,,,,,,,,0.0,0.0,0.0,0.0
2018,3,hulkenberg,renault,7,6,6,Finished,8.0,56,Chinese Grand Prix,Shanghai,2018-04-15,conventional,7,0 days 00:01:33.545000,0 days 00:01:32.494000,0 days 00:01:32.532000,8,1,0,0,7.0,8.0,0.0,2.0,5.0,8.0,3.75,8.75,8,8.0,,,,,,,,,,0.0,0.0,0.0,0.0
2018,4,hulkenberg,renault,14,18,R,Accident,0.0,10,Azerbaijan Grand Prix,Baku,2018-04-29,conventional,9,0 days 00:01:43.746000,0 days 00:01:43.232000,0 days 00:01:43.066000,0,0,0,1,7.333333333333333,7.666666666666667,0.0,3.0,5.0,9.5,4.166666666666667,8.5,7,8.0,,,,,,,,,,0.0,0.0,0.0,0.0
2018,5,hulkenberg,renault,16,20,R,Collision,0.0,0,Spanish Grand Prix,Barcelona,2018-05-13,conventional,16,0 days 00:01:18.923000,,,0,0,0,1,5.333333333333333,8.0,0.25,4.0,3.0,12.5,4.666666666666667,8.833333333333334,9,0.0,,,,,,,,,,0.0,0.0,0.0,0.0
2018,6,hulkenberg,renault,11,8,8,Finished,4.0,78,Monaco Grand Prix,Monte Carlo,2018-05-27,conventional,11,0 days 00:01:13.065000,0 days 00:01:12.411000,,4,1,0,0,2.6666666666666665,10.666666666666666,0.4,5.0,2.5,9.5,4.333333333333333,10.0,16,0.0,,,,,,,,,,0.0,0.0,0.0,0.0
2018,7,hulkenberg,renault,7,7,7,+1 Lap,6.0,67,Canadian Grand Prix,Montréal,2018-06-10,conventional,7,0 days 00:01:12.795000,0 days 00:01:11.916000,0 days 00:01:11.973000,6,1,0,0,1.3333333333333333,12.0,0.3333333333333333,6.0,5.0,8.0,3.5,10.5,11,4.0,,,,,,,,,,0.0,0.0,0.0,0.0
2018,8,hulkenberg,renault,12,9,9,Finished,2.0,53,French Grand Prix,Le Castellet,2018-06-24,conventional,12,0 days 00:01:32.949000,0 days 00:01:32.115000,,2,1,0,0,3.3333333333333335,11.333333333333334,0.2857142857142857,7.0,3.0,9.5,3.5,10.0,7,6.0,,,,,,,,,,0.0,0.0,0.0,0.0
2018,9,hulkenberg,renault,10,20,R,Engine,0.0,11,Austrian Grand Prix,Spielberg,2018-07-01,conventional,10,0 days 00:01:04.864000,0 days 00:01:04.676000,0 days 00:01:05.019000,0,0,0,0,4.0,10.0,0.25,8.0,0.0,9.5,3.5,9.0,12,2.0,,,,,,,,,,0.0,0.0,0.0,0.0
2018,10,hulkenberg,renault,11,6,6,Finished,8.0,52,British Grand Prix,Silverstone,2018-07-08,conventional,11,0 days 00:01:28.017000,0 days 00:01:27.901000,,8,1,0,0,2.6666666666666665,9.666666666666666,0.2222222222222222,9.0,4.0,13.5,2.6666666666666665,9.0,10,0.0,,,,,,,,,,0.0,0.0,0.0,0.0
2018,11,hulkenberg,renault,7,5,5,Finished,10.0,67,German Grand Prix,Hockenheim,2018-07-22,conventional,7,0 days 00:01:13.479000,0 days 00:01:12.946000,0 days 00:01:12.560000,10,1,0,0,3.3333333333333335,11.0,0.2,10.0,5.0,7.5,2.3333333333333335,10.833333333333334,11,8.0,,,,,,,,,,0.0,0.0,0.0,0.0
2018,12,hulkenberg,renault,13,12,12,+1 Lap,0.0,69,Hungarian Grand Prix,Budapest,2018-07-29,conventional,13,0 days 00:01:17.905000,0 days 00:01:36.506000,,0,0,0,0,6.0,9.333333333333334,0.2,11.0,1.0,9.0,3.0,10.166666666666666,7,10.0,,,,,,,,,,0.0,0.0,0.0,0.0
2018,13,hulkenberg,renault,20,20,R,Accident,0.0,0,Belgian Grand Prix,Spa-Francorchamps,2018-08-26,conventional,15,0 days 00:01:44.145000,,,0,0,0,1,6.0,10.333333333333334,0.2,12.0,0.0,15.5,3.3333333333333335,10.0,13,0.0,,,,,,,,,,0.0,0.0,0.0,0.0
2018,14,hulkenberg,renault,20,13,13,+1 Lap,0.0,52,Italian Grand Prix,Monza,2018-09-02,conventional,14,0 days 00:01:21.801000,,,0,0,0,0,3.3333333333333335,11.666666666666666,0.3,13.0,2.0,10.5,2.0,10.666666666666666,15,0.0,,,,,,,,,,0.0,0.0,0.0,0.0
2018,15,hulkenberg,renault,10,10,10,+1 Lap,1.0,60,Singapore Grand Prix,Singapore,2018-09-16,conventional,10,0 days 00:01:38.932000,0 days 00:01:38.450000,0 days 00:01:38.588000,1,1,0,0,0.0,14.0,0.2,14.0,2.5,11.0,1.0,11.666666666666666,14,0.0,,,,,,,,,,0.0,0.0,0.0,0.0
2018,16,hulkenberg,renault,12,12,12,+1 Lap,0.0,52,Russian Grand Prix,Sochi,2018-09-30,conventional,15,0 days 00:01:34.655000,,,0,0,0,0,0.3333333333333333,13.0,0.1,15.0,0.0,14.5,1.5,12.333333333333334,10,1.0,,,,,,,,,,0.0,0.0,0.0,0.0
2018,17,hulkenberg,renault,16,19,R,Engine,0.0,37,Japanese Grand Prix,Suzuka,2018-10-07,conventional,16,0 days 00:01:30.361000,,,0,0,0,0,0.3333333333333333,13.0,0.1,16.0,0.5,14.5,1.5,12.0,15,0.0,,,,,,,,,,0.0,0.0,0.0,0.0
2018,18,hulkenberg,renault,7,6,6,Finished,8.0,56,United States Grand Prix,Austin,2018-10-21,conventional,7,0 days 00:01:34.932000,0 days 00:01:34.564000,0 days 00:01:34.215000,8,1,0,0,0.3333333333333333,13.666666666666666,0.1,17.0,7.0,9.0,1.0,13.333333333333334,16,0.0,,,,,,,,,,0.0,0.0,0.0,0.0
2018,19,hulkenberg,renault,7,6,6,+2 Laps,8.0,69,Mexican Grand Prix,Mexico City,2018-10-28,conventional,7,0 days 00:01:16.498000,0 days 00:01:16.126000,0 days 00:01:15.827000,8,1,0,0,2.6666666666666665,12.666666666666666,0.1,18.0,4.0,7.5,2.5,12.666666666666666,7,8.0,,,,,,,,,,0.0,0.0,0.0,0.0
2018,20,hulkenberg,renault,13,19,R,Overheating,0.0,32,Brazilian Grand Prix,São Paulo,2018-11-11,conventional,14,0 days 00:01:09.009000,0 days 00:01:08.834000,,0,0,0,0,5.333333333333333,10.0,0.1,19.0,0.0,15.0,3.8333333333333335,10.333333333333334,7,8.0,,,,,,,,,,0.0,0.0,0.0,0.0
2018,21,hulkenberg,renault,10,20,R,Collision,0.0,0,Abu Dhabi Grand Prix,Yas Marina,2018-11-25,conventional,10,0 days 00:01:37.569000,0 days 00:01:36.630000,0 days 00:01:36.542000,0,0,0,1,5.333333333333333,9.333333333333334,0.1,20.0,4.0,10.5,3.6666666666666665,10.5,14,0.0,,,,,,,,,,0.0,0.0,0.0,0.0
2019,1,hulkenberg,renault,11,7,7,+1 Lap,6.0,57,Australian Grand Prix,Melbourne,2019-03-17,conventional,11,0 days 00:01:22.540000,0 days 00:01:22.562000,,6,1,0,0,2.6666666666666665,10.333333333333334,0.2,21.0,3.0,11.5,2.6666666666666665,11.0,10,0.0,,,,,,,,,,0.0,0.0,0.0,0.0
2019,2,hulkenberg,renault,17,17,R,Engine,0.0,53,Bahrain Grand Prix,Sakhir,2019-03-31,conventional,17,0 days 00:01:30.034000,,,0,0,0,0,2.0,11.666666666666666,0.2,22.0,0.0,14.0,2.3333333333333335,12.333333333333334,11,6.0,,,,,,,,,,0.0,0.0,0.0,0.0
2019,3,hulkenberg,renault,8,20,R,Power Unit,0.0,16,Chinese Grand Prix,Shanghai,2019-04-14,conventional,8,0 days 00:01:33.644000,0 days 00:01:33.968000,0 days 00:01:32.962000,0,0,0,0,2.0,12.666666666666666,0.1,23.0,3.0,7.5,2.3333333333333335,12.0,17,0.0,,,,,,,,,,0.0,0.0,0.0,0.0
2019,4,hulkenberg,renault,15,14,14,+1 Lap,0.0,50,Azerbaijan Grand Prix,Baku,2019-04-28,conventional,16,0 days 00:01:43.427000,,,0,0,0,0,2.0,12.0,0.1,24.0,0.0,13.5,2.0,11.0,8,0.0,,,,,,,,,,0.0,0.0,0.0,0.0
2019,5,hulkenberg,renault,0,13,13,Finished,0.0,66,Spanish Grand Prix,Barcelona,2019-05-12,conventional,16,0 days 00:01:18.404000,,,0,0,0,0,0.0,13.666666666666666,0.1,25.0,0.0,13.0,1.0,11.666666666666666,16,0.0,,,,,,,,,,0.0,0.0,0.0,0.0
2019,6,hulkenberg,renault,11,13,13,+1 Lap,0.0,77,Monaco Grand Prix,Monte Carlo,2019-05-26,conventional,11,0 days 00:01:12.097000,0 days 00:01:11.670000,,0,0,0,0,0.0,13.333333333333334,0.1,26.0,1.0,9.0,1.0,11.333333333333334,16,0.0,,,,,,,,,,0.0,0.0,0.0,0.0
2019,7,hulkenberg,renault,7,7,7,+1 Lap,6.0,69,Canadian Grand Prix,Montréal,2019-06-09,conventional,7,0 days 00:01:11.720000,0 days 00:01:11.553000,0 days 00:01:11.324000,6,1,0,0,0.0,14.333333333333334,0.1,27.0,7.0,5.5,0.3333333333333333,11.833333333333334,11,0.0,,,,,,,,,,0.0,0.0,0.0,0.0
2019,8,hulkenberg,renault,13,8,8,+1 Lap,4.0,52,French Grand Prix,Le Castellet,2019-06-23,conventional,13,0 days 00:01:30.865000,0 days 00:01:30.544000,,4,1,0,0,2.0,11.333333333333334,0.1,28.0,2.0,10.5,2.6666666666666665,9.166666666666666,7,6.0,,,,,,,,,,0.0,0.0,0.0,0.0
2019,9,hulkenberg,renault,15,13,13,+1 Lap,0.0,70,Austrian Grand Prix,Spielberg,2019-06-30,conventional,12,0 days 00:01:04.733000,0 days 00:01:04.516000,,0,0,0,0,3.3333333333333335,10.333333333333334,0.1,29.0,0.0,13.0,3.3333333333333335,8.333333333333334,13,4.0,,,,,,,,,,0.0,0.0,0.0,0.0
2019,10,hulkenberg,renault,10,10,10,Finished,1.0,52,British Grand Prix,Silverstone,2019-07-14,conventional,10,0 days 00:01:26.568000,0 days 00:01:26.397000,0 days 00:01:26.386000,1,1,0,0,3.3333333333333335,10.666666666666666,0.1,30.0,3.5,8.5,3.0,9.666666666666666,12,0.0,,,,,,,,,,0.0,0.0,0.0,0.0
2019,11,hulkenberg,renault,9,16,R,Accident,0.0,39,German Grand Prix,Hockenheim,2019-07-28,conventional,9,0 days 00:01:13.186000,0 days 00:01:12.766000,0 days 00:01:13.126000,0,0,0,1,1.6666666666666667,11.666666666666666,0.0,31.0,0.0,11.0,1.8333333333333333,10.666666666666666,10,1.0,,,,,,,,,,0.0,0.0,0.0,0.0
2019,12,hulkenberg,renault,11,12,12,+1 Lap,0.0,69,Hungarian Grand Prix,Budapest,2019-08-04,conventional,11,0 days 00:01:16.790000,0 days 00:01:16.565000,,0,0,0,0,0.3333333333333333,10.333333333333334,0.1,32.0,0.0,14.5,1.1666666666666667,10.833333333333334,9,0.0,,,,,,,,,,0.0,0.0,0.0,0.0
2019,13,hulkenberg,renault,12,8,8,Finished,4.0,44,Belgian Grand Prix,Spa-Francorchamps,2019-09-01,conventional,7,0 days 00:01:45.899000,0 days 00:01:44.549000,0 days 00:01:44.542000,4,1,0,0,0.3333333333333333,10.0,0.1,33.0,2.0,6.5,1.1666666666666667,11.333333333333334,11,0.0,,,,,,,,,,0.0,0.0,0.0,0.0
2019,14,hulkenberg,renault,6,5,5,Finished,10.0,53,Italian Grand Prix,Monza,2019-09-08,conventional,6,0 days 00:01:20.155000,0 days 00:01:20.275000,0 days 00:01:20.049000,10,1,0,0,1.3333333333333333,9.0,0.1,34.0,11.0,5.5,0.6666666666666666,10.666666666666666,7,4.0,,,,,,,,,,0.0,0.0,0.0,0.0
2019,15,hulkenberg,renault,8,9,9,Finished,2.0,61,Singapore Grand Prix,Singapore,2019-09-22,conventional,8,0 days 00:01:39.001000,0 days 00:01:38.580000,0 days 00:01:38.264000,2,1,0,0,4.666666666666667,8.0,0.1,35.0,1.0,14.0,4.333333333333333,8.833333333333334,6,10.0,,,,,,,,,,0.0,0.0,0.0,0.0
2019,16,hulkenberg,renault,6,10,10,Finished,1.0,53,Russian Grand Prix,Sochi,2019-09-29,conventional,7,0 days 00:01:34.236000,0 days 00:01:33.898000,0 days 00:01:33.289000,1,1,0,0,5.333333333333333,7.0,0.1,36.0,0.5,8.5,4.666666666666667,8.666666666666666,8,2.0,,,,,,,,,,0.0,0.0,0.0,0.0
2019,17,hulkenberg,renault,15,20,D,Disqualified,0.0,51,Japanese Grand Prix,Suzuka,2019-10-13,conventional,15,0 days 00:01:29.619000,0 days 00:01:30.112000,,0,0,0,0,4.333333333333333,7.0,0.1,37.0,0.0,15.5,4.166666666666667,9.333333333333334,7,1.0,,,,,,,,,,0.0,0.0,0.0,0.0
2019,18,hulkenberg,renault,12,10,10,+1 Lap,1.0,70,Mexican Grand Prix,Mexico City,2019-10-27,conventional,12,0 days 00:01:17.608000,0 days 00:01:16.885000,,1,1,0,0,1.0,10.0,0.1,38.0,2.5,12.5,0.5,12.666666666666666,15,0.0,,,,,,,,,,0.0,0.0,0.0,0.0
2019,19,hulkenberg,renault,11,9,9,+1 Lap,2.0,55,United States Grand Prix,Austin,2019-11-03,conventional,11,0 days 00:01:34.092000,0 days 00:01:33.815000,,2,1,0,0,0.6666666666666666,11.333333333333334,0.1,39.0,5.0,10.0,1.0,12.166666666666666,12,1.0,,,,,,,,,,0.0,0.0,0.0,0.0
2019,20,hulkenberg,renault,13,15,15,Finished,0.0,71,Brazilian Grand Prix,São Paulo,2019-11-17,conventional,14,0 days 00:01:09.050000,0 days 00:01:08.921000,,0,0,0,0,1.0,12.666666666666666,0.1,40.0,4.0,13.0,2.5,12.666666666666666,11,2.0,,,,,,,,,,0.0,0.0,0.0,0.0
2019,21,hulkenberg,renault,9,12,12,+1 Lap,0.0,54,Abu Dhabi Grand Prix,Yas Island,2019-12-01,conventional,10,0 days 00:01:37.506000,0 days 00:01:36.859000,0 days 00:01:36.710000,0,0,0,0,1.0,12.333333333333334,0.1,41.0,0.0,9.0,3.8333333333333335,11.833333333333334,14,0.0,,,,,,,,,,0.0,0.0,0.0,0.0
2020,4,hulkenberg,racing_point,13,20,W,Power Unit,0.0,0,British Grand Prix,Silverstone,2020-08-02,conventional,13,0 days 00:01:26.327000,0 days 00:01:26.566000,,0,0,0,0,0.6666666666666666,11.666666666666666,0.0,42.0,1.0,9.5,6.666666666666667,8.666666666666666,10,0.0,11.666666666666666,13.0,0.0,0.0,-0.0,1.0,3.663111288691071,0.0,1.0,0.0,0.0,0.0,0.0
2020,5,hulkenberg,racing_point,3,7,7,Finished,6.0,52,70th Anniversary Grand Prix,Silverstone,2020-08-09,conventional,3,0 days 00:01:27.279000,0 days 00:01:26.261000,0 days 00:01:26.082000,6,1,0,0,0.0,12.333333333333334,0.0,43.0,7.0,4.5,5.666666666666667,9.333333333333334,13,0.0,12.333333333333334,13.0,10.0,10.0,0.0,10.0,6.864198758540028,0.0,4.0,0.0,1.0,1.0,-1.0
2020,11,hulkenberg,racing_point,20,8,8,Finished,4.0,60,Eifel Grand Prix,Nürburgring,2020-10-11,conventional,20,0 days 00:01:28.021000,,,4,1,0,0,2.0,8.666666666666666,0.0,44.0,8.0,14.5,6.333333333333333,7.0,3,6.0,8.666666666666666,9.0,-11.0,0.0,11.0,2.0,4.31406525622033,2.0,0.0,0.0,5.0,2.0,-5.0
2022,1,hulkenberg,aston_martin,17,17,17,Finished,0.0,57,Bahrain Grand Prix,Sakhir,2022-03-20,conventional,17,0 days 00:01:32.777000,,,0,0,0,0,3.3333333333333335,12.0,0.0,45.0,0.0,18.0,1.5,14.166666666666666,20,4.0,12.0,14.0,-3.0,0.0,3.0,0.0,1.0061038958963682,0.0,0.0,0.0,0.0,0.0,0.0
2022,2,hulkenberg,aston_martin,17,12,12,Finished,0.0,50,Saudi Arabian Grand Prix,Jeddah,2022-03-27,conventional,18,0 days 00:01:30.543000,,,0,0,0,0,3.3333333333333335,13.333333333333334,0.0,46.0,0.0,16.5,0.0,16.5,17,0.0,13.333333333333334,14.0,-4.0,0.0,4.0,0.0,0.35580914032446653,0.0,0.0,0.0,0.0,1.0,0.0
2023,1,hulkenberg,haas,10,15,15,Lapped,0.0,56,Bahrain Grand Prix,Sakhir,2023-03-05,conventional,10,0 days 00:01:31.204000,0 days 00:01:30.809000,,0,0,0,0,1.3333333333333333,18.333333333333332,0.0,47.0,0.0,13.5,0.3333333333333333,15.833333333333334,18,0.0,18.333333333333332,18.0,8.0,8.0,0.0,0.0,1.7537396675905041,0.0,0.0,0.0,0.0,0.0,0.0
2023,2,hulkenberg,haas,10,12,12,Finished,0.0,50,Saudi Arabian Grand Prix,Jeddah,2023-03-19,conventional,11,0 days 00:01:29.547000,0 days 00:01:29.451000,,0,0,0,0,0.0,15.0,0.0,48.0,0.5,12.0,0.0,14.5,10,0.0,15.0,14.0,3.0,3.0,0.0,0.0,1.2776728801088004,0.0,0.0,0.0,0.0,1.0,0.0
2023,3,hulkenberg,haas,10,7,7,Finished,6.0,58,Australian Grand Prix,Melbourne,2023-04-02,conventional,10,0 days 00:01:18.029000,0 days 00:01:17.412000,0 days 00:01:17.735000,6,1,0,0,0.0,13.0,0.0,49.0,3.0,12.0,0.16666666666666666,13.333333333333334,11,0.0,13.0,11.0,1.0,1.0,0.0,0.0,1.1511481608833103,6.0,0.0,0.0,0.0,2.0,0.0
2023,5,hulkenberg,haas,12,15,15,Finished,0.0,57,Miami Grand Prix,Miami,2023-05-07,conventional,12,0 days 00:01:27.945000,0 days 00:01:27.903000,,0,0,0,0,2.0,10.333333333333334,0.0,50.0,0.5,8.0,1.1666666666666667,12.5,10,6.0,10.333333333333334,10.0,-2.0,0.0,2.0,0.0,1.3457555440502418,0.0,0.0,6.0,0.0,3.0,6.0
2023,6,hulkenberg,haas,18,17,17,Lapped,0.0,76,Monaco Grand Prix,Monaco,2023-05-28,conventional,18,0 days 00:01:13.279000,,,0,0,0,0,2.0,11.0,0.0,51.0,0.0,17.5,1.3333333333333333,10.666666666666666,12,0.0,11.0,12.0,-6.0,0.0,6.0,0.0,0.7427578725954254,0.0,0.0,6.0,0.0,3.0,6.0
2023,7,hulkenberg,haas,7,15,15,Lapped,0.0,65,Spanish Grand Prix,Barcelona,2023-06-04,conventional,8,0 days 00:01:13.420000,0 days 00:01:13.283000,0 days 00:01:13.229000,0,0,0,0,2.0,13.333333333333334,0.0,52.0,0.0,12.5,1.1666666666666667,12.5,18,0.0,13.333333333333334,14.0,6.0,6.0,0.0,0.0,1.9555187590766607,0.0,0.0,6.0,0.0,3.0,6.0
2023,8,hulkenberg,haas,5,15,15,Lapped,0.0,69,Canadian Grand Prix,Montréal,2023-06-18,conventional,2,0 days 00:01:22.730000,0 days 00:01:20.305000,0 days 00:01:27.102000,0,0,0,0,0.0,12.666666666666666,0.0,53.0,0.0,8.0,0.16666666666666666,12.666666666666666,8,0.0,12.666666666666666,11.0,9.0,9.0,0.0,6.0,6.345101657956582,0.0,6.0,0.0,0.0,3.0,0.0
2023,10,hulkenberg,haas,11,13,13,Finished,0.0,52,British Grand Prix,Silverstone,2023-07-09,conventional,11,0 days 00:01:29.603000,0 days 00:01:28.896000,,0,0,0,0,0.0,9.333333333333334,0.0,54.0,0.0,15.0,0.0,12.666666666666666,2,0.0,9.333333333333334,9.0,-2.0,0.0,2.0,0.0,2.753250420632745,0.0,0.0,0.0,6.0,3.0,-6.0
2023,11,hulkenberg,haas,10,14,14,Lapped,0.0,69,Hungarian Grand Prix,Budapest,2023-07-23,conventional,10,0 days 00:01:18.695000,0 days 00:01:17.652000,0 days 00:01:17.186000,0,0,0,0,0.0,7.0,0.0,55.0,0.0,14.5,0.0,11.833333333333334,11,0.0,7.0,6.0,-4.0,0.0,4.0,0.0,1.61556379530656,0.0,0.0,0.0,6.0,3.0,-6.0
2023,13,hulkenberg,haas,14,12,12,Finished,0.0,72,Dutch Grand Prix,Zandvoort,2023-08-27,conventional,15,0 days 00:01:21.891000,0 days 00:01:20.250000,,0,0,0,0,0.0,7.666666666666667,0.0,56.0,0.0,16.5,0.0,12.5,10,0.0,7.666666666666667,7.0,-8.0,0.0,8.0,0.0,0.4231072707192034,0.0,0.0,0.0,6.0,3.0,-6.0
2023,14,hulkenberg,haas,13,17,17,Lapped,0.0,50,Italian Grand Prix,Monza,2023-09-03,conventional,13,0 days 00:01:22.343000,0 days 00:01:21.776000,,0,0,0,0,0.0,12.0,0.0,57.0,0.0,16.0,0.0,15.333333333333334,15,0.0,12.0,11.0,-2.0,0.0,2.0,0.0,0.633972007086057,0.0,0.0,0.0,0.0,3.0,0.0
2023,15,hulkenberg,haas,9,13,13,Finished,0.0,62,Singapore Grand Prix,Marina Bay,2023-09-17,conventional,9,0 days 00:01:32.100000,0 days 00:01:31.994000,0 days 00:01:31.808000,0,0,0,0,0.0,12.666666666666666,0.0,58.0,0.5,7.5,0.0,15.666666666666666,13,0.0,12.666666666666666,12.0,3.0,3.0,0.0,0.0,0.026188178623980818,0.0,0.0,0.0,0.0,3.0,0.0
2023,16,hulkenberg,haas,18,14,14,Lapped,0.0,52,Japanese Grand Prix,Suzuka,2023-09-24,conventional,18,0 days 00:01:31.299000,,,0,0,0,0,0.0,12.333333333333334,0.0,59.0,0.0,16.5,0.16666666666666666,13.333333333333334,9,0.0,12.333333333333334,11.0,-7.0,0.0,7.0,0.0,0.0984992167252754,0.0,0.0,0.0,0.0,3.0,0.0
2023,19,hulkenberg,haas,12,13,13,Finished,0.0,71,Mexico City Grand Prix,Mexico City,2023-10-29,conventional,12,0 days 00:01:18.969000,0 days 00:01:18.524000,,0,0,0,0,0.0,13.333333333333334,0.0,60.0,0.0,14.5,0.16666666666666666,13.333333333333334,18,0.0,13.333333333333334,13.0,1.0,1.0,0.0,0.0,1.6125899477980017,0.0,0.0,0.0,0.0,3.0,0.0
2023,21,hulkenberg,haas,13,19,19,Retired,0.0,45,Las Vegas Grand Prix,Las Vegas,2023-11-18,conventional,13,0 days 00:01:34.265000,0 days 00:01:33.979000,,0,0,0,0,0.0,13.0,0.0,61.0,0.0,11.0,0.16666666666666666,12.833333333333334,12,0.0,13.0,14.0,1.0,1.0,0.0,0.0,1.153264611501183,0.0,0.0,0.0,0.0,3.0,0.0
2023,22,hulkenberg,haas,8,15,15,Finished,0.0,58,Abu Dhabi Grand Prix,Yas Island,2023-11-26,conventional,8,0 days 00:01:24.425000,0 days 00:01:24.213000,0 days 00:01:24.108000,0,0,0,0,0.0,14.333333333333334,0.0,62.0,0.0,12.5,0.0,14.0,13,0.0,14.333333333333334,15.0,7.0,7.0,0.0,0.0,0.7502660414683593,0.0,0.0,0.0,0.0,3.0,0.0
2024,1,hulkenberg,haas,10,16,16,Lapped,0.0,56,Bahrain Grand Prix,Sakhir,2024-03-02,conventional,10,0 days 00:01:30.566000,0 days 00:01:29.851000,0 days 00:01:30.502000,0,0,0,0,0.0,11.0,0.0,63.0,0.0,12.5,0.0,12.666666666666666,8,0.0,11.0,10.0,0.0,0.0,-0.0,1.0,2.0726591546390862,0.0,1.0,0.0,0.0,0.0,0.0
2024,2,hulkenberg,haas,15,10,10,Finished,1.0,50,Saudi Arabian Grand Prix,Jeddah,2024-03-09,conventional,15,0 days 00:01:29.055000,,,1,1,0,0,0.0,10.333333333333334,0.0,64.0,0.5,14.0,0.0,12.0,10,0.0,10.333333333333334,9.0,-6.0,0.0,6.0,0.0,0.46995346914674485,1.0,0.0,0.0,1.0,1.0,-1.0
2024,3,hulkenberg,haas,16,9,9,Finished,2.0,58,Australian Grand Prix,Melbourne,2024-03-24,conventional,16,0 days 00:01:17.976000,,,2,1,0,0,0.3333333333333333,11.0,0.0,65.0,1.5,15.0,0.16666666666666666,13.0,15,1.0,11.0,11.0,-5.0,0.0,5.0,0.0,0.0,2.0,0.0,1.0,1.0,2.0,0.0
2024,4,hulkenberg,haas,12,11,11,Lapped,0.0,52,Japanese Grand Prix,Suzuka,2024-04-07,conventional,12,0 days 00:01:29.821000,0 days 00:01:29.494000,,0,0,0,0,1.0,13.666666666666666,0.0,66.0,0.0,15.0,0.6666666666666666,13.833333333333334,16,2.0,13.666666666666666,13.0,1.0,1.0,0.0,0.0,0.8077916740520479,0.0,0.0,3.0,1.0,3.0,2.0
2024,7,hulkenberg,haas,10,11,11,Lapped,0.0,62,Emilia Romagna Grand Prix,Imola,2024-05-19,conventional,10,0 days 00:01:15.841000,0 days 00:01:15.569000,0 days 00:01:15.980000,0,0,0,0,1.0,14.333333333333334,0.0,67.0,0.0,14.0,0.6666666666666666,14.666666666666666,12,0.0,14.333333333333334,14.0,4.0,4.0,0.0,0.0,0.7993256590645066,0.0,0.0,3.0,0.0,3.0,3.0
2024,8,hulkenberg,haas,19,19,R,Retired,0.0,0,Monaco Grand Prix,Monaco,2024-05-26,conventional,14,0 days 00:01:11.876000,0 days 00:01:11.440000,,0,0,0,0,0.6666666666666666,12.666666666666666,0.0,68.0,0.0,14.5,0.5,14.666666666666666,10,0.0,12.666666666666666,11.0,-3.0,0.0,3.0,0.0,0.0,0.0,0.0,2.0,0.0,3.0,2.0
2024,9,hulkenberg,haas,17,11,11,Finished,0.0,70,Canadian Grand Prix,Montréal,2024-06-09,conventional,19,0 days 00:01:13.978000,,,0,0,0,0,0.0,12.0,0.0,69.0,0.0,16.5,0.0,14.5,14,0.0,12.0,11.0,-8.0,0.0,8.0,0.0,0.0,0.0,0.0,0.0,0.0,3.0,0.0
2024,10,hulkenberg,haas,13,11,11,Finished,0.0,66,Spanish Grand Prix,Barcelona,2024-06-23,conventional,13,0 days 00:01:12.708000,0 days 00:01:12.310000,,0,0,0,0,0.0,14.333333333333334,0.0,70.0,0.0,14.5,0.0,15.0,19,0.0,14.333333333333334,15.0,2.0,2.0,0.0,0.0,0.0,0.0,0.0,0.0,0.0,3.0,0.0
2024,12,hulkenberg,haas,6,6,6,Finished,8.0,52,British Grand Prix,Silverstone,2024-07-07,conventional,6,0 days 00:01:31.929000,0 days 00:01:26.847000,0 days 00:01:26.338000,8,1,0,0,0.0,15.333333333333334,0.0,71.0,4.0,11.5,0.0,15.166666666666666,13,0.0,15.333333333333334,17.0,11.0,11.0,0.0,1.0,3.225147250201502,7.0,0.0,0.0,0.0,3.0,0.0
2024,13,hulkenberg,haas,11,13,13,Lapped,0.0,69,Hungarian Grand Prix,Budapest,2024-07-21,conventional,11,0 days 00:01:17.362000,0 days 00:01:16.317000,,0,0,0,0,2.6666666666666665,12.666666666666666,0.0,72.0,0.0,13.0,1.3333333333333333,14.166666666666666,6,8.0,12.666666666666666,12.0,1.0,1.0,0.0,0.0,1.4097456540190647,0.0,0.0,7.0,0.0,3.0,7.0
2024,14,hulkenberg,haas,16,18,18,Finished,0.0,44,Belgian Grand Prix,Spa-Francorchamps,2024-07-28,conventional,16,0 days 00:01:56.308000,,,0,0,0,0,2.6666666666666665,10.0,0.0,73.0,0.0,16.5,1.3333333333333333,13.0,11,0.0,10.0,9.0,-7.0,0.0,7.0,0.0,0.4216751509154113,0.0,0.0,7.0,0.0,3.0,7.0
2024,15,hulkenberg,haas,12,11,11,Lapped,0.0,71,Dutch Grand Prix,Zandvoort,2024-08-25,conventional,13,0 days 00:01:11.832000,0 days 00:01:11.215000,,0,0,0,0,2.6666666666666665,11.0,0.0,74.0,0.0,13.5,1.3333333333333333,13.666666666666666,16,0.0,11.0,11.0,-2.0,0.0,2.0,0.0,0.025998346122960925,0.0,0.0,7.0,0.0,3.0,7.0
2024,16,hulkenberg,haas,10,17,17,Lapped,0.0,52,Italian Grand Prix,Monza,2024-09-01,conventional,10,0 days 00:01:20.781000,0 days 00:01:20.411000,0 days 00:01:20.339000,0,0,0,0,0.0,13.333333333333334,0.0,75.0,0.5,11.5,0.0,14.333333333333334,13,0.0,13.333333333333334,13.0,3.0,3.0,0.0,0.0,0.6147600546376761,0.0,0.0,0.0,0.0,3.0,0.0
2024,17,hulkenberg,haas,12,11,11,Finished,0.0,51,Azerbaijan Grand Prix,Baku,2024-09-15,conventional,13,0 days 00:01:43.101000,0 days 00:01:43.191000,,0,0,0,0,0.0,13.0,0.0,76.0,0.5,12.0,0.16666666666666666,13.833333333333334,10,0.0,13.0,13.0,0.0,0.0,-0.0,0.0,0.3442860643982817,0.0,0.0,0.0,0.0,3.0,0.0
2024,18,hulkenberg,haas,6,9,9,Lapped,2.0,61,Singapore Grand Prix,Marina Bay,2024-09-22,conventional,6,0 days 00:01:30.724000,0 days 00:01:30.150000,0 days 00:01:30.115000,2,1,0,0,0.0,12.0,0.0,77.0,1.0,10.0,0.3333333333333333,12.333333333333334,13,0.0,12.0,11.0,5.0,5.0,0.0,2.0,2.885345119171133,0.0,0.0,0.0,0.0,3.0,0.0
2024,20,hulkenberg,haas,10,9,9,Lapped,2.0,70,Mexico City Grand Prix,Mexico City,2024-10-27,conventional,10,0 days 00:01:17.186000,0 days 00:01:16.995000,0 days 00:01:17.365000,2,1,0,0,0.6666666666666666,9.666666666666666,0.0,78.0,4.0,8.5,0.6666666666666666,11.166666666666666,6,2.0,9.666666666666666,10.0,0.0,0.0,-0.0,0.0,1.2912835402391387,2.0,0.0,0.0,0.0,3.0,0.0
2024,22,hulkenberg,haas,9,8,8,Finished,4.0,50,Las Vegas Grand Prix,Las Vegas,2024-11-23,conventional,9,0 days 00:01:33.920000,0 days 00:01:33.114000,0 days 00:01:33.062000,4,1,0,0,1.3333333333333333,9.666666666666666,0.0,79.0,2.0,10.5,1.8333333333333333,10.166666666666666,10,2.0,9.666666666666666,9.0,0.0,0.0,-0.0,0.0,1.816385515233419,4.0,0.0,2.0,0.0,3.0,2.0
2024,24,hulkenberg,haas,7,8,8,Finished,4.0,58,Abu Dhabi Grand Prix,Yas Island,2024-12-08,conventional,4,0 days 00:01:23.722000,0 days 00:01:23.040000,0 days 00:01:22.886000,4,1,0,0,2.6666666666666665,8.333333333333334,0.0,80.0,2.0,9.5,2.3333333333333335,9.666666666666666,9,4.0,8.333333333333334,7.0,3.0,3.0,0.0,4.0,4.312807384447724,0.0,0.0,6.0,0.0,3.0,6.0
2025,1,hulkenberg,sauber,17,7,7,Finished,6.0,57,Australian Grand Prix,Melbourne,2025-03-16,conventional,17,0 days 00:01:16.579000,,,6,1,0,0,3.3333333333333335,7.666666666666667,0.0,81.0,3.0,16.0,0.0,15.5,4,4.0,7.666666666666667,7.0,-10.0,0.0,10.0,0.0,1.076042279645308,6.0,0.0,0.0,0.0,0.0,0.0
2025,3,hulkenberg,sauber,16,16,16,Finished,0.0,53,Japanese Grand Prix,Suzuka,2025-04-06,conventional,16,0 days 00:01:28.570000,,,0,0,0,0,4.666666666666667,10.0,0.0,82.0,0.0,16.5,1.0,15.0,17,6.0,10.0,9.0,-7.0,0.0,7.0,0.0,0.27493963912412767,0.0,0.0,6.0,0.0,1.0,6.0
2025,4,hulkenberg,sauber,16,20,D,Disqualified,0.0,0,Bahrain Grand Prix,Sakhir,2025-04-13,conventional,16,0 days 00:01:32.067000,,,0,0,0,0,3.3333333333333335,12.333333333333334,0.0,83.0,0.0,17.0,1.0,15.166666666666666,16,0.0,12.333333333333334,14.0,-2.0,0.0,2.0,0.0,0.10115535892750405,0.0,0.0,6.0,0.0,2.0,6.0
2025,5,hulkenberg,sauber,18,15,15,Lapped,0.0,49,Saudi Arabian Grand Prix,Jeddah,2025-04-20,conventional,18,0 days 00:01:28.782000,,,0,0,0,0,2.0,16.333333333333332,0.0,84.0,0.0,19.0,1.0,16.5,16,0.0,16.333333333333332,15.0,-3.0,0.0,3.0,0.0,0.0,0.0,0.0,6.0,0.0,3.0,6.0
2025,7,hulkenberg,sauber,17,12,12,Finished,0.0,63,Emilia Romagna Grand Prix,Imola,2025-05-18,conventional,17,0 days 00:01:16.518000,,,0,0,0,0,0.0,16.666666666666668,0.0,85.0,0.0,15.5,0.0,17.5,18,0.0,16.666666666666668,17.0,0.0,0.0,-0.0,0.0,0.041696220629157565,0.0,0.0,0.0,0.0,3.0,0.0
2025,8,hulkenberg,sauber,13,16,16,Lapped,0.0,76,Monaco Grand Prix,Monaco,2025-05-25,conventional,13,0 days 00:01:11.871000,0 days 00:01:11.596000,,0,0,0,0,0.0,17.0,0.0,86.0,0.0,14.5,0.0,17.166666666666668,17,0.0,17.0,17.0,4.0,4.0,0.0,0.0,0.6002725816157319,0.0,0.0,0.0,0.0,3.0,0.0
2025,9,hulkenberg,sauber,15,5,5,Finished,10.0,66,Spanish Grand Prix,Barcelona,2025-06-01,conventional,16,0 days 00:01:13.190000,,,10,1,0,0,0.0,16.0,0.0,87.0,5.0,14.0,0.0,16.333333333333332,13,0.0,16.0,16.0,0.0,0.0,-0.0,0.0,0.0,10.0,0.0,0.0,0.0,3.0,0.0
2025,10,hulkenberg,sauber,11,8,8,Finished,4.0,70,Canadian Grand Prix,Montréal,2025-06-15,conventional,13,0 days 00:01:12.323000,0 days 00:01:12.183000,,4,1,0,0,3.3333333333333335,15.333333333333334,0.0,88.0,2.0,14.5,1.6666666666666667,14.666666666666666,16,10.0,15.333333333333334,17.0,4.0,4.0,0.0,0.0,0.7525373421520731,4.0,0.0,10.0,0.0,3.0,10.0
2025,11,hulkenberg,sauber,20,9,9,Lapped,2.0,69,Austrian Grand Prix,Spielberg,2025-06-29,conventional,20,0 days 00:01:05.606000,,,2,1,0,0,4.666666666666667,14.0,0.0,89.0,3.0,14.0,2.3333333333333335,14.333333333333334,13,4.0,14.0,13.0,-7.0,0.0,7.0,0.0,1.1773912406395195,2.0,0.0,14.0,0.0,3.0,14.0
2025,12,hulkenberg,sauber,19,3,3,Finished,15.0,52,British Grand Prix,Silverstone,2025-07-06,conventional,19,0 days 00:01:26.574000,,,15,1,1,0,5.333333333333333,16.333333333333332,0.0,90.0,7.5,18.0,3.3333333333333335,14.166666666666666,20,2.0,16.333333333333332,16.0,-3.0,0.0,3.0,0.0,0.3071758451303852,15.0,0.0,16.0,0.0,3.0,16.0
2025,14,hulkenberg,sauber,18,13,13,Lapped,0.0,69,Hungarian Grand Prix,Budapest,2025-08-03,conventional,19,0 days 00:01:16.081000,,,0,0,0,0,7.0,17.333333333333332,0.0,91.0,4.0,13.0,4.166666666666667,15.5,19,15.0,17.333333333333332,19.0,0.0,0.0,-0.0,0.0,1.0845874162870635,0.0,0.0,21.0,0.0,3.0,21.0
2025,15,hulkenberg,sauber,17,14,14,Finished,0.0,72,Dutch Grand Prix,Zandvoort,2025-08-31,conventional,17,0 days 00:01:10.195000,,,0,0,0,0,5.666666666666667,19.333333333333332,0.0,92.0,0.0,15.0,4.833333333333333,15.0,19,0.0,19.333333333333332,20.0,3.0,3.0,0.0,0.0,1.2384843935836796,0.0,0.0,17.0,0.0,3.0,17.0
2025,17,hulkenberg,sauber,17,16,16,Finished,0.0,51,Azerbaijan Grand Prix,Baku,2025-09-21,conventional,17,0 days 00:01:42.916000,,,0,0,0,0,5.0,18.333333333333332,0.0,93.0,0.0,15.0,2.6666666666666665,12.0,17,0.0,18.333333333333332,20.0,3.0,3.0,0.0,0.0,1.7768744940679846,0.0,0.0,15.0,0.0,3.0,15.0
2025,18,hulkenberg,sauber,11,20,20,Lapped,0.0,61,Singapore Grand Prix,Marina Bay,2025-10-05,conventional,11,0 days 00:01:30.715000,0 days 00:01:30.141000,,0,0,0,0,0.0,17.666666666666668,0.0,94.0,0.0,12.5,1.3333333333333333,12.666666666666666,17,0.0,17.666666666666668,19.0,8.0,8.0,0.0,1.0,1.986171221856965,0.0,1.0,0.0,0.0,3.0,0.0
2025,20,hulkenberg,sauber,13,19,R,Retired,0.0,25,Mexico City Grand Prix,Mexico City,2025-10-26,conventional,13,0 days 00:01:17.251000,0 days 00:01:17.016000,,0,0,0,0,0.0,15.0,0.0,95.0,0.5,14.5,1.3333333333333333,11.833333333333334,11,0.0,15.0,15.0,2.0,2.0,0.0,2.0,1.5630803261754673,0.0,2.0,0.0,1.0,3.0,-1.0
2025,22,hulkenberg,sauber,11,7,7,Finished,6.0,50,Las Vegas Grand Prix,Las Vegas,2025-11-22,conventional,11,0 days 00:01:54.555000,0 days 00:01:52.781000,,6,1,0,0,0.0,13.666666666666666,0.0,96.0,3.0,14.5,0.16666666666666666,14.0,13,0.0,13.666666666666666,14.0,3.0,3.0,0.0,0.0,4.116234586307714,6.0,0.0,0.0,3.0,3.0,-3.0
2025,24,hulkenberg,sauber,18,9,9,Finished,2.0,58,Abu Dhabi Grand Prix,Yas Island,2025-12-07,conventional,18,0 days 00:01:23.450000,,,2,1,0,0,2.0,11.666666666666666,0.0,97.0,1.0,12.5,1.1666666666666667,13.833333333333334,11,6.0,11.666666666666666,13.0,-5.0,0.0,5.0,0.0,0.3066781898698272,2.0,0.0,6.0,3.0,3.0,3.0
2018,1,kevin_magnussen,haas,5,17,R,Wheel,0.0,22,Australian Grand Prix,Melbourne,2018-03-25,conventional,6,0 days 00:01:23.909000,0 days 00:01:23.300000,0 days 00:01:23.187000,0,0,0,0,,,,0.0,0.0,6.5,,,,,,,,,,,,,,0.0,0.0,0.0,0.0
2018,2,kevin_magnussen,haas,6,5,5,Finished,10.0,57,Bahrain Grand Prix,Sakhir,2018-04-08,conventional,7,0 days 00:01:29.594000,0 days 00:01:29.623000,0 days 00:01:29.358000,10,1,0,0,0.0,6.0,0.0,1.0,5.0,11.5,0.0,6.5,6,0.0,,,,,,,,,,0.0,0.0,0.0,0.0
2018,3,kevin_magnussen,haas,11,10,10,Finished,1.0,56,Chinese Grand Prix,Shanghai,2018-04-15,conventional,11,0 days 00:01:33.359000,0 days 00:01:32.986000,,1,1,0,0,5.0,6.5,0.0,2.0,0.5,10.5,2.5,9.0,7,10.0,,,,,,,,,,0.0,0.0,0.0,0.0
2018,4,kevin_magnussen,haas,15,13,13,Finished,0.0,51,Azerbaijan Grand Prix,Baku,2018-04-29,conventional,15,0 days 00:01:43.674000,0 days 00:01:44.759000,,0,0,0,0,3.6666666666666665,8.0,0.0,3.0,0.0,17.5,1.8333333333333333,9.5,11,1.0,,,,,,,,,,0.0,0.0,0.0,0.0
2018,5,kevin_magnussen,haas,7,6,6,+1 Lap,8.0,65,Spanish Grand Prix,Barcelona,2018-05-13,conventional,7,0 days 00:01:18.169000,0 days 00:01:17.618000,0 days 00:01:17.676000,8,1,0,0,3.6666666666666665,11.0,0.0,4.0,4.0,8.5,1.8333333333333333,13.166666666666666,15,0.0,,,,,,,,,,0.0,0.0,0.0,0.0
2018,6,kevin_magnussen,haas,19,13,13,Finished,0.0,78,Monaco Grand Prix,Monte Carlo,2018-05-27,conventional,19,0 days 00:01:13.393000,,,0,0,0,0,3.0,11.0,0.0,5.0,0.0,17.0,1.5,12.166666666666666,7,8.0,,,,,,,,,,0.0,0.0,0.0,0.0
2018,7,kevin_magnussen,haas,11,13,13,+1 Lap,0.0,67,Canadian Grand Prix,Montréal,2018-06-10,conventional,11,0 days 00:01:12.680000,0 days 00:01:12.606000,,0,0,0,0,2.6666666666666665,13.666666666666666,0.0,6.0,0.0,15.5,1.3333333333333333,14.333333333333334,19,0.0,,,,,,,,,,0.0,0.0,0.0,0.0
2018,8,kevin_magnussen,haas,9,6,6,Finished,8.0,53,French Grand Prix,Le Castellet,2018-06-24,conventional,9,0 days 00:01:32.169000,0 days 00:01:31.510000,0 days 00:01:32.930000,8,1,0,0,2.6666666666666665,12.333333333333334,0.0,7.0,4.0,9.5,1.3333333333333333,13.666666666666666,11,0.0,,,,,,,,,,0.0,0.0,0.0,0.0
2018,9,kevin_magnussen,haas,8,5,5,+1 Lap,10.0,70,Austrian Grand Prix,Spielberg,2018-07-01,conventional,8,0 days 00:01:04.460000,0 days 00:01:04.291000,0 days 00:01:04.051000,10,1,0,0,2.6666666666666665,13.0,0.0,8.0,11.0,7.0,1.3333333333333333,14.0,9,8.0,,,,,,,,,,0.0,0.0,0.0,0.0
2018,10,kevin_magnussen,haas,7,9,9,Finished,2.0,52,British Grand Prix,Silverstone,2018-07-08,conventional,7,0 days 00:01:28.143000,0 days 00:01:27.730000,0 days 00:01:27.244000,2,1,0,0,6.0,9.333333333333334,0.0,9.0,1.0,7.5,5.0,10.666666666666666,8,10.0,,,,,,,,,,0.0,0.0,0.0,0.0
2018,11,kevin_magnussen,haas,5,11,11,Finished,0.0,67,German Grand Prix,Hockenheim,2018-07-22,conventional,5,0 days 00:01:13.105000,0 days 00:01:12.523000,0 days 00:01:12.200000,0,0,0,0,6.666666666666667,8.0,0.0,10.0,4.0,5.5,5.333333333333333,8.0,7,2.0,,,,,,,,,,0.0,0.0,0.0,0.0
2018,12,kevin_magnussen,haas,9,7,7,+1 Lap,6.0,69,Hungarian Grand Prix,Budapest,2018-07-29,conventional,9,0 days 00:01:18.314000,0 days 00:01:32.968000,0 days 00:01:39.858000,6,1,0,0,4.0,6.666666666666667,0.0,11.0,3.5,9.5,5.333333333333333,6.666666666666667,5,0.0,,,,,,,,,,0.0,0.0,0.0,0.0
2018,13,kevin_magnussen,haas,9,8,8,Finished,4.0,44,Belgian Grand Prix,Spa-Francorchamps,2018-08-26,conventional,9,0 days 00:01:43.834000,0 days 00:01:43.320000,0 days 00:02:04.933000,4,1,0,0,2.6666666666666665,7.0,0.0,12.0,5.0,7.0,2.8333333333333335,7.5,9,6.0,,,,,,,,,,0.0,0.0,0.0,0.0
2018,14,kevin_magnussen,haas,11,16,16,+1 Lap,0.0,52,Italian Grand Prix,Monza,2018-09-02,conventional,11,0 days 00:01:21.783000,0 days 00:01:21.669000,,0,0,0,0,3.3333333333333335,7.666666666666667,0.0,13.0,0.0,8.5,4.166666666666667,7.333333333333333,9,4.0,,,,,,,,,,0.0,0.0,0.0,0.0
2018,15,kevin_magnussen,haas,16,18,18,+2 Laps,0.0,59,Singapore Grand Prix,Singapore,2018-09-16,conventional,16,0 days 00:01:39.644000,,,0,0,0,0,3.3333333333333335,9.666666666666666,0.0,14.0,0.0,12.0,2.8333333333333335,8.333333333333334,11,0.0,,,,,,,,,,0.0,0.0,0.0,0.0
2018,16,kevin_magnussen,haas,5,8,8,+1 Lap,4.0,52,Russian Grand Prix,Sochi,2018-09-30,conventional,5,0 days 00:01:34.078000,0 days 00:01:33.747000,0 days 00:01:33.181000,4,1,0,0,1.3333333333333333,12.0,0.0,15.0,2.0,7.0,1.6666666666666667,9.166666666666666,16,0.0,,,,,,,,,,0.0,0.0,0.0,0.0
2018,17,kevin_magnussen,haas,12,20,R,Collision damage,0.0,8,Japanese Grand Prix,Suzuka,2018-10-07,conventional,12,0 days 00:01:30.219000,0 days 00:01:30.226000,,0,0,0,1,1.3333333333333333,10.666666666666666,0.0,16.0,2.0,8.5,0.6666666666666666,9.166666666666666,5,4.0,,,,,,,,,,0.0,0.0,0.0,0.0
2018,18,kevin_magnussen,haas,12,20,D,Disqualified,0.0,56,United States Grand Prix,Austin,2018-10-21,conventional,12,0 days 00:01:34.972000,0 days 00:01:34.732000,,0,0,0,0,1.3333333333333333,11.0,0.1,17.0,0.0,10.0,1.3333333333333333,9.166666666666666,12,0.0,,,,,,,,,,0.0,0.0,0.0,0.0
2018,19,kevin_magnussen,haas,16,15,15,+2 Laps,0.0,69,Mexican Grand Prix,Mexico City,2018-10-28,conventional,18,0 days 00:01:17.599000,,,0,0,0,0,1.3333333333333333,9.666666666666666,0.1,18.0,0.0,17.0,1.3333333333333333,8.5,12,0.0,,,,,,,,,,0.0,0.0,0.0,0.0
2018,20,kevin_magnussen,haas,10,9,9,Finished,2.0,71,Brazilian Grand Prix,São Paulo,2018-11-11,conventional,11,0 days 00:01:08.474000,0 days 00:01:08.659000,,2,1,0,0,0.0,14.0,0.1,19.0,3.0,10.0,0.6666666666666666,11.833333333333334,18,0.0,,,,,,,,,,0.0,0.0,0.0,0.0
2018,21,kevin_magnussen,haas,13,10,10,+1 Lap,1.0,54,Abu Dhabi Grand Prix,Yas Marina,2018-11-25,conventional,13,0 days 00:01:37.934000,0 days 00:01:37.309000,,1,1,0,0,0.6666666666666666,13.666666666666666,0.1,20.0,1.5,10.0,1.0,12.333333333333334,11,2.0,,,,,,,,,,0.0,0.0,0.0,0.0
2019,1,kevin_magnussen,haas,7,6,6,Finished,8.0,58,Australian Grand Prix,Melbourne,2019-03-17,conventional,7,0 days 00:01:22.519000,0 days 00:01:22.221000,0 days 00:01:22.099000,8,1,0,0,1.0,14.0,0.1,21.0,4.0,6.5,1.5,12.333333333333334,13,1.0,,,,,,,,,,0.0,0.0,0.0,0.0
2019,2,kevin_magnussen,haas,6,13,13,+1 Lap,0.0,56,Bahrain Grand Prix,Sakhir,2019-03-31,conventional,6,0 days 00:01:29.532000,0 days 00:01:29.017000,0 days 00:01:28.757000,0,0,0,0,3.6666666666666665,10.333333333333334,0.1,22.0,0.0,7.0,2.8333333333333335,8.833333333333334,7,8.0,,,,,,,,,,0.0,0.0,0.0,0.0
2019,3,kevin_magnussen,haas,9,13,13,+1 Lap,0.0,55,Chinese Grand Prix,Shanghai,2019-04-14,conventional,9,0 days 00:01:34.036000,0 days 00:01:33.150000,,0,0,0,0,3.0,8.666666666666666,0.1,23.0,0.0,9.5,1.8333333333333333,7.833333333333333,6,0.0,,,,,,,,,,0.0,0.0,0.0,0.0
2019,4,kevin_magnussen,haas,12,13,13,+1 Lap,0.0,50,Azerbaijan Grand Prix,Baku,2019-04-28,conventional,13,0 days 00:01:42.382000,0 days 00:01:42.699000,,0,0,0,0,2.6666666666666665,7.333333333333333,0.1,24.0,0.0,14.0,1.3333333333333333,7.666666666666667,9,0.0,,,,,,,,,,0.0,0.0,0.0,0.0
2019,5,kevin_magnussen,haas,8,7,7,Finished,6.0,66,Spanish Grand Prix,Barcelona,2019-05-12,conventional,8,0 days 00:01:17.669000,0 days 00:01:17.272000,0 days 00:01:16.922000,6,1,0,0,0.0,9.333333333333334,0.1,25.0,3.5,7.5,0.0,10.166666666666666,13,0.0,,,,,,,,,,0.0,0.0,0.0,0.0
2019,6,kevin_magnussen,haas,5,14,14,+1 Lap,0.0,77,Monaco Grand Prix,Monte Carlo,2019-05-26,conventional,6,0 days 00:01:11.865000,0 days 00:01:11.363000,0 days 00:01:11.109000,0,0,0,0,2.0,10.0,0.1,26.0,0.5,9.5,1.1666666666666667,10.333333333333334,8,6.0,,,,,,,,,,0.0,0.0,0.0,0.0
2019,7,kevin_magnussen,haas,0,17,17,+2 Laps,0.0,68,Canadian Grand Prix,Montréal,2019-06-09,conventional,10,0 days 00:01:12.107000,0 days 00:01:11.786000,,0,0,0,0,2.0,9.0,0.0,27.0,0.0,12.5,1.3333333333333333,10.333333333333334,6,0.0,,,,,,,,,,0.0,0.0,0.0,0.0
2019,8,kevin_magnussen,haas,15,17,17,+1 Lap,0.0,52,French Grand Prix,Le Castellet,2019-06-23,conventional,15,0 days 00:01:31.166000,0 days 00:01:31.440000,,0,0,0,0,2.0,8.0,0.0,28.0,0.0,16.0,1.3333333333333333,9.833333333333334,10,0.0,,,,,,,,,,0.0,0.0,0.0,0.0
2019,9,kevin_magnussen,haas,10,19,19,+2 Laps,0.0,69,Austrian Grand Prix,Spielberg,2019-06-30,conventional,5,0 days 00:01:04.778000,0 days 00:01:04.466000,0 days 00:01:04.072000,0,0,0,0,0.0,10.333333333333334,0.0,29.0,0.0,8.0,0.16666666666666666,12.666666666666666,15,0.0,,,,,,,,,,0.0,0.0,0.0,0.0
2019,10,kevin_magnussen,haas,16,20,R,Collision,0.0,6,British Grand Prix,Silverstone,2019-07-14,conventional,16,0 days 00:01:26.662000,,,0,0,0,1,0.0,10.0,0.0,30.0,0.0,15.0,0.0,12.166666666666666,5,0.0,,,,,,,,,,0.0,0.0,0.0,0.0
2019,11,kevin_magnussen,haas,12,8,8,Finished,4.0,64,German Grand Prix,Hockenheim,2019-07-28,conventional,12,0 days 00:01:13.103000,0 days 00:01:12.789000,,4,1,0,0,0.0,12.0,0.1,31.0,5.0,9.0,0.0,13.0,16,0.0,,,,,,,,,,0.0,0.0,0.0,0.0
2019,12,kevin_magnussen,haas,14,13,13,+1 Lap,0.0,69,Hungarian Grand Prix,Budapest,2019-08-04,conventional,15,0 days 00:01:16.122000,0 days 00:01:17.081000,,0,0,0,0,1.3333333333333333,11.0,0.1,32.0,0.0,12.0,1.6666666666666667,10.666666666666666,12,4.0,,,,,,,,,,0.0,0.0,0.0,0.0
2019,13,kevin_magnussen,haas,8,12,12,+1 Lap,0.0,43,Belgian Grand Prix,Spa-Francorchamps,2019-09-01,conventional,10,0 days 00:01:45.839000,0 days 00:01:44.738000,0 days 00:01:45.086000,0,0,0,0,1.3333333333333333,14.333333333333334,0.1,33.0,0.0,10.5,1.6666666666666667,12.0,15,0.0,,,,,,,,,,0.0,0.0,0.0,0.0
2019,14,kevin_magnussen,haas,11,18,R,Hydraulics,0.0,43,Italian Grand Prix,Monza,2019-09-08,conventional,12,0 days 00:01:20.616000,0 days 00:01:20.615000,,0,0,0,0,1.3333333333333333,12.333333333333334,0.1,34.0,0.0,14.0,1.6666666666666667,10.5,10,0.0,,,,,,,,,,0.0,0.0,0.0,0.0
2019,15,kevin_magnussen,haas,13,17,17,Finished,0.0,61,Singapore Grand Prix,Singapore,2019-09-22,conventional,14,0 days 00:01:39.942000,0 days 00:01:39.650000,,0,0,0,0,0.0,12.333333333333334,0.1,35.0,0.0,15.5,0.0,12.166666666666666,12,0.0,,,,,,,,,,0.0,0.0,0.0,0.0
2019,16,kevin_magnussen,haas,13,9,9,Finished,2.0,53,Russian Grand Prix,Sochi,2019-09-29,conventional,14,0 days 00:01:33.889000,0 days 00:01:34.082000,,2,1,0,0,0.0,12.0,0.1,36.0,1.0,11.5,0.0,13.333333333333334,14,0.0,,,,,,,,,,0.0,0.0,0.0,0.0
2019,17,kevin_magnussen,haas,19,15,15,+1 Lap,0.0,51,Japanese Grand Prix,Suzuka,2019-10-13,conventional,19,,,,0,0,0,0,0.6666666666666666,13.333333333333334,0.1,37.0,0.0,14.5,0.3333333333333333,13.666666666666666,14,2.0,,,,,,,,,,0.0,0.0,0.0,0.0
2019,18,kevin_magnussen,haas,17,15,15,+2 Laps,0.0,69,Mexican Grand Prix,Mexico City,2019-10-27,conventional,17,0 days 00:01:18.436000,,,0,0,0,0,0.6666666666666666,15.666666666666666,0.1,38.0,0.0,17.5,0.3333333333333333,13.833333333333334,19,0.0,,,,,,,,,,0.0,0.0,0.0,0.0
2019,19,kevin_magnussen,haas,12,18,18,Brakes,0.0,52,United States Grand Prix,Austin,2019-11-03,conventional,12,0 days 00:01:33.812000,0 days 00:01:33.979000,,0,0,0,0,0.6666666666666666,16.666666666666668,0.1,39.0,0.0,13.5,0.3333333333333333,14.5,17,0.0,,,,,,,,,,0.0,0.0,0.0,0.0
2019,20,kevin_magnussen,haas,9,11,11,Finished,0.0,71,Brazilian Grand Prix,São Paulo,2019-11-17,conventional,10,0 days 00:01:08.875000,0 days 00:01:08.803000,0 days 00:01:09.037000,0,0,0,0,0.0,16.0,0.1,40.0,0.0,9.0,0.0,15.166666666666666,12,0.0,,,,,,,,,,0.0,0.0,0.0,0.0
2019,21,kevin_magnussen,haas,14,14,14,+1 Lap,0.0,54,Abu Dhabi Grand Prix,Yas Island,2019-12-01,conventional,15,0 days 00:01:37.710000,0 days 00:01:37.254000,,0,0,0,0,0.0,13.0,0.0,41.0,0.0,15.5,0.0,13.333333333333334,10,0.0,,,,,,,,,,0.0,0.0,0.0,0.0
2020,1,kevin_magnussen,haas,16,17,R,Brakes,0.0,24,Austrian Grand Prix,Spielberg,2020-07-05,conventional,16,0 days 00:01:05.164000,,,0,0,0,0,0.0,12.333333333333334,0.0,42.0,0.0,15.5,0.0,12.666666666666666,15,0.0,12.333333333333334,11.0,-5.0,0.0,5.0,0.0,0.5019952784097086,0.0,0.0,0.0,0.0,0.0,0.0
2020,2,kevin_magnussen,haas,15,12,12,+1 Lap,0.0,70,Styrian Grand Prix,Spielberg,2020-07-12,conventional,15,0 days 00:01:21.140000,0 days 00:01:20.211000,,0,0,0,0,0.0,13.666666666666666,0.0,43.0,0.0,17.5,0.0,13.333333333333334,16,0.0,13.666666666666666,15.0,0.0,0.0,-0.0,0.0,0.0,0.0,0.0,0.0,0.0,1.0,0.0
2020,3,kevin_magnussen,haas,0,10,10,+1 Lap,1.0,69,Hungarian Grand Prix,Budapest,2020-07-19,conventional,16,0 days 00:01:16.152000,,,1,1,0,0,0.0,15.333333333333334,0.0,44.0,0.5,17.0,0.0,16.166666666666668,15,0.0,15.333333333333334,15.0,-1.0,0.0,1.0,0.0,0.0,1.0,0.0,0.0,0.0,2.0,0.0
2020,4,kevin_magnussen,haas,14,19,R,Collision,0.0,1,British Grand Prix,Silverstone,2020-08-02,conventional,16,0 days 00:01:27.158000,,,0,0,0,1,0.3333333333333333,15.666666666666666,0.0,45.0,0.0,17.5,0.16666666666666666,16.666666666666668,16,1.0,15.666666666666666,16.0,0.0,0.0,-0.0,0.0,0.5092495610445553,0.0,0.0,1.0,0.0,3.0,1.0
2020,5,kevin_magnussen,haas,17,20,R,Retired,0.0,43,70th Anniversary Grand Prix,Silverstone,2020-08-09,conventional,17,0 days 00:01:28.236000,,,0,0,0,0,0.3333333333333333,15.666666666666666,0.1,46.0,0.0,15.5,0.16666666666666666,17.333333333333332,16,0.0,15.666666666666666,16.0,-1.0,0.0,1.0,0.0,0.0,0.0,0.0,1.0,0.0,3.0,1.0
2020,6,kevin_magnussen,haas,16,15,15,+1 Lap,0.0,65,Spanish Grand Prix,Barcelona,2020-08-16,conventional,16,0 days 00:01:17.908000,,,0,0,0,0,0.3333333333333333,16.333333333333332,0.1,47.0,0.0,16.5,0.16666666666666666,16.666666666666668,17,0.0,16.333333333333332,16.0,0.0,0.0,-0.0,0.0,0.33317254785090356,0.0,0.0,1.0,0.0,3.0,1.0
2020,7,kevin_magnussen,haas,20,17,17,Finished,0.0,44,Belgian Grand Prix,Spa-Francorchamps,2020-08-30,conventional,20,0 days 00:01:44.314000,,,0,0,0,0,0.0,16.333333333333332,0.1,48.0,0.0,18.5,0.0,16.5,16,0.0,16.333333333333332,16.0,-4.0,0.0,4.0,0.0,0.0,0.0,0.0,0.0,0.0,3.0,0.0
2020,8,kevin_magnussen,haas,15,19,R,Power Unit,0.0,17,Italian Grand Prix,Monza,2020-09-06,conventional,15,0 days 00:01:20.869000,0 days 00:01:21.573000,,0,0,0,0,0.0,17.666666666666668,0.1,49.0,0.0,15.5,0.0,16.833333333333332,20,0.0,17.666666666666668,18.0,3.0,3.0,0.0,0.0,0.0,0.0,0.0,0.0,0.0,3.0,0.0
2020,9,kevin_magnussen,haas,20,16,R,Collision,0.0,5,Tuscan Grand Prix,Mugello,2020-09-13,conventional,20,0 days 00:01:17.348000,,,0,0,0,1,0.0,17.0,0.1,50.0,0.0,17.5,0.0,16.833333333333332,15,0.0,17.0,17.0,-3.0,0.0,3.0,0.0,0.6140679840800862,0.0,0.0,0.0,0.0,3.0,0.0
2020,10,kevin_magnussen,haas,18,12,12,+1 Lap,0.0,52,Russian Grand Prix,Sochi,2020-09-27,conventional,18,0 days 00:01:34.681000,,,0,0,0,0,0.0,18.333333333333332,0.2,51.0,0.0,17.0,0.0,17.166666666666668,20,0.0,18.333333333333332,19.0,1.0,1.0,0.0,0.0,0.0,0.0,0.0,0.0,0.0,3.0,0.0
2020,11,kevin_magnussen,haas,15,13,13,Finished,0.0,60,Eifel Grand Prix,Nürburgring,2020-10-11,conventional,15,0 days 00:01:27.231000,0 days 00:01:27.125000,,0,0,0,0,0.0,17.666666666666668,0.2,52.0,1.0,15.5,0.0,16.666666666666668,18,0.0,17.666666666666668,19.0,4.0,4.0,0.0,0.0,0.0,0.0,0.0,0.0,0.0,3.0,0.0
2020,12,kevin_magnussen,haas,19,16,16,+1 Lap,0.0,65,Portuguese Grand Prix,Portimão,2020-10-25,conventional,19,0 days 00:01:18.508000,,,0,0,0,0,0.0,17.666666666666668,0.2,53.0,0.0,18.5,0.3333333333333333,16.666666666666668,15,0.0,17.666666666666668,19.0,0.0,0.0,-0.0,0.0,1.0954351860031188,0.0,0.0,0.0,0.0,3.0,0.0
2020,13,kevin_magnussen,haas,17,18,R,Illness,0.0,47,Emilia Romagna Grand Prix,Imola,2020-11-01,conventional,17,0 days 00:01:15.939000,,,0,0,0,0,0.0,17.333333333333332,0.2,54.0,0.0,16.5,0.3333333333333333,17.0,19,0.0,17.333333333333332,18.0,1.0,1.0,0.0,0.0,0.4831204751962934,0.0,0.0,0.0,0.0,3.0,0.0
2020,14,kevin_magnussen,haas,13,17,17,Withdrew,0.0,55,Turkish Grand Prix,Istanbul,2020-11-15,conventional,16,0 days 00:02:08.007000,,,0,0,0,0,0.0,17.0,0.2,55.0,0.0,17.5,0.3333333333333333,16.833333333333332,17,0.0,17.0,18.0,2.0,2.0,0.0,0.0,0.0,0.0,0.0,0.0,0.0,3.0,0.0
2020,15,kevin_magnussen,haas,18,17,17,+1 Lap,0.0,56,Bahrain Grand Prix,Sakhir,2020-11-29,conventional,18,0 days 00:01:30.111000,,,0,0,0,0,0.0,17.333333333333332,0.1,56.0,0.0,18.5,0.0,17.5,16,0.0,17.333333333333332,18.0,0.0,0.0,-0.0,0.0,0.6358156756832383,0.0,0.0,0.0,0.0,3.0,0.0
2020,16,kevin_magnussen,haas,15,15,15,Finished,0.0,87,Sakhir Grand Prix,Sakhir,2020-12-06,conventional,16,0 days 00:00:54.705000,,,0,0,0,0,0.0,17.0,0.1,57.0,0.0,18.0,0.0,17.5,18,0.0,17.0,17.0,1.0,1.0,0.0,0.0,0.8694860366786328,0.0,0.0,0.0,0.0,3.0,0.0
2020,17,kevin_magnussen,haas,20,18,18,+1 Lap,0.0,54,Abu Dhabi Grand Prix,Yas Island,2020-12-13,conventional,17,0 days 00:01:37.863000,,,0,0,0,0,0.0,16.666666666666668,0.1,58.0,0.0,18.0,0.0,18.0,16,0.0,16.666666666666668,18.0,1.0,1.0,0.0,0.0,0.0,0.0,0.0,0.0,0.0,3.0,0.0
2022,1,kevin_magnussen,haas,7,5,5,Finished,10.0,57,Bahrain Grand Prix,Sakhir,2022-03-20,conventional,7,0 days 00:01:31.955000,0 days 00:01:31.461000,0 days 00:01:31.808000,10,1,0,0,0.0,17.0,0.1,59.0,5.0,9.5,0.0,19.5,17,0.0,17.0,18.0,11.0,11.0,0.0,1.0,3.541673934739901,9.0,0.0,0.0,0.0,0.0,0.0
2022,2,kevin_magnussen,haas,10,9,9,Finished,2.0,50,Saudi Arabian Grand Prix,Jeddah,2022-03-27,conventional,10,0 days 00:01:29.831000,0 days 00:01:29.546000,0 days 00:01:29.588000,2,1,0,0,3.3333333333333335,13.333333333333334,0.1,60.0,1.0,12.0,1.6666666666666667,16.166666666666668,7,10.0,13.333333333333334,15.0,5.0,5.0,0.0,0.0,3.5057459965693014,2.0,0.0,9.0,0.0,1.0,9.0
2022,3,kevin_magnussen,haas,16,14,14,+1 Lap,0.0,57,Australian Grand Prix,Melbourne,2022-04-10,conventional,17,0 days 00:01:20.254000,,,0,0,0,0,4.0,11.333333333333334,0.0,61.0,0.0,16.0,2.0,13.666666666666666,10,2.0,11.333333333333334,12.0,-5.0,0.0,5.0,0.0,0.0,0.0,0.0,11.0,0.0,2.0,11.0
2022,5,kevin_magnussen,haas,16,16,16,Front wing,0.0,56,Miami Grand Prix,Miami,2022-05-08,conventional,16,0 days 00:01:30.975000,,,0,0,0,0,4.0,11.333333333333334,0.0,62.0,0.0,15.5,2.0,12.5,17,0.0,11.333333333333334,12.0,-4.0,0.0,4.0,0.0,0.05765112576092424,0.0,0.0,11.0,0.0,3.0,11.0
2022,6,kevin_magnussen,haas,8,17,17,+2 Laps,0.0,64,Spanish Grand Prix,Barcelona,2022-05-22,conventional,8,0 days 00:01:20.227000,0 days 00:01:19.810000,0 days 00:01:19.682000,0,0,0,0,0.6666666666666666,14.333333333333334,0.0,63.0,0.0,9.0,0.3333333333333333,14.5,16,0.0,14.333333333333334,14.0,6.0,6.0,0.0,2.0,3.9629961483773766,0.0,2.0,2.0,0.0,3.0,2.0
2022,7,kevin_magnussen,haas,13,20,R,Water pressure,0.0,19,Monaco Grand Prix,Monaco,2022-05-29,conventional,13,0 days 00:01:13.069000,0 days 00:01:12.921000,,0,0,0,0,0.0,13.666666666666666,0.0,64.0,0.0,14.0,0.0,13.5,8,0.0,13.666666666666666,15.0,2.0,2.0,0.0,0.0,1.4331789960412018,0.0,0.0,0.0,2.0,3.0,-2.0
2022,8,kevin_magnussen,haas,16,17,R,Power Unit,0.0,31,Azerbaijan Grand Prix,Baku,2022-06-12,conventional,16,0 days 00:01:44.643000,,,0,0,0,0,0.0,12.333333333333334,0.0,65.0,0.0,18.0,0.0,12.833333333333334,13,0.0,12.333333333333334,11.0,-5.0,0.0,5.0,0.0,0.32173534288578853,0.0,0.0,0.0,2.0,3.0,-2.0
2022,9,kevin_magnussen,haas,5,17,17,Finished,0.0,70,Canadian Grand Prix,Montréal,2022-06-19,conventional,5,0 days 00:01:32.957000,0 days 00:01:26.254000,0 days 00:01:22.960000,0,0,0,0,0.0,12.333333333333334,0.0,66.0,0.0,5.5,0.0,13.666666666666666,16,0.0,12.333333333333334,15.0,10.0,10.0,0.0,8.0,7.1643130074143935,0.0,8.0,0.0,2.0,3.0,-2.0
2022,10,kevin_magnussen,haas,17,10,10,Finished,1.0,52,British Grand Prix,Silverstone,2022-07-03,conventional,17,0 days 00:01:42.159000,,,1,1,0,0,0.0,11.333333333333334,0.0,67.0,2.5,18.0,0.0,12.5,5,0.0,11.333333333333334,10.0,-7.0,0.0,7.0,0.0,0.2178672597585729,1.0,0.0,0.0,8.0,3.0,-8.0
2022,12,kevin_magnussen,haas,20,18,R,Collision damage,0.0,37,French Grand Prix,Le Castellet,2022-07-24,conventional,10,0 days 00:01:32.756000,0 days 00:01:32.649000,,0,0,0,1,0.3333333333333333,12.666666666666666,0.0,68.0,0.0,14.5,0.8333333333333334,13.833333333333334,17,1.0,12.666666666666666,14.0,4.0,4.0,0.0,0.0,1.4241934578115063,0.0,0.0,1.0,8.0,3.0,-7.0
2022,13,kevin_magnussen,haas,13,16,16,+1 Lap,0.0,69,Hungarian Grand Prix,Budapest,2022-07-31,conventional,13,0 days 00:01:18.993000,0 days 00:01:18.825000,,0,0,0,0,0.3333333333333333,10.666666666666666,0.1,69.0,0.0,14.0,0.8333333333333334,12.666666666666666,10,0.0,10.666666666666666,9.0,-4.0,0.0,4.0,0.0,0.11341781692207586,0.0,0.0,1.0,8.0,3.0,-7.0
2022,14,kevin_magnussen,haas,12,16,16,+1 Lap,0.0,43,Belgian Grand Prix,Spa-Francorchamps,2022-08-28,conventional,18,0 days 00:01:46.557000,,,0,0,0,0,0.3333333333333333,13.333333333333334,0.1,70.0,0.0,16.5,0.8333333333333334,15.5,13,0.0,13.333333333333334,14.0,-4.0,0.0,4.0,0.0,0.3335396124834098,0.0,0.0,1.0,0.0,3.0,1.0
2022,15,kevin_magnussen,haas,18,15,15,Finished,0.0,72,Dutch Grand Prix,Zandvoort,2022-09-04,conventional,18,0 days 00:01:12.319000,,,0,0,0,0,0.0,13.666666666666666,0.1,71.0,0.0,13.0,0.0,15.0,18,0.0,13.666666666666666,13.0,-5.0,0.0,5.0,0.0,0.0,0.0,0.0,0.0,0.0,3.0,0.0
2022,16,kevin_magnussen,haas,16,16,16,+1 Lap,0.0,52,Italian Grand Prix,Monza,2022-09-11,conventional,19,0 days 00:01:22.908000,,,0,0,0,0,0.0,16.333333333333332,0.1,72.0,0.0,19.5,0.0,14.5,18,0.0,16.333333333333332,17.0,-2.0,0.0,2.0,0.0,0.0,0.0,0.0,0.0,0.0,3.0,0.0
2022,17,kevin_magnussen,haas,9,12,12,Finished,0.0,59,Singapore Grand Prix,Marina Bay,2022-10-02,conventional,9,0 days 00:01:55.103000,0 days 00:01:54.006000,0 days 00:01:51.573000,0,0,0,0,0.0,18.333333333333332,0.1,73.0,0.0,11.0,0.0,16.333333333333332,19,0.0,18.333333333333332,20.0,11.0,11.0,0.0,0.0,0.0,0.0,0.0,0.0,0.0,3.0,0.0
2022,18,kevin_magnussen,haas,18,14,14,Finished,0.0,28,Japanese Grand Prix,Suzuka,2022-10-09,conventional,18,0 days 00:01:31.352000,,,0,0,0,0,0.0,15.333333333333334,0.1,74.0,0.0,16.5,0.0,14.5,9,0.0,15.333333333333334,18.0,0.0,0.0,-0.0,0.0,0.0,0.0,0.0,0.0,0.0,3.0,0.0
2022,19,kevin_magnussen,haas,13,9,9,Finished,2.0,56,United States Grand Prix,Austin,2022-10-23,conventional,16,0 days 00:01:36.949000,,,2,1,0,0,0.0,15.333333333333334,0.1,75.0,1.0,17.5,0.0,15.666666666666666,18,0.0,15.333333333333334,16.0,0.0,0.0,-0.0,0.0,0.0,2.0,0.0,0.0,0.0,3.0,0.0
2022,20,kevin_magnussen,haas,19,17,17,+1 Lap,0.0,70,Mexico City Grand Prix,Mexico City,2022-10-30,conventional,15,0 days 00:01:20.293000,0 days 00:01:19.833000,,0,0,0,0,0.6666666666666666,14.333333333333334,0.1,76.0,0.0,15.5,0.3333333333333333,15.0,16,2.0,14.333333333333334,15.0,0.0,0.0,-0.0,0.0,0.0,0.0,0.0,2.0,0.0,3.0,2.0
2022,22,kevin_magnussen,haas,16,17,17,+1 Lap,0.0,57,Abu Dhabi Grand Prix,Yas Island,2022-11-20,conventional,16,0 days 00:01:25.834000,,,0,0,0,0,0.6666666666666666,16.333333333333332,0.1,77.0,0.0,14.5,0.3333333333333333,16.5,15,0.0,16.333333333333332,18.0,2.0,2.0,0.0,0.0,0.09616622152395138,0.0,0.0,2.0,0.0,3.0,2.0
2023,1,kevin_magnussen,haas,17,13,13,Lapped,0.0,56,Bahrain Grand Prix,Sakhir,2023-03-05,conventional,17,0 days 00:01:31.892000,,,0,0,0,0,0.6666666666666666,15.666666666666666,0.1,78.0,0.0,13.5,0.3333333333333333,15.833333333333334,16,0.0,15.666666666666666,16.0,-1.0,0.0,1.0,0.0,0.0,0.0,0.0,0.0,0.0,0.0,0.0
2023,2,kevin_magnussen,haas,13,10,10,Finished,1.0,50,Saudi Arabian Grand Prix,Jeddah,2023-03-19,conventional,13,0 days 00:01:29.744000,0 days 00:01:29.634000,,1,1,0,0,0.0,16.0,0.0,79.0,0.5,12.0,0.0,14.5,17,0.0,16.0,16.0,3.0,3.0,0.0,0.0,0.7255345864208413,1.0,0.0,0.0,0.0,1.0,0.0
2023,3,kevin_magnussen,haas,14,17,17,Retired,0.0,52,Australian Grand Prix,Melbourne,2023-04-02,conventional,14,0 days 00:01:18.159000,0 days 00:01:18.129000,,0,0,0,0,0.3333333333333333,15.333333333333334,0.0,80.0,3.0,12.0,0.16666666666666666,13.333333333333334,13,1.0,15.333333333333334,16.0,2.0,2.0,0.0,0.0,0.049625541573380616,0.0,0.0,1.0,0.0,2.0,1.0
2023,5,kevin_magnussen,haas,4,10,10,Finished,1.0,57,Miami Grand Prix,Miami,2023-05-07,conventional,4,0 days 00:01:27.809000,0 days 00:01:27.673000,0 days 00:01:27.767000,1,1,0,0,0.3333333333333333,14.666666666666666,0.0,81.0,0.5,8.0,1.1666666666666667,12.5,14,0.0,14.666666666666666,17.0,13.0,13.0,0.0,4.0,4.397795687868924,0.0,3.0,1.0,0.0,3.0,1.0
2023,6,kevin_magnussen,haas,17,19,19,Retired,0.0,70,Monaco Grand Prix,Monaco,2023-05-28,conventional,17,0 days 00:01:13.270000,,,0,0,0,0,0.6666666666666666,10.333333333333334,0.0,82.0,0.0,17.5,1.3333333333333333,10.666666666666666,4,1.0,10.333333333333334,11.0,-6.0,0.0,6.0,0.0,0.0,0.0,0.0,1.0,3.0,3.0,-2.0
2023,7,kevin_magnussen,haas,17,18,18,Lapped,0.0,65,Spanish Grand Prix,Barcelona,2023-06-04,conventional,17,0 days 00:01:14.042000,,,0,0,0,0,0.3333333333333333,11.666666666666666,0.0,83.0,0.0,12.5,1.1666666666666667,12.5,17,0.0,11.666666666666666,10.0,-7.0,0.0,7.0,0.0,0.0,0.0,0.0,0.0,3.0,3.0,-3.0
2023,8,kevin_magnussen,haas,13,17,17,Lapped,0.0,69,Canadian Grand Prix,Montréal,2023-06-18,conventional,14,0 days 00:01:22.351000,0 days 00:01:21.678000,,0,0,0,0,0.3333333333333333,12.666666666666666,0.0,84.0,0.0,8.0,0.16666666666666666,12.666666666666666,17,0.0,12.666666666666666,12.0,-2.0,0.0,2.0,0.0,0.45017553652658737,0.0,0.0,0.0,3.0,3.0,-3.0
2023,10,kevin_magnussen,haas,19,19,R,Retired,0.0,31,British Grand Prix,Silverstone,2023-07-09,conventional,19,0 days 00:01:32.378000,,,0,0,0,0,0.0,16.0,0.0,85.0,0.0,15.0,0.0,12.666666666666666,14,0.0,16.0,18.0,-1.0,0.0,1.0,0.0,0.04301513173304805,0.0,0.0,0.0,0.0,3.0,0.0
2023,11,kevin_magnussen,haas,19,17,17,Lapped,0.0,69,Hungarian Grand Prix,Budapest,2023-07-23,conventional,19,0 days 00:01:19.206000,,,0,0,0,0,0.0,16.666666666666668,0.0,86.0,0.0,14.5,0.0,11.833333333333334,19,0.0,16.666666666666668,18.0,-1.0,0.0,1.0,0.0,0.15972387573933933,0.0,0.0,0.0,0.0,3.0,0.0
2023,13,kevin_magnussen,haas,0,16,16,Finished,0.0,72,Dutch Grand Prix,Zandvoort,2023-08-27,conventional,18,0 days 00:01:22.192000,,,0,0,0,0,0.0,17.333333333333332,0.0,87.0,0.0,16.5,0.0,12.5,19,0.0,17.333333333333332,18.0,0.0,0.0,-0.0,0.0,0.0,0.0,0.0,0.0,0.0,3.0,0.0
2023,14,kevin_magnussen,haas,19,18,18,Lapped,0.0,50,Italian Grand Prix,Monza,2023-09-03,conventional,19,0 days 00:01:22.592000,,,0,0,0,0,0.0,18.666666666666668,0.0,88.0,0.0,16.0,0.0,15.333333333333334,18,0.0,18.666666666666668,18.0,-1.0,0.0,1.0,0.0,0.0,0.0,0.0,0.0,0.0,3.0,0.0
2023,15,kevin_magnussen,haas,6,10,10,Finished,1.0,62,Singapore Grand Prix,Marina Bay,2023-09-17,conventional,6,0 days 00:01:32.242000,0 days 00:01:31.892000,0 days 00:01:31.575000,1,1,0,0,0.0,18.666666666666668,0.0,89.0,0.5,7.5,0.0,15.666666666666666,19,0.0,18.666666666666668,20.0,14.0,14.0,0.0,0.0,2.7566200521462902,1.0,0.0,0.0,0.0,3.0,0.0
2023,16,kevin_magnussen,haas,15,15,15,Lapped,0.0,52,Japanese Grand Prix,Suzuka,2023-09-24,conventional,15,0 days 00:01:30.976000,0 days 00:01:30.665000,,0,0,0,0,0.3333333333333333,14.333333333333334,0.0,90.0,0.0,16.5,0.16666666666666666,13.333333333333334,6,1.0,14.333333333333334,14.0,-1.0,0.0,1.0,0.0,0.0,0.0,0.0,1.0,0.0,3.0,1.0
2023,19,kevin_magnussen,haas,16,19,R,Accident,0.0,31,Mexico City Grand Prix,Mexico City,2023-10-29,conventional,17,0 days 00:01:19.163000,,,0,0,0,1,0.3333333333333333,13.333333333333334,0.0,91.0,0.0,14.5,0.16666666666666666,13.333333333333334,15,0.0,13.333333333333334,14.0,-3.0,0.0,3.0,0.0,0.0,0.0,0.0,1.0,0.0,3.0,1.0
2023,21,kevin_magnussen,haas,8,13,13,Finished,0.0,50,Las Vegas Grand Prix,Las Vegas,2023-11-18,conventional,9,0 days 00:01:34.337000,0 days 00:01:33.664000,0 days 00:01:33.537000,0,0,0,0,0.3333333333333333,12.666666666666666,0.1,92.0,0.0,11.0,0.16666666666666666,12.833333333333334,17,0.0,12.666666666666666,12.0,3.0,3.0,0.0,0.0,2.0035150934311945,0.0,0.0,1.0,0.0,3.0,1.0
2023,22,kevin_magnussen,haas,17,20,20,Lapped,0.0,57,Abu Dhabi Grand Prix,Yas Island,2023-11-26,conventional,17,0 days 00:01:24.764000,,,0,0,0,0,0.0,13.666666666666666,0.1,93.0,0.0,12.5,0.0,14.0,9,0.0,13.666666666666666,14.0,-3.0,0.0,3.0,0.0,0.0,0.0,0.0,0.0,0.0,3.0,0.0
2024,1,kevin_magnussen,haas,15,12,12,Lapped,0.0,56,Bahrain Grand Prix,Sakhir,2024-03-02,conventional,15,0 days 00:01:30.646000,0 days 00:01:30.529000,,0,0,0,0,0.0,14.333333333333334,0.1,94.0,0.0,12.5,0.0,12.666666666666666,17,0.0,14.333333333333334,14.0,-1.0,0.0,1.0,0.0,0.9319857228151962,0.0,0.0,0.0,0.0,0.0,0.0
2024,2,kevin_magnussen,haas,13,12,12,Finished,0.0,50,Saudi Arabian Grand Prix,Jeddah,2024-03-09,conventional,13,0 days 00:01:29.069000,0 days 00:01:29.020000,,0,0,0,0,0.0,13.666666666666666,0.1,95.0,0.5,14.0,0.0,12.0,15,0.0,13.666666666666666,14.0,1.0,1.0,0.0,0.0,0.0,0.0,0.0,0.0,0.0,1.0,0.0
2024,3,kevin_magnussen,haas,14,10,10,Lapped,1.0,57,Australian Grand Prix,Melbourne,2024-03-24,conventional,14,0 days 00:01:17.709000,0 days 00:01:17.427000,,1,1,0,0,0.0,15.0,0.1,96.0,1.5,15.0,0.16666666666666666,13.0,13,0.0,15.0,15.0,1.0,1.0,0.0,0.0,0.0,1.0,0.0,0.0,0.0,2.0,0.0
2024,4,kevin_magnussen,haas,18,13,13,Lapped,0.0,52,Japanese Grand Prix,Suzuka,2024-04-07,conventional,18,0 days 00:01:30.131000,,,0,0,0,0,0.3333333333333333,14.0,0.1,97.0,0.0,15.0,0.6666666666666666,13.833333333333334,14,1.0,14.0,14.0,-4.0,0.0,4.0,0.0,0.0,0.0,0.0,1.0,0.0,3.0,1.0
2024,7,kevin_magnussen,haas,18,12,12,Lapped,0.0,62,Emilia Romagna Grand Prix,Imola,2024-05-19,conventional,18,0 days 00:01:16.854000,,,0,0,0,0,0.3333333333333333,15.0,0.1,98.0,0.0,14.0,0.6666666666666666,14.666666666666666,18,0.0,15.0,16.0,-2.0,0.0,2.0,0.0,0.0,0.0,0.0,1.0,0.0,3.0,1.0
2024,8,kevin_magnussen,haas,20,20,R,Retired,0.0,0,Monaco Grand Prix,Monaco,2024-05-26,conventional,15,0 days 00:01:11.832000,0 days 00:01:11.725000,,0,0,0,0,0.3333333333333333,16.666666666666668,0.1,99.0,0.0,14.5,0.5,14.666666666666666,18,0.0,16.666666666666668,18.0,3.0,3.0,0.0,0.0,0.0,0.0,0.0,1.0,0.0,3.0,1.0
2024,9,kevin_magnussen,haas,14,12,12,Finished,0.0,70,Canadian Grand Prix,Montréal,2024-06-09,conventional,14,0 days 00:01:13.217000,0 days 00:01:12.916000,,0,0,0,0,0.0,17.0,0.1,100.0,0.0,16.5,0.0,14.5,15,0.0,17.0,18.0,4.0,4.0,0.0,0.0,0.0,0.0,0.0,0.0,0.0,3.0,0.0
2024,10,kevin_magnussen,haas,16,17,17,Lapped,0.0,65,Spanish Grand Prix,Barcelona,2024-06-23,conventional,16,0 days 00:01:12.937000,,,0,0,0,0,0.0,15.666666666666666,0.1,101.0,0.0,14.5,0.0,15.0,14,0.0,15.666666666666666,17.0,1.0,1.0,0.0,0.0,0.0,0.0,0.0,0.0,0.0,3.0,0.0
2024,12,kevin_magnussen,haas,17,12,12,Finished,0.0,52,British Grand Prix,Silverstone,2024-07-07,conventional,17,0 days 00:01:32.905000,,,0,0,0,0,0.0,15.0,0.0,102.0,4.0,11.5,0.0,15.166666666666666,16,0.0,15.0,15.0,-2.0,0.0,2.0,0.0,0.0,0.0,0.0,0.0,0.0,3.0,0.0
2024,13,kevin_magnussen,haas,15,15,15,Lapped,0.0,69,Hungarian Grand Prix,Budapest,2024-07-21,conventional,15,0 days 00:01:17.851000,0 days 00:01:16.548000,,0,0,0,0,0.0,15.666666666666666,0.0,103.0,0.0,13.0,1.3333333333333333,14.166666666666666,17,0.0,15.666666666666666,19.0,4.0,4.0,0.0,0.0,0.0,0.0,0.0,0.0,0.0,3.0,0.0
2024,14,kevin_magnussen,haas,17,14,14,Finished,0.0,44,Belgian Grand Prix,Spa-Francorchamps,2024-07-28,conventional,17,0 days 00:01:56.500000,,,0,0,0,0,0.0,16.0,0.0,104.0,0.0,16.5,1.3333333333333333,13.0,15,0.0,16.0,20.0,3.0,3.0,0.0,0.0,0.0,0.0,0.0,0.0,0.0,3.0,0.0
2024,15,kevin_magnussen,haas,20,18,18,Lapped,0.0,71,Dutch Grand Prix,Zandvoort,2024-08-25,conventional,14,0 days 00:01:11.630000,0 days 00:01:11.295000,,0,0,0,0,0.0,16.333333333333332,0.0,105.0,0.0,13.5,1.3333333333333333,13.666666666666666,17,0.0,16.333333333333332,19.0,5.0,5.0,0.0,0.0,0.0,0.0,0.0,0.0,0.0,3.0,0.0
2024,16,kevin_magnussen,haas,13,10,10,Finished,1.0,53,Italian Grand Prix,Monza,2024-09-01,conventional,13,0 days 00:01:20.856000,0 days 00:01:20.698000,,1,1,0,0,0.0,15.333333333333334,0.0,106.0,0.5,11.5,0.0,14.333333333333334,14,0.0,15.333333333333334,18.0,5.0,5.0,0.0,0.0,0.7796350763797442,1.0,0.0,0.0,0.0,3.0,0.0
2024,18,kevin_magnussen,haas,14,19,19,Retired,0.0,57,Singapore Grand Prix,Marina Bay,2024-09-22,conventional,14,0 days 00:01:30.829000,0 days 00:01:30.653000,,0,0,0,0,0.3333333333333333,14.666666666666666,0.0,107.0,1.0,10.0,0.3333333333333333,12.333333333333334,13,1.0,14.666666666666666,17.0,3.0,3.0,0.0,0.0,0.33596528161417893,0.0,0.0,1.0,0.0,3.0,1.0
2024,20,kevin_magnussen,haas,7,7,7,Finished,6.0,71,Mexico City Grand Prix,Mexico City,2024-10-27,conventional,7,0 days 00:01:17.125000,0 days 00:01:17.003000,0 days 00:01:16.886000,6,1,0,0,0.3333333333333333,13.666666666666666,0.0,108.0,4.0,8.5,0.6666666666666666,11.166666666666666,14,0.0,13.666666666666666,15.0,8.0,8.0,0.0,4.0,2.9496267772283753,2.0,0.0,1.0,0.0,3.0,1.0
2024,22,kevin_magnussen,haas,12,12,12,Finished,0.0,50,Las Vegas Grand Prix,Las Vegas,2024-11-23,conventional,12,0 days 00:01:33.991000,0 days 00:01:33.297000,,0,0,0,0,2.3333333333333335,11.333333333333334,0.0,109.0,2.0,10.5,1.8333333333333333,10.166666666666666,7,6.0,11.333333333333334,13.0,1.0,1.0,0.0,0.0,0.8986085901862406,0.0,0.0,3.0,0.0,3.0,3.0
2024,24,kevin_magnussen,haas,14,16,16,Lapped,0.0,57,Abu Dhabi Grand Prix,Yas Island,2024-12-08,conventional,15,0 days 00:01:23.632000,0 days 00:01:23.877000,,0,0,0,0,2.0,11.0,0.0,110.0,2.0,9.5,2.3333333333333335,9.666666666666666,12,0.0,11.0,11.0,-4.0,0.0,4.0,0.0,0.0,0.0,0.0,2.0,0.0,3.0,2.0
2019,1,kubica,williams,20,17,17,+3 Laps,0.0,55,Australian Grand Prix,Melbourne,2019-03-17,conventional,20,0 days 00:01:26.067000,,,0,0,0,0,,,,0.0,0.0,19.5,0.0,18.666666666666668,,,,,,,,,,,,0.0,0.0,0.0,0.0
2019,2,kubica,williams,20,16,16,+2 Laps,0.0,55,Bahrain Grand Prix,Sakhir,2019-03-31,conventional,20,0 days 00:01:31.799000,,,0,0,0,0,0.0,20.0,0.0,1.0,0.0,19.5,0.0,18.666666666666668,20,0.0,,,,,,,,,,0.0,0.0,0.0,0.0
2019,3,kubica,williams,18,17,17,+2 Laps,0.0,54,Chinese Grand Prix,Shanghai,2019-04-14,conventional,18,0 days 00:01:35.281000,,,0,0,0,0,0.0,20.0,0.0,2.0,0.0,17.5,0.0,19.5,20,0.0,,,,,,,,,,0.0,0.0,0.0,0.0
2019,4,kubica,williams,0,16,16,+2 Laps,0.0,49,Azerbaijan Grand Prix,Baku,2019-04-28,conventional,18,0 days 00:01:45.455000,,,0,0,0,0,0.0,19.333333333333332,0.0,3.0,0.0,17.5,0.0,18.833333333333332,18,0.0,,,,,,,,,,0.0,0.0,0.0,0.0
2019,5,kubica,williams,17,18,18,+1 Lap,0.0,65,Spanish Grand Prix,Barcelona,2019-05-12,conventional,20,0 days 00:01:20.254000,,,0,0,0,0,0.0,18.666666666666668,0.0,4.0,0.0,19.5,0.0,18.166666666666668,18,0.0,,,,,,,,,,0.0,0.0,0.0,0.0
2019,6,kubica,williams,20,18,18,+1 Lap,0.0,77,Monaco Grand Prix,Monte Carlo,2019-05-26,conventional,20,0 days 00:01:13.751000,,,0,0,0,0,0.0,18.666666666666668,0.0,5.0,0.0,19.5,0.0,18.166666666666668,20,0.0,,,,,,,,,,0.0,0.0,0.0,0.0
2019,7,kubica,williams,19,18,18,+3 Laps,0.0,67,Canadian Grand Prix,Montréal,2019-06-09,conventional,20,0 days 00:01:14.393000,,,0,0,0,0,0.0,19.333333333333332,0.0,6.0,0.0,19.5,0.0,18.833333333333332,20,0.0,,,,,,,,,,0.0,0.0,0.0,0.0
2019,8,kubica,williams,18,18,18,+2 Laps,0.0,51,French Grand Prix,Le Castellet,2019-06-23,conventional,20,0 days 00:01:33.205000,,,0,0,0,0,0.0,20.0,0.0,7.0,0.0,19.5,0.0,19.5,20,0.0,,,,,,,,,,0.0,0.0,0.0,0.0
2019,9,kubica,williams,17,20,20,+3 Laps,0.0,68,Austrian Grand Prix,Spielberg,2019-06-30,conventional,20,0 days 00:01:06.206000,,,0,0,0,0,0.0,20.0,0.0,8.0,0.0,19.5,0.0,19.5,20,0.0,,,,,,,,,,0.0,0.0,0.0,0.0
2019,10,kubica,williams,20,15,15,+1 Lap,0.0,51,British Grand Prix,Silverstone,2019-07-14,conventional,20,0 days 00:01:28.257000,,,0,0,0,0,0.0,20.0,0.0,9.0,0.0,19.5,0.0,19.5,20,0.0,,,,,,,,,,0.0,0.0,0.0,0.0
2019,11,kubica,williams,18,10,10,Finished,1.0,64,German Grand Prix,Hockenheim,2019-07-28,conventional,19,0 days 00:01:14.839000,,,1,1,0,0,0.0,20.0,0.0,10.0,0.5,18.5,0.0,19.5,20,0.0,,,,,,,,,,0.0,0.0,0.0,0.0
2019,12,kubica,williams,19,19,19,+3 Laps,0.0,67,Hungarian Grand Prix,Budapest,2019-08-04,conventional,20,0 days 00:01:18.324000,,,0,0,0,0,0.3333333333333333,19.666666666666668,0.0,11.0,0.0,18.0,0.16666666666666666,19.166666666666668,19,1.0,,,,,,,,,,0.0,0.0,0.0,0.0
2019,13,kubica,williams,0,17,17,+1 Lap,0.0,43,Belgian Grand Prix,Spa-Francorchamps,2019-09-01,conventional,20,,,,0,0,0,0,0.3333333333333333,19.666666666666668,0.0,12.0,0.0,19.5,0.16666666666666666,18.666666666666668,20,0.0,,,,,,,,,,0.0,0.0,0.0,0.0
2019,14,kubica,williams,15,17,17,+2 Laps,0.0,51,Italian Grand Prix,Monza,2019-09-08,conventional,19,0 days 00:01:22.356000,,,0,0,0,0,0.3333333333333333,19.666666666666668,0.0,13.0,0.0,18.5,0.16666666666666666,18.666666666666668,20,0.0,,,,,,,,,,0.0,0.0,0.0,0.0
2019,15,kubica,williams,19,16,16,Finished,0.0,61,Singapore Grand Prix,Singapore,2019-09-22,conventional,19,0 days 00:01:41.186000,,,0,0,0,0,0.0,19.666666666666668,0.0,14.0,0.0,18.5,0.0,18.666666666666668,19,0.0,,,,,,,,,,0.0,0.0,0.0,0.0
2019,16,kubica,williams,18,16,R,Brakes,0.0,28,Russian Grand Prix,Sochi,2019-09-29,conventional,18,0 days 00:01:36.474000,,,0,0,0,0,0.0,19.333333333333332,0.0,15.0,0.0,17.5,0.0,18.833333333333332,19,0.0,,,,,,,,,,0.0,0.0,0.0,0.0
2019,17,kubica,williams,0,17,17,+2 Laps,0.0,50,Japanese Grand Prix,Suzuka,2019-10-13,conventional,20,,,,0,0,0,0,0.0,18.666666666666668,0.0,16.0,0.0,19.0,0.0,18.166666666666668,18,0.0,,,,,,,,,,0.0,0.0,0.0,0.0
2019,18,kubica,williams,20,18,18,+2 Laps,0.0,69,Mexican Grand Prix,Mexico City,2019-10-27,conventional,20,0 days 00:01:20.179000,,,0,0,0,0,0.0,19.0,0.0,17.0,0.0,19.5,0.0,18.333333333333332,20,0.0,,,,,,,,,,0.0,0.0,0.0,0.0
2019,19,kubica,williams,19,19,R,Oil leak,0.0,31,United States Grand Prix,Austin,2019-11-03,conventional,20,0 days 00:01:35.889000,,,0,0,0,0,0.0,19.333333333333332,0.0,18.0,0.0,19.0,0.0,18.666666666666668,20,0.0,,,,,,,,,,0.0,0.0,0.0,0.0
2019,20,kubica,williams,19,16,16,+1 Lap,0.0,70,Brazilian Grand Prix,São Paulo,2019-11-17,conventional,19,0 days 00:01:10.614000,,,0,0,0,0,0.0,20.0,0.0,19.0,0.0,18.5,0.0,19.166666666666668,20,0.0,,,,,,,,,,0.0,0.0,0.0,0.0
2019,21,kubica,williams,19,19,19,+2 Laps,0.0,53,Abu Dhabi Grand Prix,Yas Island,2019-12-01,conventional,20,0 days 00:01:39.236000,,,0,0,0,0,0.0,19.666666666666668,0.0,20.0,0.0,19.5,0.0,19.0,19,0.0,,,,,,,,,,0.0,0.0,0.0,0.0
2021,13,kubica,alfa,16,15,15,+2 Laps,0.0,70,Dutch Grand Prix,Zandvoort,2021-09-05,conventional,18,0 days 00:01:11.301000,,,0,0,0,0,0.0,19.666666666666668,0.0,21.0,0.0,12.5,0.16666666666666666,15.5,20,0.0,19.666666666666668,19.0,1.0,1.0,0.0,0.0,0.4546751003938265,0.0,0.0,0.0,0.0,0.0,0.0
2019,1,kvyat,toro_rosso,15,10,10,+1 Lap,1.0,57,Australian Grand Prix,Melbourne,2019-03-17,conventional,15,0 days 00:01:22.511000,0 days 00:01:22.774000,,1,1,0,0,,,,0.0,0.5,14.0,0.16666666666666666,14.833333333333334,,,,,,,,,,,,0.0,0.0,0.0,0.0
2019,2,kvyat,toro_rosso,15,12,12,+1 Lap,0.0,56,Bahrain Grand Prix,Sakhir,2019-03-31,conventional,15,0 days 00:01:29.876000,0 days 00:01:29.854000,,0,0,0,0,1.0,15.0,0.0,1.0,1.0,13.5,0.16666666666666666,14.666666666666666,15,1.0,,,,,,,,,,0.0,0.0,0.0,0.0
2019,3,kvyat,toro_rosso,11,19,R,Collision,0.0,41,Chinese Grand Prix,Shanghai,2019-04-14,conventional,11,0 days 00:01:33.783000,0 days 00:01:33.236000,,0,0,0,1,0.5,15.0,0.0,2.0,0.0,11.0,0.5,14.666666666666666,15,0.0,,,,,,,,,,0.0,0.0,0.0,0.0
2019,4,kvyat,toro_rosso,6,19,R,Collision,0.0,33,Azerbaijan Grand Prix,Baku,2019-04-28,conventional,6,0 days 00:01:42.324000,0 days 00:01:42.221000,0 days 00:01:41.681000,0,0,0,1,0.3333333333333333,13.666666666666666,0.3333333333333333,3.0,0.0,9.0,0.5,12.833333333333334,11,0.0,,,,,,,,,,0.0,0.0,0.0,0.0
2019,5,kvyat,toro_rosso,9,9,9,Finished,2.0,66,Spanish Grand Prix,Barcelona,2019-05-12,conventional,9,0 days 00:01:17.914000,0 days 00:01:17.243000,0 days 00:01:17.573000,2,1,0,0,0.0,10.666666666666666,0.5,4.0,1.0,10.5,0.3333333333333333,11.166666666666666,6,0.0,,,,,,,,,,0.0,0.0,0.0,0.0
2019,6,kvyat,toro_rosso,7,7,7,Finished,6.0,78,Monaco Grand Prix,Monte Carlo,2019-05-26,conventional,8,0 days 00:01:11.602000,0 days 00:01:11.412000,0 days 00:01:11.271000,6,1,0,0,0.6666666666666666,8.666666666666666,0.4,5.0,5.0,9.0,0.3333333333333333,10.166666666666666,9,2.0,,,,,,,,,,0.0,0.0,0.0,0.0
2019,7,kvyat,toro_rosso,10,10,10,+1 Lap,1.0,69,Canadian Grand Prix,Montréal,2019-06-09,conventional,12,0 days 00:01:11.965000,0 days 00:01:11.921000,,1,1,0,0,2.6666666666666665,7.666666666666667,0.3333333333333333,6.0,0.5,13.0,2.0,9.5,8,6.0,,,,,,,,,,0.0,0.0,0.0,0.0
2019,8,kvyat,toro_rosso,19,14,14,+1 Lap,0.0,52,French Grand Prix,Le Castellet,2019-06-23,conventional,16,0 days 00:01:31.564000,,,0,0,0,0,3.0,9.666666666666666,0.2857142857142857,7.0,0.0,13.5,2.1666666666666665,10.833333333333334,12,1.0,,,,,,,,,,0.0,0.0,0.0,0.0
2019,9,kvyat,toro_rosso,16,17,17,+1 Lap,0.0,70,Austrian Grand Prix,Spielberg,2019-06-30,conventional,18,0 days 00:01:05.324000,,,0,0,0,0,2.3333333333333335,12.0,0.25,8.0,0.0,15.5,1.8333333333333333,11.833333333333334,16,0.0,,,,,,,,,,0.0,0.0,0.0,0.0
2019,10,kvyat,toro_rosso,17,9,9,Finished,2.0,52,British Grand Prix,Silverstone,2019-07-14,conventional,17,0 days 00:01:26.721000,,,2,1,0,0,0.3333333333333333,15.333333333333334,0.2222222222222222,9.0,1.0,13.0,0.16666666666666666,14.0,18,0.0,,,,,,,,,,0.0,0.0,0.0,0.0
2019,11,kvyat,toro_rosso,14,3,3,Finished,15.0,64,German Grand Prix,Hockenheim,2019-07-28,conventional,14,0 days 00:01:13.278000,0 days 00:01:13.135000,,15,1,1,0,0.6666666666666666,17.0,0.2,10.0,11.5,15.5,0.3333333333333333,14.0,17,2.0,,,,,,,,,,0.0,0.0,0.0,0.0
2019,12,kvyat,toro_rosso,13,15,15,+2 Laps,0.0,68,Hungarian Grand Prix,Budapest,2019-08-04,conventional,13,0 days 00:01:16.750000,0 days 00:01:16.692000,,0,0,0,0,5.666666666666667,16.333333333333332,0.2,11.0,0.5,12.5,4.166666666666667,14.666666666666666,14,15.0,,,,,,,,,,0.0,0.0,0.0,0.0
2019,13,kvyat,toro_rosso,19,7,7,Finished,6.0,44,Belgian Grand Prix,Spa-Francorchamps,2019-09-01,conventional,18,0 days 00:01:46.518000,,,6,1,0,0,5.666666666666667,14.666666666666666,0.2,12.0,4.0,17.0,4.333333333333333,13.666666666666666,13,0.0,,,,,,,,,,0.0,0.0,0.0,0.0
2019,14,kvyat,toro_rosso,12,19,R,Engine,0.0,29,Italian Grand Prix,Monza,2019-09-08,conventional,13,0 days 00:01:20.723000,0 days 00:01:20.630000,,0,0,0,0,7.0,15.0,0.1,13.0,0.0,14.0,5.333333333333333,15.0,18,6.0,,,,,,,,,,0.0,0.0,0.0,0.0
2019,15,kvyat,toro_rosso,14,15,15,Finished,0.0,61,Singapore Grand Prix,Singapore,2019-09-22,conventional,15,0 days 00:01:39.957000,,,0,0,0,0,2.0,14.666666666666666,0.0,14.0,2.0,13.5,1.5,14.5,13,0.0,,,,,,,,,,0.0,0.0,0.0,0.0
2019,16,kvyat,toro_rosso,19,12,12,Finished,0.0,53,Russian Grand Prix,Sochi,2019-09-29,conventional,20,0 days 00:01:39.544000,,,0,0,0,0,2.0,15.333333333333334,0.0,15.0,0.0,15.5,2.0,14.833333333333334,15,0.0,,,,,,,,,,0.0,0.0,0.0,0.0
2019,17,kvyat,toro_rosso,14,10,10,+1 Lap,1.0,51,Japanese Grand Prix,Suzuka,2019-10-13,conventional,14,0 days 00:01:29.723000,0 days 00:01:29.563000,,1,1,0,0,0.0,16.0,0.0,16.0,3.5,11.5,0.6666666666666666,14.333333333333334,20,0.0,,,,,,,,,,0.0,0.0,0.0,0.0
2019,18,kvyat,toro_rosso,9,11,11,+1 Lap,0.0,70,Mexican Grand Prix,Mexico City,2019-10-27,conventional,9,0 days 00:01:17.041000,0 days 00:01:16.657000,0 days 00:01:16.469000,0,0,0,0,0.3333333333333333,16.333333333333332,0.0,17.0,1.0,9.5,1.8333333333333333,13.5,14,1.0,,,,,,,,,,0.0,0.0,0.0,0.0
2019,19,kvyat,toro_rosso,13,12,12,+1 Lap,0.0,55,United States Grand Prix,Austin,2019-11-03,conventional,13,0 days 00:01:34.138000,0 days 00:01:33.989000,,0,0,0,0,0.3333333333333333,14.333333333333334,0.0,18.0,0.0,11.5,1.5,12.166666666666666,9,0.0,,,,,,,,,,0.0,0.0,0.0,0.0
2019,20,kvyat,toro_rosso,16,10,10,Finished,1.0,71,Brazilian Grand Prix,São Paulo,2019-11-17,conventional,16,0 days 00:01:09.320000,,,1,1,0,0,0.3333333333333333,12.0,0.0,19.0,9.5,11.5,1.5,10.833333333333334,13,0.0,,,,,,,,,,0.0,0.0,0.0,0.0
2019,21,kvyat,toro_rosso,13,9,9,+1 Lap,2.0,54,Abu Dhabi Grand Prix,Yas Island,2019-12-01,conventional,14,0 days 00:01:37.683000,0 days 00:01:37.141000,,2,1,0,0,0.3333333333333333,12.666666666666666,0.0,20.0,1.0,13.0,3.5,10.833333333333334,16,1.0,,,,,,,,,,0.0,0.0,0.0,0.0
2020,1,kvyat,alphatauri,13,12,12,Suspension,0.0,69,Austrian Grand Prix,Spielberg,2020-07-05,conventional,13,0 days 00:01:05.031000,0 days 00:01:04.431000,,0,0,0,0,1.0,14.333333333333334,0.0,21.0,3.0,12.5,,,14,2.0,,,,,,,,,,0.0,0.0,0.0,0.0
2020,2,kvyat,alphatauri,13,10,10,+1 Lap,1.0,70,Styrian Grand Prix,Spielberg,2020-07-12,conventional,14,0 days 00:01:19.824000,0 days 00:01:19.717000,,1,1,0,0,1.0,14.333333333333334,0.0,22.0,0.5,11.0,3.0,12.5,13,0.0,14.333333333333334,16.0,2.0,2.0,0.0,0.0,2.4896479266729106,1.0,0.0,0.0,0.0,0.0,0.0
2020,3,kvyat,alphatauri,17,12,12,+1 Lap,0.0,69,Hungarian Grand Prix,Budapest,2020-07-19,conventional,17,0 days 00:01:16.204000,,,0,0,0,0,1.0,13.666666666666666,0.0,23.0,0.0,13.5,1.75,11.75,14,1.0,13.666666666666666,14.0,-3.0,0.0,3.0,0.0,0.011879572353046264,0.0,0.0,1.0,0.0,1.0,1.0
2020,4,kvyat,alphatauri,19,18,R,Accident,0.0,11,British Grand Prix,Silverstone,2020-08-02,conventional,14,0 days 00:01:26.774000,0 days 00:01:26.744000,,0,0,0,1,0.3333333333333333,14.666666666666666,0.0,24.0,3.0,12.5,1.1666666666666667,12.333333333333334,17,0.0,14.666666666666666,15.0,1.0,1.0,0.0,0.0,0.37976903165373077,0.0,0.0,1.0,0.0,2.0,1.0
2020,5,kvyat,alphatauri,16,10,10,Finished,1.0,52,70th Anniversary Grand Prix,Silverstone,2020-08-09,conventional,16,0 days 00:01:27.882000,,,1,1,0,0,0.3333333333333333,15.0,0.1,25.0,0.5,11.5,1.1666666666666667,12.333333333333334,14,0.0,15.0,15.0,-1.0,0.0,1.0,0.0,0.25606293791969037,1.0,0.0,1.0,0.0,3.0,1.0
2020,6,kvyat,alphatauri,12,12,12,+1 Lap,0.0,65,Spanish Grand Prix,Barcelona,2020-08-16,conventional,12,0 days 00:01:17.676000,0 days 00:01:17.192000,,0,0,0,0,0.3333333333333333,15.666666666666666,0.1,26.0,1.0,11.0,1.1666666666666667,12.5,16,1.0,15.666666666666666,15.0,3.0,3.0,0.0,0.0,0.879344264446452,0.0,0.0,1.0,0.0,3.0,1.0
2020,7,kvyat,alphatauri,11,11,11,Finished,0.0,44,Belgian Grand Prix,Spa-Francorchamps,2020-08-30,conventional,11,0 days 00:01:43.267000,0 days 00:01:42.730000,,0,0,0,0,0.3333333333333333,14.0,0.1,27.0,2.0,11.5,1.5,11.666666666666666,12,0.0,14.0,14.0,3.0,3.0,0.0,0.0,1.7746112817285833,0.0,0.0,1.0,0.0,3.0,1.0
2020,8,kvyat,alphatauri,11,9,9,Finished,2.0,53,Italian Grand Prix,Monza,2020-09-06,conventional,11,0 days 00:01:20.307000,0 days 00:01:20.169000,,2,1,0,0,0.3333333333333333,13.0,0.1,28.0,13.5,10.5,1.1666666666666667,11.333333333333334,11,0.0,13.0,14.0,3.0,3.0,0.0,0.0,1.999419285996916,2.0,0.0,1.0,0.0,3.0,1.0
2020,9,kvyat,alphatauri,12,7,7,Finished,6.0,59,Tuscan Grand Prix,Mugello,2020-09-13,conventional,12,0 days 00:01:16.928000,0 days 00:01:16.854000,,6,1,0,0,0.6666666666666666,11.333333333333334,0.1,29.0,3.0,14.0,5.5,11.0,11,2.0,11.333333333333334,12.0,0.0,0.0,-0.0,0.0,1.7886641050071894,6.0,0.0,2.0,0.0,3.0,2.0
2020,10,kvyat,alphatauri,11,8,8,Finished,4.0,53,Russian Grand Prix,Sochi,2020-09-27,conventional,12,0 days 00:01:33.511000,0 days 00:01:33.249000,,4,1,0,0,2.6666666666666665,11.333333333333334,0.1,30.0,3.0,10.5,6.166666666666667,12.0,12,6.0,11.333333333333334,12.0,0.0,0.0,-0.0,0.0,3.134703697472607,4.0,0.0,8.0,0.0,3.0,8.0
2020,11,kvyat,alphatauri,13,15,15,Finished,0.0,60,Eifel Grand Prix,Nürburgring,2020-10-11,conventional,13,0 days 00:01:27.285000,0 days 00:01:26.848000,,0,0,0,0,4.0,11.666666666666666,0.1,31.0,4.0,12.5,6.5,11.666666666666666,12,4.0,11.666666666666666,13.0,0.0,0.0,-0.0,0.0,2.6261811250884723,0.0,0.0,12.0,0.0,3.0,12.0
2020,12,kvyat,alphatauri,13,19,19,+2 Laps,0.0,64,Portuguese Grand Prix,Portimão,2020-10-25,conventional,13,0 days 00:01:17.841000,0 days 00:01:17.728000,,0,0,0,0,3.3333333333333335,12.333333333333334,0.1,32.0,5.0,11.0,3.3333333333333335,12.333333333333334,13,0.0,12.333333333333334,13.0,0.0,0.0,-0.0,0.0,2.1114025266329284,0.0,0.0,10.0,0.0,3.0,10.0
2020,13,kvyat,alphatauri,8,4,4,Finished,12.0,63,Emilia Romagna Grand Prix,Imola,2020-11-01,conventional,8,0 days 00:01:15.412000,0 days 00:01:15.022000,0 days 00:01:14.696000,12,1,0,0,1.3333333333333333,12.666666666666666,0.1,33.0,6.0,6.0,4.0,11.333333333333334,13,0.0,12.666666666666666,13.0,5.0,5.0,0.0,1.0,2.7419956480257768,11.0,0.0,4.0,0.0,3.0,4.0
2020,14,kvyat,alphatauri,16,12,12,+1 Lap,0.0,57,Turkish Grand Prix,Istanbul,2020-11-15,conventional,17,0 days 00:02:09.070000,,,0,0,0,0,4.0,11.333333333333334,0.1,34.0,0.0,16.0,5.0,9.833333333333334,8,12.0,11.333333333333334,12.0,-5.0,0.0,5.0,0.0,1.2095800069016,0.0,0.0,11.0,0.0,3.0,11.0
2020,15,kvyat,alphatauri,10,11,11,+1 Lap,0.0,56,Bahrain Grand Prix,Sakhir,2020-11-29,conventional,10,0 days 00:01:29.158000,0 days 00:01:28.944000,0 days 00:01:28.618000,0,0,0,0,4.0,12.666666666666666,0.0,35.0,4.0,9.0,3.6666666666666665,11.0,17,0.0,12.666666666666666,13.0,3.0,3.0,0.0,0.0,2.032330927457067,0.0,0.0,11.0,0.0,3.0,11.0
2020,16,kvyat,alphatauri,6,7,7,Finished,6.0,87,Sakhir Grand Prix,Sakhir,2020-12-06,conventional,6,0 days 00:00:54.346000,0 days 00:00:53.856000,0 days 00:00:53.906000,6,1,0,0,4.0,11.666666666666666,0.0,36.0,3.0,7.5,3.3333333333333335,10.333333333333334,10,0.0,11.666666666666666,11.0,5.0,5.0,0.0,0.0,2.453122899916522,6.0,0.0,11.0,0.0,3.0,11.0
2020,17,kvyat,alphatauri,7,11,11,+1 Lap,0.0,54,Abu Dhabi Grand Prix,Yas Island,2020-12-13,conventional,7,0 days 00:01:36.459000,0 days 00:01:36.214000,0 days 00:01:35.963000,0,0,0,0,2.0,11.0,0.0,37.0,2.0,8.5,2.3333333333333335,10.833333333333334,6,6.0,11.0,11.0,4.0,4.0,0.0,0.0,3.942446297393098,0.0,0.0,6.0,0.0,3.0,6.0
2020,1,latifi,williams,20,11,11,Finished,0.0,71,Austrian Grand Prix,Spielberg,2020-07-05,conventional,20,0 days 00:01:05.757000,,,0,0,0,0,,,,0.0,0.0,18.5,0.0,19.0,,,,,,,,,,,,0.0,0.0,0.0,0.0
2020,2,latifi,williams,18,17,17,+2 Laps,0.0,69,Styrian Grand Prix,Spielberg,2020-07-12,conventional,18,0 days 00:01:21.759000,,,0,0,0,0,0.0,20.0,0.0,1.0,0.0,15.0,0.0,18.833333333333332,20,0.0,20.0,20.0,2.0,2.0,0.0,0.0,1.348527842003993,0.0,0.0,0.0,0.0,0.0,0.0
2020,3,latifi,williams,15,19,19,+5 Laps,0.0,65,Hungarian Grand Prix,Budapest,2020-07-19,conventional,15,0 days 00:01:16.105000,0 days 00:01:16.544000,,0,0,0,0,0.0,19.0,0.0,2.0,0.0,13.5,0.0,17.666666666666668,18,0.0,19.0,20.0,5.0,5.0,0.0,0.0,0.05274070188902247,0.0,0.0,0.0,0.0,1.0,0.0
2020,4,latifi,williams,18,15,15,Finished,0.0,52,British Grand Prix,Silverstone,2020-08-02,conventional,20,0 days 00:01:27.705000,,,0,0,0,0,0.0,17.666666666666668,0.0,3.0,0.0,17.5,0.0,15.666666666666666,15,0.0,17.666666666666668,18.0,-2.0,0.0,2.0,0.0,0.35184651733874617,0.0,0.0,0.0,0.0,2.0,0.0
2020,5,latifi,williams,18,19,19,+1 Lap,0.0,51,70th Anniversary Grand Prix,Silverstone,2020-08-09,conventional,18,0 days 00:01:28.430000,,,0,0,0,0,0.0,17.666666666666668,0.0,4.0,0.0,16.5,0.0,15.333333333333334,20,0.0,17.666666666666668,17.0,-1.0,0.0,1.0,0.0,0.0,0.0,0.0,0.0,0.0,3.0,0.0
2020,6,latifi,williams,19,18,18,+2 Laps,0.0,64,Spanish Grand Prix,Barcelona,2020-08-16,conventional,19,0 days 00:01:18.532000,,,0,0,0,0,0.0,17.666666666666668,0.0,5.0,0.0,18.5,0.0,15.833333333333334,18,0.0,17.666666666666668,18.0,-1.0,0.0,1.0,0.0,0.1650789970381492,0.0,0.0,0.0,0.0,3.0,0.0
2020,7,latifi,williams,19,16,16,Finished,0.0,44,Belgian Grand Prix,Spa-Francorchamps,2020-08-30,conventional,19,0 days 00:01:44.138000,,,0,0,0,0,0.0,19.0,0.0,6.0,0.0,17.0,0.0,17.5,19,0.0,19.0,20.0,1.0,1.0,0.0,0.0,0.08879074241320684,0.0,0.0,0.0,0.0,3.0,0.0
2020,8,latifi,williams,20,11,11,Finished,0.0,53,Italian Grand Prix,Monza,2020-09-06,conventional,20,0 days 00:01:21.717000,,,0,0,0,0,0.0,18.666666666666668,0.0,7.0,0.0,19.5,0.0,17.333333333333332,19,0.0,18.666666666666668,19.0,-1.0,0.0,1.0,0.0,0.14249259893041177,0.0,0.0,0.0,0.0,3.0,0.0
2020,9,latifi,williams,19,15,R,Collision,0.0,6,Tuscan Grand Prix,Mugello,2020-09-13,conventional,19,0 days 00:01:17.320000,,,0,0,0,1,0.0,19.333333333333332,0.0,8.0,0.0,18.5,0.0,18.333333333333332,20,0.0,19.333333333333332,20.0,1.0,1.0,0.0,0.0,0.0,0.0,0.0,0.0,0.0,3.0,0.0
2020,10,latifi,williams,20,16,16,+1 Lap,0.0,52,Russian Grand Prix,Sochi,2020-09-27,conventional,19,0 days 00:01:35.066000,,,0,0,0,0,0.0,19.333333333333332,0.1111111111111111,9.0,0.0,16.5,0.0,18.333333333333332,19,0.0,19.333333333333332,20.0,1.0,1.0,0.0,0.0,0.0,0.0,0.0,0.0,0.0,3.0,0.0
2020,11,latifi,williams,18,14,14,Finished,0.0,60,Eifel Grand Prix,Nürburgring,2020-10-11,conventional,18,0 days 00:01:27.812000,,,0,0,0,0,0.0,19.333333333333332,0.1,10.0,0.0,17.5,0.0,18.166666666666668,19,0.0,19.333333333333332,20.0,2.0,2.0,0.0,0.0,0.0,0.0,0.0,0.0,0.0,3.0,0.0
2020,12,latifi,williams,20,18,18,+2 Laps,0.0,64,Portuguese Grand Prix,Portimão,2020-10-25,conventional,20,0 days 00:01:18.777000,,,0,0,0,0,0.0,18.666666666666668,0.1,11.0,0.0,17.0,0.0,17.5,18,0.0,18.666666666666668,20.0,0.0,0.0,-0.0,0.0,0.0,0.0,0.0,0.0,0.0,3.0,0.0
2020,13,latifi,williams,19,11,11,Finished,0.0,63,Emilia Romagna Grand Prix,Imola,2020-11-01,conventional,19,0 days 00:01:15.987000,,,0,0,0,0,0.0,19.0,0.1,12.0,0.0,16.0,0.0,17.0,20,0.0,19.0,20.0,1.0,1.0,0.0,0.0,0.0,0.0,0.0,0.0,0.0,3.0,0.0
2020,14,latifi,williams,0,19,R,Collision damage,0.0,39,Turkish Grand Prix,Istanbul,2020-11-15,conventional,20,0 days 00:02:21.611000,,,0,0,0,1,0.0,19.0,0.1,13.0,0.0,19.0,0.0,16.833333333333332,19,0.0,19.0,20.0,0.0,0.0,-0.0,0.0,0.0,0.0,0.0,0.0,0.0,3.0,0.0
2020,15,latifi,williams,20,14,14,+1 Lap,0.0,56,Bahrain Grand Prix,Sakhir,2020-11-29,conventional,20,0 days 00:01:30.182000,,,0,0,0,0,0.0,19.666666666666668,0.2,14.0,0.0,17.0,0.0,17.333333333333332,20,0.0,19.666666666666668,20.0,0.0,0.0,-0.0,0.0,0.0,0.0,0.0,0.0,0.0,3.0,0.0
2020,16,latifi,williams,16,18,R,Engine,0.0,52,Sakhir Grand Prix,Sakhir,2020-12-06,conventional,17,0 days 00:00:54.796000,,,0,0,0,0,0.0,19.666666666666668,0.2,15.0,0.0,17.5,0.0,17.333333333333332,20,0.0,19.666666666666668,18.0,1.0,1.0,0.0,0.0,0.0,0.0,0.0,0.0,0.0,3.0,0.0
2020,17,latifi,williams,18,17,17,+1 Lap,0.0,54,Abu Dhabi Grand Prix,Yas Island,2020-12-13,conventional,20,0 days 00:01:38.443000,,,0,0,0,0,0.0,19.0,0.2,16.0,0.0,19.0,0.0,17.833333333333332,17,0.0,19.0,19.0,-1.0,0.0,1.0,0.0,0.0,0.0,0.0,0.0,0.0,3.0,0.0
2021,1,latifi,williams,17,18,18,Retired,0.0,51,Bahrain Grand Prix,Sakhir,2021-03-28,conventional,17,0 days 00:01:31.936000,,,0,0,0,0,0.0,19.0,0.2,17.0,0.0,16.0,0.0,17.833333333333332,20,0.0,19.0,13.0,-4.0,0.0,4.0,0.0,0.0,0.0,0.0,0.0,0.0,0.0,0.0
2021,2,latifi,williams,14,20,R,Collision,0.0,0,Emilia Romagna Grand Prix,Imola,2021-04-18,conventional,14,0 days 00:01:15.653000,0 days 00:01:15.593000,,0,0,0,1,0.0,18.0,0.2,18.0,0.0,13.0,0.0,17.5,17,0.0,18.0,18.0,4.0,4.0,0.0,0.0,0.605604681059047,0.0,0.0,0.0,0.0,1.0,0.0
2021,3,latifi,williams,18,18,18,+2 Laps,0.0,64,Portuguese Grand Prix,Portimão,2021-05-02,conventional,18,0 days 00:01:20.285000,,,0,0,0,0,0.0,17.0,0.2,19.0,0.0,14.5,0.0,16.0,14,0.0,17.0,18.0,0.0,0.0,-0.0,0.0,0.0,0.0,0.0,0.0,0.0,2.0,0.0
2021,4,latifi,williams,19,16,16,+1 Lap,0.0,65,Spanish Grand Prix,Barcelona,2021-05-09,conventional,19,0 days 00:01:19.219000,,,0,0,0,0,0.0,16.333333333333332,0.2,20.0,0.0,17.0,0.0,14.5,18,0.0,16.333333333333332,18.0,-1.0,0.0,1.0,0.0,0.0,0.0,0.0,0.0,0.0,3.0,0.0
2021,5,latifi,williams,18,15,15,+1 Lap,0.0,77,Monaco Grand Prix,Monte Carlo,2021-05-23,conventional,18,0 days 00:01:12.366000,,,0,0,0,0,0.0,17.0,0.2,21.0,0.0,16.5,0.0,14.833333333333334,19,0.0,17.0,18.0,0.0,0.0,-0.0,0.0,0.0,0.0,0.0,0.0,0.0,3.0,0.0
2021,6,latifi,williams,16,16,16,Finished,0.0,51,Azerbaijan Grand Prix,Baku,2021-06-06,conventional,16,0 days 00:01:43.128000,,,0,0,0,0,0.0,18.333333333333332,0.2,22.0,0.0,15.5,0.0,16.0,18,0.0,18.333333333333332,18.0,2.0,2.0,0.0,0.0,0.0,0.0,0.0,0.0,0.0,3.0,0.0
2021,7,latifi,williams,16,18,18,+1 Lap,0.0,52,French Grand Prix,Le Castellet,2021-06-20,conventional,16,0 days 00:01:33.062000,,,0,0,0,0,0.0,17.666666666666668,0.2,23.0,0.0,15.0,0.0,16.333333333333332,16,0.0,17.666666666666668,18.0,2.0,2.0,0.0,0.0,0.0,0.0,0.0,0.0,0.0,3.0,0.0
2021,8,latifi,williams,16,17,17,+3 Laps,0.0,68,Styrian Grand Prix,Spielberg,2021-06-27,conventional,16,0 days 00:01:05.175000,,,0,0,0,0,0.0,16.666666666666668,0.1,24.0,0.0,13.5,0.0,15.666666666666666,16,0.0,16.666666666666668,17.0,1.0,1.0,0.0,0.0,0.130075711446751,0.0,0.0,0.0,0.0,3.0,0.0
2021,9,latifi,williams,18,16,16,+1 Lap,0.0,70,Austrian Grand Prix,Spielberg,2021-07-04,conventional,18,0 days 00:01:05.195000,,,0,0,0,0,0.0,16.0,0.1,25.0,0.0,13.5,0.0,14.666666666666666,16,0.0,16.0,16.0,-2.0,0.0,2.0,0.0,0.05091749158331371,0.0,0.0,0.0,0.0,3.0,0.0
2021,11,latifi,williams,18,7,7,Finished,6.0,70,Hungarian Grand Prix,Budapest,2021-08-01,conventional,18,0 days 00:01:18.036000,,,6,1,0,0,0.0,16.666666666666668,0.1,26.0,5.0,17.5,0.0,14.0,18,0.0,16.666666666666668,17.0,-1.0,0.0,1.0,0.0,0.0,6.0,0.0,0.0,0.0,3.0,0.0
2021,12,latifi,williams,10,9,9,Finished,1.0,1,Belgian Grand Prix,Spa-Francorchamps,2021-08-29,conventional,12,0 days 00:02:00.966000,0 days 00:01:58.056000,,2,1,0,0,2.0,17.333333333333332,0.1,27.0,10.0,7.0,1.6666666666666667,14.833333333333334,18,6.0,17.333333333333332,18.0,6.0,6.0,0.0,0.0,1.1319439076824622,2.0,0.0,6.0,0.0,3.0,6.0
2021,13,latifi,williams,0,16,16,+2 Laps,0.0,70,Dutch Grand Prix,Zandvoort,2021-09-05,conventional,14,0 days 00:01:10.093000,0 days 00:01:11.161000,,0,0,0,0,2.6666666666666665,16.0,0.1,28.0,0.0,12.5,5.0,12.666666666666666,12,2.0,16.0,17.0,3.0,3.0,0.0,0.0,0.7914380036567206,0.0,0.0,8.0,0.0,3.0,8.0
2021,15,latifi,williams,18,19,19,Accident,0.0,47,Russian Grand Prix,Sochi,2021-09-26,conventional,14,0 days 00:01:48.252000,,,0,0,0,1,2.6666666666666665,14.666666666666666,0.0,29.0,0.5,8.5,5.0,12.333333333333334,14,0.0,14.666666666666666,16.0,2.0,2.0,0.0,0.0,0.33347930709686935,0.0,0.0,8.0,0.0,3.0,8.0
2021,16,latifi,williams,15,17,17,+1 Lap,0.0,57,Turkish Grand Prix,Istanbul,2021-10-10,conventional,17,0 days 00:01:26.086000,,,0,0,0,0,0.6666666666666666,13.333333333333334,0.1,30.0,0.0,15.0,3.5,9.333333333333334,14,0.0,13.333333333333334,15.0,-2.0,0.0,2.0,0.0,0.0,0.0,0.0,2.0,0.0,3.0,2.0
2021,17,latifi,williams,14,15,15,+1 Lap,0.0,55,United States Grand Prix,Austin,2021-10-24,conventional,17,0 days 00:01:35.995000,,,0,0,0,0,0.0,15.0,0.1,31.0,0.0,16.0,0.16666666666666666,12.0,17,0.0,15.0,17.0,0.0,0.0,-0.0,0.0,0.027804865380214316,0.0,0.0,0.0,0.0,3.0,0.0
2021,18,latifi,williams,13,17,17,+2 Laps,0.0,69,Mexico City Grand Prix,Mexico City,2021-11-07,conventional,17,0 days 00:01:18.756000,,,0,0,0,0,0.0,16.0,0.1,32.0,0.0,15.0,0.16666666666666666,13.166666666666666,17,0.0,16.0,16.0,-1.0,0.0,1.0,0.0,0.03479386313281552,0.0,0.0,0.0,0.0,3.0,0.0
2021,20,latifi,williams,17,19,R,Puncture,0.0,50,Qatar Grand Prix,Lusail,2021-11-21,conventional,17,0 days 00:01:23.213000,,,0,0,0,0,0.0,17.0,0.1,33.0,0.0,16.0,0.0,15.333333333333334,17,0.0,17.0,18.0,1.0,1.0,0.0,0.0,0.0,0.0,0.0,0.0,0.0,3.0,0.0
2021,21,latifi,williams,16,12,12,Finished,0.0,50,Saudi Arabian Grand Prix,Jeddah,2021-12-05,conventional,16,0 days 00:01:29.177000,,,0,0,0,0,0.0,17.0,0.1,34.0,0.0,15.0,0.0,15.666666666666666,17,0.0,17.0,18.0,2.0,2.0,0.0,0.0,0.39273616769262354,0.0,0.0,0.0,0.0,3.0,0.0
2021,22,latifi,williams,16,16,R,Accident,0.0,50,Abu Dhabi Grand Prix,Yas Island,2021-12-12,conventional,16,0 days 00:01:24.338000,,,0,0,0,1,0.0,16.666666666666668,0.1,35.0,0.0,16.5,0.0,15.333333333333334,16,0.0,16.666666666666668,17.0,1.0,1.0,0.0,0.0,0.12108702039286712,0.0,0.0,0.0,0.0,3.0,0.0
2022,1,latifi,williams,20,16,16,Finished,0.0,57,Bahrain Grand Prix,Sakhir,2022-03-20,conventional,20,0 days 00:01:33.634000,,,0,0,0,0,0.0,16.333333333333332,0.2,36.0,0.0,17.0,0.0,15.833333333333334,16,0.0,16.333333333333332,17.0,-3.0,0.0,3.0,0.0,0.06798664963881507,0.0,0.0,0.0,0.0,0.0,0.0
2022,2,latifi,williams,18,18,R,Accident,0.0,14,Saudi Arabian Grand Prix,Jeddah,2022-03-27,conventional,19,0 days 00:01:31.817000,,,0,0,0,1,0.0,17.333333333333332,0.2,37.0,0.0,18.0,0.0,16.166666666666668,20,0.0,17.333333333333332,20.0,1.0,1.0,0.0,0.0,0.5346407506146429,0.0,0.0,0.0,0.0,1.0,0.0
2022,3,latifi,williams,18,16,16,+1 Lap,0.0,57,Australian Grand Prix,Melbourne,2022-04-10,conventional,19,0 days 00:01:21.372000,,,0,0,0,0,0.0,18.333333333333332,0.3,38.0,0.5,17.5,0.0,17.166666666666668,19,0.0,18.333333333333332,20.0,1.0,1.0,0.0,0.0,0.0,0.0,0.0,0.0,0.0,2.0,0.0
2022,5,latifi,williams,19,14,14,Finished,0.0,57,Miami Grand Prix,Miami,2022-05-08,conventional,19,0 days 00:01:31.325000,,,0,0,0,0,0.0,19.333333333333332,0.3,39.0,1.0,18.5,0.16666666666666666,17.5,19,0.0,19.333333333333332,20.0,1.0,1.0,0.0,0.0,0.3697819193966101,0.0,0.0,0.0,0.0,3.0,0.0
2022,6,latifi,williams,19,16,16,+2 Laps,0.0,64,Spanish Grand Prix,Barcelona,2022-05-22,conventional,20,0 days 00:01:21.915000,,,0,0,0,0,0.0,19.0,0.2,40.0,0.0,19.5,0.5,18.0,19,0.0,19.0,20.0,0.0,0.0,-0.0,0.0,0.0962380516111736,0.0,0.0,0.0,0.0,3.0,0.0
2022,7,latifi,williams,19,15,15,+1 Lap,0.0,63,Monaco Grand Prix,Monaco,2022-05-29,conventional,19,0 days 00:01:14.403000,,,0,0,0,0,0.0,19.333333333333332,0.2,41.0,0.0,17.5,0.5,18.5,20,0.0,19.333333333333332,20.0,1.0,1.0,0.0,0.0,0.6721294875444119,0.0,0.0,0.0,0.0,3.0,0.0
2022,8,latifi,williams,18,15,15,+1 Lap,0.0,50,Azerbaijan Grand Prix,Baku,2022-06-12,conventional,18,0 days 00:01:45.367000,,,0,0,0,0,0.0,19.333333333333332,0.2,42.0,0.0,17.5,0.3333333333333333,18.5,19,0.0,19.333333333333332,20.0,2.0,2.0,0.0,0.0,0.37262111373345785,0.0,0.0,0.0,0.0,3.0,0.0
2022,9,latifi,williams,18,16,16,Finished,0.0,70,Canadian Grand Prix,Montréal,2022-06-19,conventional,19,0 days 00:01:35.660000,,,0,0,0,0,0.0,19.0,0.2,43.0,0.0,15.5,0.0,18.166666666666668,18,0.0,19.0,20.0,1.0,1.0,0.0,0.0,0.0,0.0,0.0,0.0,0.0,3.0,0.0
2022,10,latifi,williams,10,12,12,Finished,0.0,52,British Grand Prix,Silverstone,2022-07-03,conventional,10,0 days 00:01:41.998000,0 days 00:01:43.273000,0 days 00:02:03.095000,0,0,0,0,0.0,18.666666666666668,0.2,44.0,0.0,13.0,0.0,16.833333333333332,19,0.0,18.666666666666668,20.0,10.0,10.0,0.0,0.0,0.1116287900344588,0.0,0.0,0.0,0.0,3.0,0.0
2022,12,latifi,williams,18,17,R,Collision damage,0.0,40,French Grand Prix,Le Castellet,2022-07-24,conventional,20,0 days 00:01:33.794000,,,0,0,0,1,0.0,15.666666666666666,0.2,45.0,0.0,17.5,0.0,15.333333333333334,10,0.0,15.666666666666666,19.0,-1.0,0.0,1.0,0.0,0.2881067310831078,0.0,0.0,0.0,0.0,3.0,0.0
2022,13,latifi,williams,19,18,18,+1 Lap,0.0,69,Hungarian Grand Prix,Budapest,2022-07-31,conventional,20,0 days 00:01:19.570000,,,0,0,0,0,0.0,16.333333333333332,0.2,46.0,0.0,18.5,0.0,15.333333333333334,20,0.0,16.333333333333332,18.0,-2.0,0.0,2.0,0.0,0.3315862335327724,0.0,0.0,0.0,0.0,3.0,0.0
2022,14,latifi,williams,11,18,18,+1 Lap,0.0,43,Belgian Grand Prix,Spa-Francorchamps,2022-08-28,conventional,17,0 days 00:01:46.401000,,,0,0,0,0,0.0,16.666666666666668,0.2,47.0,0.5,13.0,0.0,16.333333333333332,20,0.0,16.666666666666668,17.0,0.0,0.0,-0.0,0.0,0.0,0.0,0.0,0.0,0.0,3.0,0.0
2022,15,latifi,williams,20,18,18,+1 Lap,0.0,71,Dutch Grand Prix,Zandvoort,2022-09-04,conventional,20,0 days 00:01:13.353000,,,0,0,0,0,0.0,19.0,0.1,48.0,0.0,17.5,0.16666666666666666,16.333333333333332,17,0.0,19.0,20.0,0.0,0.0,-0.0,0.0,0.07794582878455358,0.0,0.0,0.0,0.0,3.0,0.0
2022,16,latifi,williams,10,15,15,+1 Lap,0.0,52,Italian Grand Prix,Monza,2022-09-11,conventional,16,0 days 00:01:22.587000,,,0,0,0,0,0.0,19.0,0.1,49.0,1.0,14.5,0.16666666666666666,16.333333333333332,20,0.0,19.0,19.0,3.0,3.0,0.0,0.0,0.0,0.0,0.0,0.0,0.0,3.0,0.0
2022,17,latifi,williams,19,19,R,Collision damage,0.0,7,Singapore Grand Prix,Marina Bay,2022-10-02,conventional,20,0 days 00:01:57.532000,,,0,0,0,1,0.0,17.666666666666668,0.1,50.0,0.0,19.5,0.5,15.0,16,0.0,17.666666666666668,19.0,-1.0,0.0,1.0,0.0,0.0,0.0,0.0,0.0,0.0,3.0,0.0
2022,18,latifi,williams,20,9,9,Finished,2.0,28,Japanese Grand Prix,Suzuka,2022-10-09,conventional,20,0 days 00:01:31.511000,,,2,1,0,0,0.0,18.666666666666668,0.2,51.0,1.0,18.0,0.3333333333333333,17.166666666666668,20,0.0,18.666666666666668,20.0,0.0,0.0,-0.0,0.0,0.0734612798464358,2.0,0.0,0.0,0.0,3.0,0.0
2022,19,latifi,williams,17,17,17,Finished,0.0,56,United States Grand Prix,Austin,2022-10-23,conventional,20,0 days 00:01:37.244000,,,0,0,0,0,0.6666666666666666,18.666666666666668,0.2,52.0,0.0,15.5,0.6666666666666666,17.333333333333332,20,2.0,18.666666666666668,20.0,0.0,0.0,-0.0,0.0,0.2444202359433083,0.0,0.0,2.0,0.0,3.0,2.0
2022,20,latifi,williams,18,18,18,+2 Laps,0.0,69,Mexico City Grand Prix,Mexico City,2022-10-30,conventional,20,0 days 00:01:21.167000,,,0,0,0,0,0.6666666666666666,20.0,0.2,53.0,0.0,19.5,0.3333333333333333,17.666666666666668,20,0.0,20.0,20.0,0.0,0.0,-0.0,0.0,0.16955142301789117,0.0,0.0,2.0,0.0,3.0,2.0
2022,22,latifi,williams,20,19,19,Collision damage,0.0,55,Abu Dhabi Grand Prix,Yas Island,2022-11-20,conventional,20,0 days 00:01:26.054000,,,0,0,0,1,0.6666666666666666,20.0,0.2,54.0,0.0,19.5,0.3333333333333333,17.666666666666668,20,0.0,20.0,20.0,0.0,0.0,-0.0,0.0,0.22548790490865933,0.0,0.0,2.0,0.0,3.0,2.0
2023,13,lawson,alphatauri,19,13,13,Finished,0.0,72,Dutch Grand Prix,Zandvoort,2023-08-27,conventional,20,0 days 00:01:23.420000,,,0,0,0,0,,,,0.0,0.0,17.0,0.0,16.333333333333332,,,,,,,,,,,,0.0,0.0,0.0,0.0
2023,14,lawson,alphatauri,12,11,11,Finished,0.0,51,Italian Grand Prix,Monza,2023-09-03,conventional,12,0 days 00:01:22.112000,0 days 00:01:21.758000,,0,0,0,0,0.0,20.0,0.0,1.0,0.0,12.0,0.0,16.333333333333332,20,0.0,20.0,19.0,7.0,7.0,0.0,0.0,0.6917825051805222,0.0,0.0,0.0,0.0,0.0,0.0
2023,15,lawson,alphatauri,10,9,9,Finished,2.0,62,Singapore Grand Prix,Marina Bay,2023-09-17,conventional,10,0 days 00:01:32.215000,0 days 00:01:32.166000,0 days 00:01:32.268000,2,1,0,0,0.0,16.0,0.0,2.0,1.0,12.5,0.0,14.666666666666666,12,0.0,16.0,19.0,9.0,9.0,0.0,0.0,1.7288702337434523,2.0,0.0,0.0,0.0,1.0,0.0
2023,16,lawson,alphatauri,11,11,11,Lapped,0.0,52,Japanese Grand Prix,Suzuka,2023-09-24,conventional,11,0 days 00:01:30.425000,0 days 00:01:30.508000,,0,0,0,0,0.6666666666666666,14.0,0.0,3.0,0.0,10.0,0.3333333333333333,13.833333333333334,10,2.0,14.0,13.0,2.0,2.0,0.0,0.0,1.0817296858314824,0.0,0.0,2.0,0.0,2.0,2.0
2024,20,lawson,rb,12,16,16,Lapped,0.0,70,Mexico City Grand Prix,Mexico City,2024-10-27,conventional,12,0 days 00:01:17.380000,0 days 00:01:17.162000,,0,0,0,0,0.6666666666666666,11.0,0.0,4.0,0.0,11.5,0.0,13.166666666666666,11,0.0,11.0,12.0,0.0,0.0,-0.0,0.0,0.8955440663222332,0.0,0.0,0.0,0.0,0.0,0.0
2024,22,lawson,rb,14,16,16,Finished,0.0,50,Las Vegas Grand Prix,Las Vegas,2024-11-23,conventional,15,0 days 00:01:34.087000,0 days 00:01:34.257000,,0,0,0,0,0.6666666666666666,11.0,0.0,5.0,1.0,11.0,0.0,12.333333333333334,12,0.0,11.0,12.0,-3.0,0.0,3.0,0.0,0.5135143164429632,0.0,0.0,0.0,0.0,1.0,0.0
2024,24,lawson,rb,12,17,17,Retired,0.0,55,Abu Dhabi Grand Prix,Yas Island,2024-12-08,conventional,12,0 days 00:01:23.733000,0 days 00:01:23.472000,,0,0,0,0,0.0,12.666666666666666,0.0,6.0,0.0,11.5,0.3333333333333333,11.5,15,0.0,12.666666666666666,14.0,2.0,2.0,0.0,0.0,0.44481038847715304,0.0,0.0,0.0,0.0,2.0,0.0
2025,1,lawson,red_bull,18,15,R,Retired,0.0,46,Australian Grand Prix,Melbourne,2025-03-16,conventional,18,0 days 00:01:17.094000,,,0,0,0,0,0.0,13.0,0.0,7.0,9.0,10.5,4.5,9.333333333333334,12,0.0,13.0,13.0,-5.0,0.0,5.0,0.0,1.019712245367968,0.0,0.0,0.0,0.0,0.0,0.0
2025,3,lawson,rb,13,17,17,Finished,0.0,53,Japanese Grand Prix,Suzuka,2025-04-06,conventional,14,0 days 00:01:28.554000,0 days 00:01:27.906000,,0,0,0,0,0.0,15.0,0.0,8.0,2.0,10.5,0.3333333333333333,10.166666666666666,18,0.0,15.0,16.0,2.0,2.0,0.0,0.0,0.0,0.0,0.0,0.0,0.0,1.0,0.0
2025,4,lawson,rb,17,16,16,Finished,0.0,57,Bahrain Grand Prix,Sakhir,2025-04-13,conventional,17,0 days 00:01:32.165000,,,0,0,0,0,0.0,14.666666666666666,0.0,9.0,0.0,14.5,0.6666666666666666,10.0,14,0.0,14.666666666666666,16.0,-1.0,0.0,1.0,0.0,0.0,0.0,0.0,0.0,0.0,2.0,0.0
2025,5,lawson,rb,12,12,12,Finished,0.0,50,Saudi Arabian Grand Prix,Jeddah,2025-04-20,conventional,12,0 days 00:01:28.561000,0 days 00:01:28.191000,,0,0,0,0,0.0,16.333333333333332,0.0,10.0,0.5,13.0,0.6666666666666666,11.0,17,0.0,16.333333333333332,16.0,4.0,4.0,0.0,0.0,0.0,0.0,0.0,0.0,0.0,3.0,0.0
2025,7,lawson,rb,15,14,14,Finished,0.0,63,Emilia Romagna Grand Prix,Imola,2025-05-18,conventional,16,0 days 00:01:16.379000,,,0,0,0,0,0.0,14.333333333333334,0.0,11.0,1.0,12.5,0.8333333333333334,12.666666666666666,12,0.0,14.333333333333334,14.0,-2.0,0.0,2.0,0.0,0.0,0.0,0.0,0.0,0.0,3.0,0.0
2025,8,lawson,rb,9,8,8,Lapped,4.0,77,Monaco Grand Prix,Monaco,2025-05-25,conventional,9,0 days 00:01:11.818000,0 days 00:01:11.250000,0 days 00:01:11.129000,4,1,0,0,0.0,15.0,0.0,12.0,6.0,7.5,0.5,13.333333333333334,16,0.0,15.0,15.0,6.0,6.0,0.0,0.0,1.1906199186031001,4.0,0.0,0.0,0.0,3.0,0.0
2025,9,lawson,rb,13,11,11,Finished,0.0,66,Spanish Grand Prix,Barcelona,2025-06-01,conventional,13,0 days 00:01:13.039000,0 days 00:01:12.763000,,0,0,0,0,1.3333333333333333,12.333333333333334,0.0,13.0,3.0,11.0,2.5,11.0,9,4.0,12.333333333333334,13.0,0.0,0.0,-0.0,0.0,0.2930592406506438,0.0,0.0,4.0,0.0,3.0,4.0
2025,10,lawson,rb,19,19,R,Retired,0.0,53,Canadian Grand Prix,Montréal,2025-06-15,conventional,19,0 days 00:01:12.525000,,,0,0,0,0,1.3333333333333333,12.666666666666666,0.0,14.0,0.0,14.0,3.3333333333333335,10.333333333333334,13,0.0,12.666666666666666,13.0,-6.0,0.0,6.0,0.0,0.0,0.0,0.0,4.0,0.0,3.0,4.0
2025,11,lawson,rb,6,6,6,Finished,8.0,70,Austrian Grand Prix,Spielberg,2025-06-29,conventional,6,0 days 00:01:05.017000,0 days 00:01:05.041000,0 days 00:01:04.926000,8,1,0,0,1.3333333333333333,13.666666666666666,0.0,15.0,4.0,9.5,3.0,10.833333333333334,19,0.0,13.666666666666666,12.0,6.0,6.0,0.0,4.0,2.954611870589311,4.0,0.0,4.0,0.0,3.0,4.0
2025,12,lawson,rb,15,19,R,Retired,0.0,0,British Grand Prix,Silverstone,2025-07-06,conventional,16,0 days 00:01:26.440000,,,0,0,0,0,2.6666666666666665,12.666666666666666,0.0,16.0,0.0,14.5,2.3333333333333335,11.5,6,8.0,12.666666666666666,13.0,-3.0,0.0,3.0,0.0,0.0,0.0,0.0,4.0,0.0,3.0,4.0
2025,14,lawson,rb,9,8,8,Finished,4.0,70,Hungarian Grand Prix,Budapest,2025-08-03,conventional,9,0 days 00:01:15.849000,0 days 00:01:15.630000,0 days 00:01:15.821000,4,1,0,0,2.6666666666666665,13.666666666666666,0.0,17.0,2.0,9.5,1.3333333333333333,12.666666666666666,16,0.0,13.666666666666666,14.0,5.0,5.0,0.0,0.0,1.3582767696388984,4.0,0.0,4.0,0.0,3.0,4.0
2025,15,lawson,rb,8,12,12,Finished,0.0,72,Dutch Grand Prix,Zandvoort,2025-08-31,conventional,8,0 days 00:01:09.779000,0 days 00:01:09.383000,0 days 00:01:09.500000,0,0,0,0,4.0,10.333333333333334,0.0,18.0,7.5,6.0,2.0,11.166666666666666,9,4.0,10.333333333333334,9.0,1.0,1.0,0.0,1.0,1.819306071153576,0.0,1.0,8.0,0.0,3.0,8.0
2025,16,lawson,rb,18,14,14,Finished,0.0,53,Italian Grand Prix,Monza,2025-09-07,conventional,20,0 days 00:01:20.279000,,,0,0,0,0,1.3333333333333333,11.0,0.0,19.0,0.5,18.0,3.1666666666666665,10.0,8,0.0,11.0,10.0,-10.0,0.0,10.0,0.0,0.4731851328082879,0.0,0.0,4.0,1.0,3.0,3.0
2025,17,lawson,rb,3,5,5,Finished,10.0,51,Azerbaijan Grand Prix,Baku,2025-09-21,conventional,3,0 days 00:01:42.257000,0 days 00:01:41.537000,0 days 00:01:41.707000,10,1,0,0,1.3333333333333333,12.333333333333334,0.0,20.0,5.5,5.5,3.3333333333333335,11.166666666666666,20,0.0,12.333333333333334,12.0,9.0,9.0,0.0,10.0,7.048858542641132,0.0,0.0,4.0,1.0,3.0,3.0
2025,18,lawson,rb,12,15,15,Lapped,0.0,61,Singapore Grand Prix,Marina Bay,2025-10-05,conventional,12,0 days 00:01:30.681000,0 days 00:01:30.320000,,0,0,0,0,3.3333333333333335,10.333333333333334,0.0,21.0,0.0,10.0,4.5,9.833333333333334,3,10.0,10.333333333333334,12.0,0.0,0.0,-0.0,0.0,0.8032997035149236,0.0,0.0,0.0,1.0,3.0,-1.0
2025,20,lawson,rb,15,20,R,Retired,0.0,5,Mexico City Grand Prix,Mexico City,2025-10-26,conventional,15,0 days 00:01:16.961000,0 days 00:01:18.072000,,0,0,0,0,3.3333333333333335,11.666666666666666,0.0,22.0,0.0,12.0,2.0,11.166666666666666,12,0.0,11.666666666666666,13.0,-2.0,0.0,2.0,0.0,0.7085996926737854,0.0,0.0,0.0,0.0,3.0,0.0
2025,22,lawson,rb,6,14,14,Lapped,0.0,49,Las Vegas Grand Prix,Las Vegas,2025-11-22,conventional,6,0 days 00:01:54.828000,0 days 00:01:51.621000,0 days 00:01:49.062000,0,0,0,0,3.3333333333333335,10.0,0.0,23.0,4.0,7.0,1.8333333333333333,9.166666666666666,15,0.0,10.0,10.0,4.0,4.0,0.0,1.0,4.370218281008146,0.0,1.0,0.0,0.0,3.0,0.0
2025,24,lawson,rb,13,18,18,Lapped,0.0,57,Abu Dhabi Grand Prix,Yas Island,2025-12-07,conventional,13,0 days 00:01:23.265000,0 days 00:01:23.077000,,0,0,0,0,0.0,11.0,0.0,24.0,0.0,11.0,1.3333333333333333,9.666666666666666,6,0.0,11.0,12.0,-1.0,0.0,1.0,0.0,0.10749241542087518,0.0,0.0,0.0,1.0,3.0,-1.0
2018,1,leclerc,sauber,18,13,13,Finished,0.0,58,Australian Grand Prix,Melbourne,2018-03-25,conventional,18,0 days 00:01:24.636000,,,0,0,0,0,,,,0.0,0.0,17.5,,,,,,,,,,,,,,0.0,0.0,0.0,0.0
2018,2,leclerc,sauber,19,12,12,+1 Lap,0.0,56,Bahrain Grand Prix,Sakhir,2018-04-08,conventional,19,0 days 00:01:31.420000,,,0,0,0,0,0.0,18.0,0.0,1.0,1.0,18.0,0.0,17.5,18,0.0,,,,,,,,,,0.0,0.0,0.0,0.0
2018,3,leclerc,sauber,19,19,19,Finished,0.0,56,Chinese Grand Prix,Shanghai,2018-04-15,conventional,19,0 days 00:01:34.454000,,,0,0,0,0,0.0,18.5,0.0,2.0,0.0,19.5,0.5,17.75,19,0.0,,,,,,,,,,0.0,0.0,0.0,0.0
2018,4,leclerc,sauber,13,6,6,Finished,8.0,51,Azerbaijan Grand Prix,Baku,2018-04-29,conventional,14,0 days 00:01:43.752000,0 days 00:01:44.074000,,8,1,0,0,0.0,18.666666666666668,0.0,3.0,4.0,16.0,0.3333333333333333,18.333333333333332,19,0.0,,,,,,,,,,0.0,0.0,0.0,0.0
2018,5,leclerc,sauber,14,10,10,+2 Laps,1.0,64,Spanish Grand Prix,Barcelona,2018-05-13,conventional,14,0 days 00:01:18.661000,0 days 00:01:18.910000,,1,1,0,0,2.6666666666666665,17.333333333333332,0.0,4.0,0.5,15.5,1.6666666666666667,17.833333333333332,14,8.0,,,,,,,,,,0.0,0.0,0.0,0.0
2018,6,leclerc,sauber,14,18,R,Collision,0.0,70,Monaco Grand Prix,Monte Carlo,2018-05-27,conventional,14,0 days 00:01:12.829000,0 days 00:01:12.714000,,0,0,0,1,3.0,15.666666666666666,0.0,5.0,0.0,15.5,1.5,17.0,14,1.0,,,,,,,,,,0.0,0.0,0.0,0.0
2018,7,leclerc,sauber,13,10,10,+1 Lap,1.0,67,Canadian Grand Prix,Montréal,2018-06-10,conventional,13,0 days 00:01:12.945000,0 days 00:01:12.661000,,1,1,0,0,3.0,14.0,0.16666666666666666,6.0,0.5,16.0,1.5,15.666666666666666,14,0.0,,,,,,,,,,0.0,0.0,0.0,0.0
2018,8,leclerc,sauber,8,10,10,Finished,1.0,53,French Grand Prix,Le Castellet,2018-06-24,conventional,8,0 days 00:01:32.538000,0 days 00:01:32.055000,0 days 00:01:32.635000,1,1,0,0,0.6666666666666666,13.666666666666666,0.14285714285714285,7.0,0.5,11.5,0.3333333333333333,15.666666666666666,13,1.0,,,,,,,,,,0.0,0.0,0.0,0.0
2018,9,leclerc,sauber,18,9,9,+1 Lap,2.0,70,Austrian Grand Prix,Spielberg,2018-07-01,conventional,13,0 days 00:01:04.967000,0 days 00:01:04.979000,,2,1,0,0,0.6666666666666666,11.666666666666666,0.125,8.0,1.5,16.5,0.3333333333333333,14.333333333333334,8,1.0,,,,,,,,,,0.0,0.0,0.0,0.0
2018,10,leclerc,sauber,9,19,R,Tyre,0.0,18,British Grand Prix,Silverstone,2018-07-08,conventional,9,0 days 00:01:27.962000,0 days 00:01:27.790000,0 days 00:01:27.879000,0,0,0,0,1.3333333333333333,11.333333333333334,0.1111111111111111,9.0,0.0,12.0,0.8333333333333334,14.666666666666666,13,2.0,,,,,,,,,,0.0,0.0,0.0,0.0
2018,11,leclerc,sauber,9,15,15,+1 Lap,0.0,66,German Grand Prix,Hockenheim,2018-07-22,conventional,9,0 days 00:01:13.077000,0 days 00:01:12.995000,0 days 00:01:12.717000,0,0,0,0,1.0,10.0,0.1,10.0,1.0,11.0,0.6666666666666666,13.333333333333334,9,0.0,,,,,,,,,,0.0,0.0,0.0,0.0
2018,12,leclerc,sauber,17,20,R,Suspension,0.0,0,Hungarian Grand Prix,Budapest,2018-07-29,conventional,17,0 days 00:01:18.817000,,,0,0,0,0,0.6666666666666666,10.333333333333334,0.1,11.0,0.0,15.5,0.8333333333333334,13.166666666666666,9,0.0,,,,,,,,,,0.0,0.0,0.0,0.0
2018,13,leclerc,sauber,12,18,R,Accident,0.0,0,Belgian Grand Prix,Spa-Francorchamps,2018-08-26,conventional,13,0 days 00:01:43.654000,0 days 00:01:44.062000,,0,0,0,1,0.0,11.666666666666666,0.1,12.0,0.5,13.5,0.3333333333333333,12.833333333333334,17,0.0,,,,,,,,,,0.0,0.0,0.0,0.0
2018,14,leclerc,sauber,15,11,11,+1 Lap,0.0,52,Italian Grand Prix,Monza,2018-09-02,conventional,17,0 days 00:01:21.889000,,,0,0,0,0,0.0,13.0,0.2,13.0,0.0,18.0,0.5,13.333333333333334,13,0.0,,,,,,,,,,0.0,0.0,0.0,0.0
2018,15,leclerc,sauber,13,9,9,+1 Lap,2.0,60,Singapore Grand Prix,Singapore,2018-09-16,conventional,13,0 days 00:01:39.206000,0 days 00:01:38.747000,,2,1,0,0,0.0,15.666666666666666,0.2,14.0,1.0,13.5,0.16666666666666666,15.666666666666666,17,0.0,,,,,,,,,,0.0,0.0,0.0,0.0
2018,16,leclerc,sauber,7,7,7,Finished,6.0,53,Russian Grand Prix,Sochi,2018-09-30,conventional,7,0 days 00:01:33.924000,0 days 00:01:33.488000,0 days 00:01:33.419000,6,1,0,0,0.6666666666666666,14.333333333333334,0.2,15.0,3.0,8.5,0.5,15.0,13,2.0,,,,,,,,,,0.0,0.0,0.0,0.0
2018,17,leclerc,sauber,10,18,R,Mechanical,0.0,38,Japanese Grand Prix,Suzuka,2018-10-07,conventional,11,0 days 00:01:29.706000,0 days 00:01:29.864000,,0,0,0,0,2.6666666666666665,12.333333333333334,0.1,16.0,0.0,15.5,1.3333333333333333,13.333333333333334,7,6.0,,,,,,,,,,0.0,0.0,0.0,0.0
2018,18,leclerc,sauber,9,15,R,Collision damage,0.0,31,United States Grand Prix,Austin,2018-10-21,conventional,9,0 days 00:01:35.069000,0 days 00:01:34.255000,0 days 00:01:34.420000,0,0,0,1,2.6666666666666665,10.333333333333334,0.1,17.0,0.5,14.0,1.3333333333333333,12.5,11,0.0,,,,,,,,,,0.0,0.0,0.0,0.0
2018,19,leclerc,sauber,9,7,7,+2 Laps,6.0,69,Mexican Grand Prix,Mexico City,2018-10-28,conventional,9,0 days 00:01:16.862000,0 days 00:01:16.320000,0 days 00:01:16.189000,6,1,0,0,2.0,9.0,0.2,18.0,4.0,9.5,1.1666666666666667,12.666666666666666,9,0.0,,,,,,,,,,0.0,0.0,0.0,0.0
2018,20,leclerc,sauber,7,7,7,Finished,6.0,71,Brazilian Grand Prix,São Paulo,2018-11-11,conventional,8,0 days 00:01:08.667000,0 days 00:01:08.335000,0 days 00:01:08.492000,6,1,0,0,2.0,9.666666666666666,0.2,19.0,3.0,7.5,1.5,13.0,9,6.0,,,,,,,,,,0.0,0.0,0.0,0.0
2018,21,leclerc,sauber,8,7,7,Finished,6.0,55,Abu Dhabi Grand Prix,Yas Marina,2018-11-25,conventional,8,0 days 00:01:37.124000,0 days 00:01:36.580000,0 days 00:01:36.237000,6,1,0,0,4.0,8.666666666666666,0.2,20.0,3.0,10.0,2.5,10.333333333333334,8,6.0,,,,,,,,,,0.0,0.0,0.0,0.0
2019,1,leclerc,ferrari,5,5,5,Finished,10.0,58,Australian Grand Prix,Melbourne,2019-03-17,conventional,5,0 days 00:01:22.017000,0 days 00:01:21.739000,0 days 00:01:21.442000,10,1,0,0,6.0,8.333333333333334,0.2,21.0,11.0,4.0,12.333333333333334,3.8333333333333335,8,6.0,,,,,,,,,,0.0,0.0,0.0,0.0
2019,2,leclerc,ferrari,1,3,3,Finished,16.0,57,Bahrain Grand Prix,Sakhir,2019-03-31,conventional,1,0 days 00:01:28.495000,0 days 00:01:28.046000,0 days 00:01:27.866000,15,1,1,0,7.333333333333333,7.0,0.2,22.0,12.5,1.5,10.5,3.5,5,10.0,,,,,,,,,,0.0,0.0,0.0,0.0
2019,3,leclerc,ferrari,4,5,5,Finished,10.0,56,Chinese Grand Prix,Shanghai,2019-04-14,conventional,4,0 days 00:01:32.712000,0 days 00:01:32.324000,0 days 00:01:31.865000,10,1,0,0,10.333333333333334,4.666666666666667,0.1,23.0,12.5,3.5,10.833333333333334,3.0,1,15.0,,,,,,,,,,0.0,0.0,0.0,0.0
2019,4,leclerc,ferrari,8,5,5,Finished,11.0,51,Azerbaijan Grand Prix,Baku,2019-04-28,conventional,9,0 days 00:01:41.426000,0 days 00:01:41.995000,,10,1,0,0,11.666666666666666,3.3333333333333335,0.1,24.0,12.5,6.0,12.0,3.0,4,10.0,,,,,,,,,,0.0,0.0,0.0,0.0
2019,5,leclerc,ferrari,5,5,5,Finished,10.0,66,Spanish Grand Prix,Barcelona,2019-05-12,conventional,5,0 days 00:01:17.388000,0 days 00:01:16.714000,0 days 00:01:16.588000,10,1,0,0,11.666666666666666,4.666666666666667,0.1,25.0,11.0,4.0,12.5,3.6666666666666665,9,10.0,,,,,,,,,,0.0,0.0,0.0,0.0
2019,6,leclerc,ferrari,15,20,R,Collision,0.0,16,Monaco Grand Prix,Monte Carlo,2019-05-26,conventional,16,0 days 00:01:12.149000,,,0,0,0,1,10.0,6.0,0.1,26.0,9.0,10.0,12.0,4.5,5,10.0,,,,,,,,,,0.0,0.0,0.0,0.0
2019,7,leclerc,ferrari,3,3,3,Finished,15.0,70,Canadian Grand Prix,Montréal,2019-06-09,conventional,3,0 days 00:01:11.214000,0 days 00:01:11.205000,0 days 00:01:10.920000,15,1,1,0,6.666666666666667,10.0,0.2,27.0,16.5,2.0,10.833333333333334,6.666666666666667,16,0.0,,,,,,,,,,0.0,0.0,0.0,0.0
2019,8,leclerc,ferrari,3,3,3,Finished,15.0,53,French Grand Prix,Le Castellet,2019-06-23,conventional,3,0 days 00:01:30.647000,0 days 00:01:29.699000,0 days 00:01:28.965000,15,1,1,0,8.333333333333334,8.0,0.1,28.0,12.5,5.0,12.166666666666666,5.333333333333333,3,15.0,,,,,,,,,,0.0,0.0,0.0,0.0
2019,9,leclerc,ferrari,1,2,2,Finished,18.0,71,Austrian Grand Prix,Spielberg,2019-06-30,conventional,1,0 days 00:01:04.138000,0 days 00:01:03.378000,0 days 00:01:03.003000,18,1,1,0,10.0,7.333333333333333,0.1,29.0,15.0,5.5,12.666666666666666,5.666666666666667,3,15.0,,,,,,,,,,0.0,0.0,0.0,0.0
2019,10,leclerc,ferrari,3,3,3,Finished,15.0,52,British Grand Prix,Silverstone,2019-07-14,conventional,3,0 days 00:01:25.533000,0 days 00:01:25.546000,0 days 00:01:25.172000,15,1,1,0,16.0,2.3333333333333335,0.1,30.0,7.5,4.5,14.666666666666666,4.166666666666667,1,18.0,,,,,,,,,,0.0,0.0,0.0,0.0
2019,11,leclerc,ferrari,10,17,R,Accident,0.0,27,German Grand Prix,Hockenheim,2019-07-28,conventional,10,0 days 00:01:12.229000,0 days 00:01:12.344000,,0,0,0,1,16.0,2.3333333333333335,0.1,31.0,9.0,15.0,11.666666666666666,5.0,3,15.0,,,,,,,,,,0.0,0.0,0.0,0.0
2019,12,leclerc,ferrari,4,4,4,Finished,12.0,70,Hungarian Grand Prix,Budapest,2019-08-04,conventional,4,0 days 00:01:16.337000,0 days 00:01:15.792000,0 days 00:01:15.043000,12,1,0,0,11.0,4.666666666666667,0.2,32.0,13.5,4.5,10.5,8.333333333333334,10,0.0,,,,,,,,,,0.0,0.0,0.0,0.0
2019,13,leclerc,ferrari,1,1,1,Finished,25.0,44,Belgian Grand Prix,Spa-Francorchamps,2019-09-01,conventional,1,0 days 00:01:43.587000,0 days 00:01:42.938000,0 days 00:01:42.519000,25,1,1,0,9.0,5.666666666666667,0.2,33.0,18.5,1.5,10.0,8.0,4,12.0,,,,,,,,,,0.0,0.0,0.0,0.0
2019,14,leclerc,ferrari,1,1,1,Finished,25.0,53,Italian Grand Prix,Monza,2019-09-08,conventional,1,0 days 00:01:20.126000,0 days 00:01:19.553000,0 days 00:01:19.307000,25,1,1,0,12.333333333333334,5.0,0.2,34.0,12.5,2.5,13.666666666666666,7.0,1,25.0,,,,,,,,,,0.0,0.0,0.0,0.0
2019,15,leclerc,ferrari,1,2,2,Finished,18.0,61,Singapore Grand Prix,Singapore,2019-09-22,conventional,1,0 days 00:01:38.014000,0 days 00:01:36.650000,0 days 00:01:36.217000,18,1,1,0,20.666666666666668,2.0,0.2,35.0,21.5,2.0,14.833333333333334,2.8333333333333335,1,25.0,,,,,,,,,,0.0,0.0,0.0,0.0
2019,16,leclerc,ferrari,1,3,3,Finished,15.0,53,Russian Grand Prix,Sochi,2019-09-29,conventional,1,0 days 00:01:33.613000,0 days 00:01:32.434000,0 days 00:01:31.628000,15,1,1,0,22.666666666666668,1.0,0.2,36.0,7.5,2.0,17.5,2.0,1,18.0,,,,,,,,,,0.0,0.0,0.0,0.0
2019,17,leclerc,ferrari,2,6,6,+1 Lap,8.0,51,Japanese Grand Prix,Suzuka,2019-10-13,conventional,2,0 days 00:01:28.405000,0 days 00:01:28.179000,0 days 00:01:27.253000,8,1,0,0,19.333333333333332,1.0,0.1,37.0,13.0,1.5,13.833333333333334,2.1666666666666665,1,15.0,,,,,,,,,,0.0,0.0,0.0,0.0
2019,18,leclerc,ferrari,1,4,4,Finished,13.0,71,Mexican Grand Prix,Mexico City,2019-10-27,conventional,2,0 days 00:01:16.364000,0 days 00:01:16.219000,0 days 00:01:15.024000,12,1,0,0,13.666666666666666,1.3333333333333333,0.1,38.0,15.0,2.5,14.0,1.8333333333333333,2,8.0,,,,,,,,,,0.0,0.0,0.0,0.0
2019,19,leclerc,ferrari,4,4,4,Finished,13.0,56,United States Grand Prix,Austin,2019-11-03,conventional,4,0 days 00:01:33.988000,0 days 00:01:32.760000,0 days 00:01:32.137000,12,1,0,0,11.666666666666666,1.6666666666666667,0.1,39.0,6.0,3.0,11.833333333333334,2.0,2,12.0,,,,,,,,,,0.0,0.0,0.0,0.0
2019,20,leclerc,ferrari,14,18,18,Collision,0.0,65,Brazilian Grand Prix,São Paulo,2019-11-17,conventional,4,0 days 00:01:08.496000,0 days 00:01:07.888000,0 days 00:01:07.728000,0,0,0,1,10.666666666666666,2.6666666666666665,0.1,40.0,0.0,3.0,11.333333333333334,2.3333333333333335,4,12.0,,,,,,,,,,0.0,0.0,0.0,0.0
2019,21,leclerc,ferrari,3,3,3,Finished,15.0,55,Abu Dhabi Grand Prix,Yas Island,2019-12-01,conventional,4,0 days 00:01:36.478000,0 days 00:01:35.543000,0 days 00:01:35.219000,15,1,1,0,8.0,3.3333333333333335,0.2,41.0,12.5,4.5,7.0,2.8333333333333335,4,0.0,,,,,,,,,,0.0,0.0,0.0,0.0
2020,1,leclerc,ferrari,7,2,2,Finished,18.0,71,Austrian Grand Prix,Spielberg,2020-07-05,conventional,7,0 days 00:01:04.500000,0 days 00:01:04.041000,0 days 00:01:03.923000,18,1,1,0,9.0,4.0,0.1,42.0,9.5,9.0,6.166666666666667,3.5,4,15.0,4.0,5.0,-2.0,0.0,2.0,10.0,7.631231960802025,8.0,0.0,0.0,0.0,0.0,0.0
2020,2,leclerc,ferrari,14,19,R,Collision damage,0.0,4,Styrian Grand Prix,Spielberg,2020-07-12,conventional,11,0 days 00:01:20.871000,0 days 00:01:19.628000,,0,0,0,1,11.0,5.0,0.1,43.0,0.0,10.5,7.333333333333333,5.5,7,18.0,5.0,4.0,-7.0,0.0,7.0,6.0,6.837433558671542,0.0,6.0,8.0,0.0,1.0,8.0
2020,3,leclerc,ferrari,6,11,11,+1 Lap,0.0,69,Hungarian Grand Prix,Budapest,2020-07-19,conventional,6,0 days 00:01:15.793000,0 days 00:01:15.006000,0 days 00:01:14.817000,0,0,0,0,11.0,7.333333333333333,0.2,44.0,4.0,5.5,7.333333333333333,8.0,11,0.0,7.333333333333333,7.0,1.0,1.0,0.0,12.0,9.231058664018219,0.0,12.0,8.0,6.0,2.0,2.0
2020,4,leclerc,ferrari,4,3,3,Finished,15.0,52,British Grand Prix,Silverstone,2020-08-02,conventional,4,0 days 00:01:26.550000,0 days 00:01:26.203000,0 days 00:01:25.427000,15,1,1,0,6.0,8.0,0.2,45.0,8.0,7.0,4.5,8.333333333333334,6,0.0,8.0,6.0,2.0,2.0,0.0,12.0,9.430762277394509,3.0,0.0,8.0,18.0,3.0,-10.0
2020,5,leclerc,ferrari,8,4,4,Finished,12.0,52,70th Anniversary Grand Prix,Silverstone,2020-08-09,conventional,8,0 days 00:01:27.427000,0 days 00:01:26.709000,0 days 00:01:26.614000,12,1,0,0,5.0,7.0,0.2,46.0,6.0,10.0,4.0,7.666666666666667,4,15.0,7.0,6.0,-2.0,0.0,2.0,1.0,3.642071449348875,11.0,0.0,3.0,18.0,3.0,-15.0
2020,6,leclerc,ferrari,9,20,R,Electronics,0.0,38,Spanish Grand Prix,Barcelona,2020-08-16,conventional,9,0 days 00:01:17.256000,0 days 00:01:16.953000,0 days 00:01:17.087000,0,0,0,0,9.0,6.0,0.2,47.0,3.0,10.0,6.0,7.5,8,12.0,6.0,5.0,-4.0,0.0,4.0,10.0,7.553941257522846,0.0,10.0,14.0,12.0,3.0,2.0
2020,7,leclerc,ferrari,13,14,14,Finished,0.0,44,Belgian Grand Prix,Spa-Francorchamps,2020-08-30,conventional,13,0 days 00:01:43.656000,0 days 00:01:42.996000,,0,0,0,0,9.0,7.0,0.2,48.0,0.0,13.5,5.666666666666667,9.0,9,0.0,7.0,5.0,-8.0,0.0,8.0,4.0,3.690895011697995,0.0,4.0,14.0,10.0,3.0,4.0
2020,8,leclerc,ferrari,13,18,R,Accident,0.0,23,Italian Grand Prix,Monza,2020-09-06,conventional,13,0 days 00:01:20.443000,0 days 00:01:20.273000,,0,0,0,1,4.0,10.0,0.2,49.0,0.0,15.0,3.0,11.166666666666666,13,0.0,10.0,11.0,-2.0,0.0,2.0,4.0,5.294210017560612,0.0,4.0,11.0,14.0,3.0,-3.0
2020,9,leclerc,ferrari,5,8,8,Finished,4.0,59,Tuscan Grand Prix,Mugello,2020-09-13,conventional,5,0 days 00:01:16.698000,0 days 00:01:16.324000,0 days 00:01:16.270000,4,1,0,0,0.0,11.666666666666666,0.3,50.0,2.5,9.5,1.0,12.833333333333334,13,0.0,11.666666666666666,13.0,8.0,8.0,0.0,4.0,7.238834259265566,0.0,0.0,0.0,18.0,3.0,-18.0
2020,10,leclerc,ferrari,10,6,6,Finished,8.0,53,Russian Grand Prix,Sochi,2020-09-27,conventional,11,0 days 00:01:34.071000,0 days 00:01:33.239000,,8,1,0,0,1.3333333333333333,10.333333333333334,0.2,51.0,4.0,13.0,0.8333333333333334,12.666666666666666,5,4.0,10.333333333333334,11.0,0.0,0.0,-0.0,4.0,5.031121648251313,4.0,0.0,0.0,8.0,3.0,-8.0
2020,11,leclerc,ferrari,4,7,7,Finished,6.0,60,Eifel Grand Prix,Nürburgring,2020-10-11,conventional,4,0 days 00:01:26.857000,0 days 00:01:26.240000,0 days 00:01:26.035000,6,1,0,0,4.0,9.666666666666666,0.2,52.0,3.0,7.5,2.1666666666666665,12.5,11,8.0,9.666666666666666,10.0,6.0,6.0,0.0,12.0,10.195551362981497,0.0,6.0,4.0,4.0,3.0,0.0
2020,12,leclerc,ferrari,4,4,4,Finished,12.0,66,Portuguese Grand Prix,Portimão,2020-10-25,conventional,4,0 days 00:01:17.421000,0 days 00:01:17.367000,0 days 00:01:17.090000,12,1,0,0,6.0,6.666666666666667,0.2,53.0,6.5,9.5,3.1666666666666665,10.0,4,6.0,6.666666666666667,7.0,3.0,3.0,0.0,12.0,12.048809773761697,0.0,0.0,4.0,6.0,3.0,-2.0
2020,13,leclerc,ferrari,7,5,5,Finished,10.0,63,Emilia Romagna Grand Prix,Imola,2020-11-01,conventional,7,0 days 00:01:15.123000,0 days 00:01:15.017000,0 days 00:01:14.616000,10,1,0,0,8.666666666666666,6.333333333333333,0.1,54.0,5.0,10.5,4.5,10.0,4,12.0,6.333333333333333,5.0,-2.0,0.0,2.0,8.0,4.795892849177146,2.0,0.0,4.0,6.0,3.0,-2.0
2020,14,leclerc,ferrari,12,4,4,Finished,12.0,58,Turkish Grand Prix,Istanbul,2020-11-15,conventional,14,0 days 00:02:04.464000,0 days 00:01:56.696000,,12,1,0,0,9.333333333333334,5.0,0.1,55.0,13.5,13.0,4.833333333333333,9.166666666666666,7,10.0,5.0,4.0,-10.0,0.0,10.0,4.0,4.645930219164126,8.0,0.0,2.0,6.0,3.0,-4.0
2020,15,leclerc,ferrari,12,10,10,+1 Lap,1.0,56,Bahrain Grand Prix,Sakhir,2020-11-29,conventional,12,0 days 00:01:29.137000,0 days 00:01:29.165000,,1,1,0,0,11.333333333333334,8.333333333333334,0.1,56.0,0.5,11.5,8.333333333333334,11.0,14,12.0,8.333333333333334,7.0,-5.0,0.0,5.0,10.0,7.856428641399163,0.0,9.0,10.0,0.0,3.0,10.0
2020,16,leclerc,ferrari,4,20,R,Collision,0.0,0,Sakhir Grand Prix,Sakhir,2020-12-06,conventional,4,0 days 00:00:54.249000,0 days 00:00:53.825000,0 days 00:00:53.613000,0,0,0,1,7.666666666666667,11.0,0.1,57.0,0.0,8.5,6.333333333333333,11.666666666666666,12,1.0,11.0,10.0,6.0,6.0,0.0,15.0,9.916332849282217,0.0,15.0,10.0,9.0,3.0,1.0
2020,17,leclerc,ferrari,12,13,13,+1 Lap,0.0,54,Abu Dhabi Grand Prix,Yas Island,2020-12-13,conventional,9,0 days 00:01:35.881000,0 days 00:01:35.932000,0 days 00:01:36.065000,0,0,0,0,4.333333333333333,10.0,0.2,58.0,0.0,11.0,4.666666666666667,11.0,4,0.0,10.0,9.0,0.0,0.0,-0.0,0.0,3.9116686504262606,0.0,0.0,8.0,24.0,3.0,-16.0
2021,1,leclerc,ferrari,4,6,6,Finished,8.0,56,Bahrain Grand Prix,Sakhir,2021-03-28,conventional,4,0 days 00:01:30.691000,0 days 00:01:30.010000,0 days 00:01:29.678000,8,1,0,0,0.3333333333333333,8.333333333333334,0.2,59.0,6.0,6.0,0.16666666666666666,10.333333333333334,9,0.0,8.333333333333334,4.0,0.0,0.0,-0.0,12.0,10.09533203448345,0.0,4.0,0.0,0.0,0.0,0.0
2021,2,leclerc,ferrari,4,4,4,Finished,12.0,63,Emilia Romagna Grand Prix,Imola,2021-04-18,conventional,4,0 days 00:01:15.413000,0 days 00:01:14.808000,0 days 00:01:14.740000,12,1,0,0,2.6666666666666665,5.666666666666667,0.1,60.0,11.0,7.5,2.0,8.5,4,8.0,5.666666666666667,4.0,0.0,0.0,-0.0,12.0,11.951074061050583,0.0,0.0,0.0,4.0,1.0,-4.0
2021,3,leclerc,ferrari,8,6,6,Finished,8.0,66,Portuguese Grand Prix,Portimão,2021-05-02,conventional,8,0 days 00:01:19.373000,0 days 00:01:18.769000,0 days 00:01:19.306000,8,1,0,0,6.666666666666667,5.666666666666667,0.1,61.0,4.0,6.5,5.666666666666667,8.166666666666666,4,12.0,5.666666666666667,4.0,-4.0,0.0,4.0,0.0,3.2304837942516063,8.0,0.0,0.0,4.0,2.0,-4.0
2021,4,leclerc,ferrari,4,4,4,Finished,12.0,66,Spanish Grand Prix,Barcelona,2021-05-09,conventional,4,0 days 00:01:18.041000,0 days 00:01:17.717000,0 days 00:01:17.510000,12,1,0,0,9.333333333333334,5.333333333333333,0.1,62.0,9.0,5.0,7.0,6.666666666666667,8,8.0,5.333333333333333,4.0,0.0,0.0,-0.0,12.0,9.477799955022531,0.0,0.0,8.0,4.0,3.0,4.0
2021,5,leclerc,ferrari,1,20,W,Driveshaft,0.0,0,Monaco Grand Prix,Monte Carlo,2021-05-23,conventional,1,0 days 00:01:11.113000,0 days 00:01:10.597000,0 days 00:01:10.346000,0,0,0,0,10.666666666666666,5.333333333333333,0.1,63.0,9.0,2.5,8.0,6.333333333333333,4,12.0,5.333333333333333,5.0,4.0,4.0,0.0,15.0,15.571498658301106,0.0,15.0,8.0,0.0,3.0,8.0
2021,6,leclerc,ferrari,1,4,4,Finished,12.0,51,Azerbaijan Grand Prix,Baku,2021-06-06,conventional,1,0 days 00:01:42.241000,0 days 00:01:41.659000,0 days 00:01:41.218000,12,1,0,0,6.666666666666667,4.333333333333333,0.1,64.0,8.0,3.0,7.333333333333333,4.666666666666667,1,0.0,4.333333333333333,4.0,3.0,3.0,0.0,18.0,12.31910631176041,0.0,6.0,8.0,15.0,3.0,-7.0
2021,7,leclerc,ferrari,7,16,16,+1 Lap,0.0,52,French Grand Prix,Le Castellet,2021-06-20,conventional,7,0 days 00:01:32.209000,0 days 00:01:31.567000,0 days 00:01:30.987000,0,0,0,0,8.0,2.0,0.1,65.0,0.0,6.0,8.666666666666666,3.5,1,12.0,2.0,1.0,-6.0,0.0,6.0,12.0,8.260729468314654,0.0,12.0,0.0,21.0,3.0,-21.0
2021,8,leclerc,ferrari,7,7,7,+1 Lap,6.0,70,Styrian Grand Prix,Spielberg,2021-06-27,conventional,7,0 days 00:01:04.745000,0 days 00:01:04.646000,0 days 00:01:04.472000,6,1,0,0,4.0,3.0,0.1,66.0,7.0,9.5,5.666666666666667,3.8333333333333335,7,0.0,3.0,2.0,-5.0,0.0,5.0,8.0,7.232107081057841,0.0,2.0,0.0,33.0,3.0,-33.0
2021,9,leclerc,ferrari,12,8,8,Finished,4.0,71,Austrian Grand Prix,Spielberg,2021-07-04,conventional,12,0 days 00:01:04.906000,0 days 00:01:04.600000,,4,1,0,0,6.0,5.0,0.1,67.0,7.0,11.5,5.0,6.166666666666667,7,6.0,5.0,4.0,-8.0,0.0,8.0,4.0,7.335382480542342,0.0,0.0,0.0,20.0,3.0,-20.0
2021,11,leclerc,ferrari,7,18,R,Collision,0.0,0,Hungarian Grand Prix,Budapest,2021-08-01,conventional,7,0 days 00:01:17.084000,0 days 00:01:16.574000,0 days 00:01:16.496000,0,0,0,1,3.3333333333333335,8.666666666666666,0.0,68.0,7.5,11.0,4.666666666666667,9.0,12,4.0,8.666666666666666,7.0,0.0,0.0,-0.0,8.0,6.772074203635999,0.0,8.0,0.0,14.0,3.0,-14.0
2021,12,leclerc,ferrari,9,8,8,Finished,2.0,1,Belgian Grand Prix,Spa-Francorchamps,2021-08-29,conventional,11,0 days 00:02:00.728000,0 days 00:01:57.721000,,4,1,0,0,3.3333333333333335,8.666666666666666,0.1,69.0,2.5,12.0,7.166666666666667,10.666666666666666,7,0.0,8.666666666666666,7.0,-4.0,0.0,4.0,0.0,3.259996937689065,4.0,0.0,0.0,10.0,3.0,-10.0
2021,13,leclerc,ferrari,5,5,5,+1 Lap,10.0,71,Dutch Grand Prix,Zandvoort,2021-09-05,conventional,5,0 days 00:01:09.829000,0 days 00:01:09.437000,0 days 00:01:09.527000,10,1,0,0,2.6666666666666665,10.0,0.1,70.0,8.0,5.5,5.666666666666667,11.5,11,4.0,10.0,10.0,5.0,5.0,0.0,2.0,3.929140180287389,8.0,0.0,4.0,8.0,3.0,-4.0
2021,15,leclerc,ferrari,19,15,15,+1 Lap,0.0,52,Russian Grand Prix,Sochi,2021-09-26,conventional,15,0 days 00:01:48.470000,,,0,0,0,0,4.666666666666667,7.666666666666667,0.1,71.0,7.5,8.5,6.0,9.5,5,10.0,7.666666666666667,5.0,-10.0,0.0,10.0,0.0,3.9389089630201144,0.0,0.0,12.0,8.0,3.0,4.0
2021,16,leclerc,ferrari,3,4,4,Finished,12.0,58,Turkish Grand Prix,Istanbul,2021-10-10,conventional,4,0 days 00:01:24.869000,0 days 00:01:24.015000,0 days 00:01:23.265000,12,1,0,0,4.666666666666667,10.333333333333334,0.1,72.0,8.0,9.5,6.0,8.666666666666666,15,0.0,10.333333333333334,11.0,7.0,7.0,0.0,12.0,8.557741719232746,0.0,0.0,12.0,0.0,3.0,12.0
2021,17,leclerc,ferrari,4,4,4,Finished,12.0,56,United States Grand Prix,Austin,2021-10-24,conventional,5,0 days 00:01:34.153000,0 days 00:01:33.928000,0 days 00:01:33.606000,12,1,0,0,7.333333333333333,8.0,0.1,73.0,9.0,5.5,7.833333333333333,7.833333333333333,4,12.0,8.0,7.0,2.0,2.0,0.0,8.0,9.242805635961826,4.0,0.0,8.0,0.0,3.0,8.0
2021,18,leclerc,ferrari,8,5,5,Finished,10.0,71,Mexico City Grand Prix,Mexico City,2021-11-07,conventional,8,0 days 00:01:16.748000,0 days 00:01:17.034000,0 days 00:01:16.837000,10,1,0,0,8.0,8.0,0.1,74.0,9.0,7.0,8.166666666666666,7.833333333333333,5,12.0,8.0,6.0,-2.0,0.0,2.0,4.0,6.199029704676384,6.0,0.0,4.0,0.0,3.0,4.0
2021,20,leclerc,ferrari,13,8,8,Finished,4.0,57,Qatar Grand Prix,Lusail,2021-11-21,conventional,13,0 days 00:01:22.742000,0 days 00:01:22.463000,,4,1,0,0,11.333333333333334,5.666666666666667,0.1,75.0,5.0,10.0,8.666666666666666,7.333333333333333,8,10.0,5.666666666666667,5.0,-8.0,0.0,8.0,12.0,7.540956439001219,0.0,8.0,10.0,0.0,3.0,10.0
2021,21,leclerc,ferrari,4,7,7,Finished,6.0,50,Saudi Arabian Grand Prix,Jeddah,2021-12-05,conventional,4,0 days 00:01:28.310000,0 days 00:01:28.459000,0 days 00:01:28.054000,6,1,0,0,8.666666666666666,8.666666666666666,0.1,76.0,5.0,9.5,7.666666666666667,7.5,13,4.0,8.666666666666666,8.0,4.0,4.0,0.0,12.0,9.327319940546213,0.0,6.0,10.0,8.0,3.0,2.0
2021,22,leclerc,ferrari,7,10,10,Finished,1.0,58,Abu Dhabi Grand Prix,Yas Island,2021-12-12,conventional,7,0 days 00:01:23.467000,0 days 00:01:23.202000,0 days 00:01:23.122000,1,1,0,0,6.666666666666667,8.333333333333334,0.1,77.0,8.0,6.0,6.333333333333333,8.833333333333334,4,6.0,8.333333333333334,7.0,0.0,0.0,-0.0,4.0,4.252827964252115,0.0,3.0,6.0,14.0,3.0,-8.0
2022,1,leclerc,ferrari,1,1,1,Finished,26.0,57,Bahrain Grand Prix,Sakhir,2022-03-20,conventional,1,0 days 00:01:31.471000,0 days 00:01:30.932000,0 days 00:01:30.558000,25,1,1,0,3.6666666666666665,8.0,0.1,78.0,21.5,2.0,6.0,8.5,7,1.0,8.0,8.0,7.0,7.0,0.0,10.0,10.135204235167137,15.0,0.0,0.0,0.0,0.0,0.0
2022,2,leclerc,ferrari,2,2,2,Finished,19.0,50,Saudi Arabian Grand Prix,Jeddah,2022-03-27,conventional,2,0 days 00:01:29.039000,0 days 00:01:28.780000,0 days 00:01:28.225000,18,1,1,0,10.666666666666666,4.0,0.0,79.0,16.5,2.5,11.5,5.833333333333333,1,25.0,4.0,3.0,1.0,1.0,0.0,8.0,7.506999298447514,10.0,0.0,15.0,0.0,1.0,15.0
2022,3,leclerc,ferrari,1,1,1,Finished,26.0,58,Australian Grand Prix,Melbourne,2022-04-10,conventional,1,0 days 00:01:18.881000,0 days 00:01:18.606000,0 days 00:01:17.868000,25,1,1,0,14.666666666666666,3.3333333333333335,0.0,80.0,12.5,5.0,15.333333333333334,3.5,2,18.0,3.3333333333333335,3.0,2.0,2.0,0.0,18.0,15.430595639674028,7.0,0.0,25.0,0.0,2.0,25.0
2022,5,leclerc,ferrari,1,2,2,Finished,18.0,57,Miami Grand Prix,Miami,2022-05-08,conventional,1,0 days 00:01:29.474000,0 days 00:01:29.130000,0 days 00:01:28.796000,18,1,1,0,22.666666666666668,1.3333333333333333,0.0,81.0,16.5,1.5,16.833333333333332,3.1666666666666665,1,25.0,1.3333333333333333,1.0,0.0,0.0,-0.0,18.0,11.972646955076048,0.0,0.0,32.0,0.0,3.0,32.0
2022,6,leclerc,ferrari,1,20,R,Turbo,0.0,27,Spanish Grand Prix,Barcelona,2022-05-22,conventional,1,0 days 00:01:19.861000,0 days 00:01:19.969000,0 days 00:01:18.750000,0,0,0,0,20.333333333333332,1.3333333333333333,0.0,82.0,6.0,2.0,15.166666666666666,3.0,1,18.0,1.3333333333333333,1.0,0.0,0.0,-0.0,25.0,17.05296793347764,0.0,25.0,17.0,0.0,3.0,17.0
2022,7,leclerc,ferrari,1,4,4,Finished,12.0,64,Monaco Grand Prix,Monaco,2022-05-29,conventional,1,0 days 00:01:12.569000,0 days 00:01:11.864000,0 days 00:01:11.376000,12,1,0,0,14.333333333333334,1.0,0.0,83.0,15.0,1.5,11.666666666666666,2.8333333333333335,1,0.0,1.0,1.0,0.0,0.0,-0.0,25.0,15.988332954356967,0.0,13.0,7.0,25.0,3.0,-18.0
2022,8,leclerc,ferrari,1,19,R,Power Unit,0.0,21,Azerbaijan Grand Prix,Baku,2022-06-12,conventional,1,0 days 00:01:42.865000,0 days 00:01:42.046000,0 days 00:01:41.359000,0,0,0,0,10.0,1.0,0.0,84.0,0.0,2.5,12.5,1.6666666666666667,1,12.0,1.0,1.0,0.0,0.0,-0.0,15.0,11.687442841524817,0.0,15.0,0.0,38.0,3.0,-38.0
2022,9,leclerc,ferrari,19,5,5,Finished,10.0,70,Canadian Grand Prix,Montréal,2022-06-19,conventional,15,0 days 00:01:33.008000,,,10,1,0,0,4.0,1.0,0.0,85.0,14.0,9.0,7.0,2.0,1,0.0,1.0,1.0,-14.0,0.0,14.0,0.0,0.5702824148344403,10.0,0.0,0.0,53.0,3.0,-53.0
2022,10,leclerc,ferrari,3,4,4,Finished,12.0,52,British Grand Prix,Silverstone,2022-07-03,conventional,3,0 days 00:01:39.846000,0 days 00:01:41.247000,0 days 00:01:41.298000,12,1,0,0,7.333333333333333,5.666666666666667,0.0,86.0,18.5,2.0,9.666666666666666,4.333333333333333,15,10.0,5.666666666666667,3.0,0.0,0.0,-0.0,18.0,14.982132109821007,0.0,6.0,10.0,28.0,3.0,-18.0
2022,12,leclerc,ferrari,1,19,R,Accident,0.0,17,French Grand Prix,Le Castellet,2022-07-24,conventional,1,0 days 00:01:31.727000,0 days 00:01:31.216000,0 days 00:01:30.872000,0,0,0,1,7.333333333333333,6.333333333333333,0.0,87.0,5.0,5.0,10.833333333333334,4.5,3,12.0,6.333333333333333,5.0,4.0,4.0,0.0,12.0,13.3817927147057,0.0,12.0,10.0,21.0,3.0,-11.0
2022,13,leclerc,ferrari,3,6,6,Finished,8.0,70,Hungarian Grand Prix,Budapest,2022-07-31,conventional,3,0 days 00:01:18.806000,0 days 00:01:17.768000,0 days 00:01:17.567000,8,1,0,0,7.333333333333333,6.333333333333333,0.1,88.0,10.0,2.5,12.5,5.333333333333333,1,0.0,6.333333333333333,5.0,2.0,2.0,0.0,18.0,10.36023837447333,0.0,10.0,10.0,18.0,3.0,-8.0
2022,14,leclerc,ferrari,15,6,6,Finished,8.0,44,Belgian Grand Prix,Spa-Francorchamps,2022-08-28,conventional,4,0 days 00:01:45.572000,0 days 00:01:44.551000,0 days 00:01:44.553000,8,1,0,0,6.666666666666667,2.3333333333333335,0.1,89.0,11.5,3.0,11.166666666666666,3.1666666666666665,3,8.0,2.3333333333333335,1.0,-3.0,0.0,3.0,10.0,9.253293903726275,0.0,2.0,0.0,28.0,3.0,-28.0
2022,15,leclerc,ferrari,2,3,3,Finished,15.0,72,Dutch Grand Prix,Zandvoort,2022-09-04,conventional,2,0 days 00:01:11.443000,0 days 00:01:10.988000,0 days 00:01:10.363000,15,1,1,0,5.333333333333333,2.6666666666666665,0.1,90.0,9.5,2.5,8.833333333333334,3.5,4,8.0,2.6666666666666665,1.0,-1.0,0.0,1.0,15.0,13.588611284148435,0.0,0.0,0.0,24.0,3.0,-24.0
2022,16,leclerc,ferrari,1,2,2,Finished,18.0,53,Italian Grand Prix,Monza,2022-09-11,conventional,1,0 days 00:01:21.280000,0 days 00:01:21.208000,0 days 00:01:20.161000,18,1,1,0,10.333333333333334,3.0,0.1,91.0,15.0,2.0,10.333333333333334,2.6666666666666665,2,15.0,3.0,2.0,1.0,1.0,0.0,8.0,9.458576335984368,10.0,0.0,0.0,12.0,3.0,-12.0
2022,17,leclerc,ferrari,1,2,2,Finished,18.0,59,Singapore Grand Prix,Marina Bay,2022-10-02,conventional,1,0 days 00:01:54.129000,0 days 00:01:52.343000,0 days 00:01:49.412000,18,1,1,0,13.666666666666666,2.3333333333333335,0.1,92.0,16.5,2.5,12.0,2.5,1,18.0,2.3333333333333335,2.0,1.0,1.0,0.0,12.0,9.916504726574843,6.0,0.0,10.0,2.0,3.0,8.0
2022,18,leclerc,ferrari,2,3,3,Finished,15.0,28,Japanese Grand Prix,Suzuka,2022-10-09,conventional,2,0 days 00:01:30.402000,0 days 00:01:30.486000,0 days 00:01:29.314000,15,1,1,0,17.0,1.3333333333333333,0.1,93.0,7.5,2.5,13.666666666666666,2.3333333333333335,1,18.0,1.3333333333333333,1.0,-1.0,0.0,1.0,12.0,8.020595014675921,3.0,0.0,16.0,0.0,3.0,16.0
2022,19,leclerc,ferrari,12,3,3,Finished,15.0,56,United States Grand Prix,Austin,2022-10-23,conventional,2,0 days 00:01:35.795000,0 days 00:01:35.246000,0 days 00:01:34.421000,15,1,1,0,17.0,1.3333333333333333,0.1,94.0,7.5,1.5,13.0,2.3333333333333335,2,15.0,1.3333333333333333,1.0,-1.0,0.0,1.0,12.0,10.638264472673153,3.0,0.0,19.0,0.0,3.0,19.0
2022,20,leclerc,ferrari,7,6,6,Finished,8.0,71,Mexico City Grand Prix,Mexico City,2022-10-30,conventional,7,0 days 00:01:19.505000,0 days 00:01:19.109000,0 days 00:01:18.555000,8,1,0,0,16.0,1.6666666666666667,0.1,95.0,9.0,6.0,10.5,2.1666666666666665,2,15.0,1.6666666666666667,1.0,-6.0,0.0,6.0,8.0,7.6176620502211545,0.0,0.0,12.0,0.0,3.0,12.0
2022,22,leclerc,ferrari,3,2,2,Finished,18.0,58,Abu Dhabi Grand Prix,Yas Island,2022-11-20,conventional,3,0 days 00:01:25.211000,0 days 00:01:24.517000,0 days 00:01:24.092000,18,1,1,0,12.666666666666666,3.6666666666666665,0.1,96.0,15.0,3.5,8.0,3.3333333333333335,7,8.0,3.6666666666666665,3.0,0.0,0.0,-0.0,10.0,10.705505273796586,8.0,0.0,6.0,0.0,3.0,6.0
2023,1,leclerc,ferrari,3,19,R,Retired,0.0,39,Bahrain Grand Prix,Sakhir,2023-03-05,conventional,3,0 days 00:01:31.094000,0 days 00:01:30.282000,0 days 00:01:30,0,0,0,0,13.666666666666666,4.0,0.1,97.0,6.0,3.5,10.5,3.6666666666666665,3,18.0,4.0,4.0,1.0,1.0,0.0,15.0,13.771615338712847,0.0,15.0,0.0,0.0,0.0,0.0
2023,2,leclerc,ferrari,12,7,7,Finished,6.0,50,Saudi Arabian Grand Prix,Jeddah,2023-03-19,conventional,2,0 days 00:01:29.376000,0 days 00:01:28.903000,0 days 00:01:28.420000,6,1,0,0,8.666666666666666,4.333333333333333,0.0,98.0,7.0,3.5,10.0,4.333333333333333,3,0.0,4.333333333333333,3.0,1.0,1.0,0.0,25.0,14.980014450479478,0.0,19.0,0.0,15.0,1.0,-15.0
2023,3,leclerc,ferrari,7,20,R,Retired,0.0,0,Australian Grand Prix,Melbourne,2023-04-02,conventional,7,0 days 00:01:18.218000,0 days 00:01:17.390000,0 days 00:01:17.369000,0,0,0,0,8.0,2.6666666666666665,0.0,99.0,0.0,6.0,9.333333333333334,3.5,2,6.0,2.6666666666666665,2.0,-5.0,0.0,5.0,8.0,6.643196595900207,0.0,8.0,0.0,34.0,2.0,-34.0
2023,5,leclerc,ferrari,7,7,7,Finished,6.0,57,Miami Grand Prix,Miami,2023-05-07,conventional,7,0 days 00:01:27.713000,0 days 00:01:26.964000,0 days 00:01:27.861000,6,1,0,0,2.0,4.0,0.0,100.0,8.0,5.0,4.333333333333333,4.333333333333333,7,0.0,4.0,2.0,-5.0,0.0,5.0,6.0,4.814344440067217,0.0,0.0,0.0,42.0,3.0,-42.0
2023,6,leclerc,ferrari,6,6,6,Finished,8.0,78,Monaco Grand Prix,Monaco,2023-05-28,conventional,3,0 days 00:01:12.912000,0 days 00:01:12.103000,0 days 00:01:11.471000,8,1,0,0,4.0,5.333333333333333,0.0,101.0,6.0,4.0,5.0,4.833333333333333,7,6.0,5.333333333333333,4.0,1.0,1.0,0.0,12.0,10.757605150523062,0.0,4.0,0.0,27.0,3.0,-27.0
2023,7,leclerc,ferrari,19,11,11,Finished,0.0,66,Spanish Grand Prix,Barcelona,2023-06-04,conventional,19,0 days 00:01:14.079000,,,0,0,0,0,4.666666666666667,5.666666666666667,0.0,102.0,5.0,10.5,4.666666666666667,5.0,3,8.0,5.666666666666667,5.0,-14.0,0.0,14.0,0.0,1.9399185814978797,0.0,0.0,0.0,12.0,3.0,-12.0
2023,8,leclerc,ferrari,10,4,4,Finished,12.0,70,Canadian Grand Prix,Montréal,2023-06-18,conventional,11,0 days 00:01:21.843000,0 days 00:01:20.615000,,12,1,0,0,4.666666666666667,9.666666666666666,0.0,103.0,11.0,9.5,6.333333333333333,6.5,19,0.0,9.666666666666666,8.0,-3.0,0.0,3.0,1.0,3.371893773186309,11.0,0.0,0.0,4.0,3.0,-4.0
2023,10,leclerc,ferrari,4,9,9,Finished,2.0,52,British Grand Prix,Silverstone,2023-07-09,conventional,4,0 days 00:01:29.143000,0 days 00:01:28.361000,0 days 00:01:27.136000,2,1,0,0,6.666666666666667,11.0,0.0,104.0,1.5,4.5,7.333333333333333,8.0,11,12.0,11.0,11.0,7.0,7.0,0.0,12.0,10.918837165331645,0.0,10.0,11.0,4.0,3.0,7.0
2023,11,leclerc,ferrari,6,7,7,Finished,6.0,70,Hungarian Grand Prix,Budapest,2023-07-23,conventional,6,0 days 00:01:18.440000,0 days 00:01:17.580000,0 days 00:01:16.992000,6,1,0,0,4.666666666666667,11.333333333333334,0.0,105.0,5.0,8.5,5.833333333333333,8.166666666666666,4,2.0,11.333333333333334,12.0,6.0,6.0,0.0,4.0,4.1333608831183755,2.0,0.0,11.0,10.0,3.0,1.0
2023,13,leclerc,ferrari,9,19,R,Undertray,0.0,41,Dutch Grand Prix,Zandvoort,2023-08-27,conventional,9,0 days 00:01:22.019000,0 days 00:01:19.600000,0 days 00:01:12.665000,0,0,0,0,6.666666666666667,7.0,0.0,106.0,5.0,7.5,5.833333333333333,7.5,6,6.0,7.0,6.0,-3.0,0.0,3.0,1.0,2.783812257738073,0.0,1.0,13.0,10.0,3.0,3.0
2023,14,leclerc,ferrari,3,4,4,Finished,12.0,51,Italian Grand Prix,Monza,2023-09-03,conventional,3,0 days 00:01:21.788000,0 days 00:01:20.977000,0 days 00:01:20.361000,12,1,0,0,2.6666666666666665,6.333333333333333,0.0,107.0,13.5,2.0,3.8333333333333335,6.833333333333333,9,0.0,6.333333333333333,4.0,1.0,1.0,0.0,15.0,10.9074757529627,0.0,3.0,2.0,11.0,3.0,-9.0
2023,15,leclerc,ferrari,3,4,4,Finished,12.0,62,Singapore Grand Prix,Marina Bay,2023-09-17,conventional,3,0 days 00:01:32.406000,0 days 00:01:32.012000,0 days 00:01:31.063000,12,1,0,0,6.0,6.0,0.0,108.0,18.5,2.0,7.833333333333333,6.0,3,12.0,6.0,3.0,0.0,0.0,-0.0,15.0,12.644089494416768,0.0,3.0,2.0,4.0,3.0,-2.0
2023,16,leclerc,ferrari,4,4,4,Finished,12.0,53,Japanese Grand Prix,Suzuka,2023-09-24,conventional,4,0 days 00:01:30.393000,0 days 00:01:29.940000,0 days 00:01:29.542000,12,1,0,0,8.0,5.0,0.0,109.0,10.0,5.0,12.333333333333334,3.8333333333333335,3,12.0,5.0,4.0,0.0,0.0,-0.0,8.0,8.96563376562077,4.0,0.0,0.0,7.0,3.0,-7.0
2023,19,leclerc,ferrari,1,3,3,Finished,15.0,71,Mexico City Grand Prix,Mexico City,2023-10-29,conventional,1,0 days 00:01:18.401000,0 days 00:01:17.901000,0 days 00:01:17.166000,15,1,1,0,12.0,3.3333333333333335,0.0,110.0,13.5,1.5,14.0,3.0,4,12.0,3.3333333333333335,2.0,1.0,1.0,0.0,12.0,12.623232673104418,3.0,0.0,4.0,6.0,3.0,-2.0
2023,21,leclerc,ferrari,1,2,2,Finished,18.0,50,Las Vegas Grand Prix,Las Vegas,2023-11-18,conventional,1,0 days 00:01:33.617000,0 days 00:01:32.775000,0 days 00:01:32.726000,18,1,1,0,13.0,2.6666666666666665,0.0,111.0,13.0,1.5,14.0,2.8333333333333335,1,15.0,2.6666666666666665,1.0,0.0,0.0,-0.0,18.0,15.212640325460645,0.0,0.0,7.0,3.0,3.0,4.0
2023,22,leclerc,ferrari,2,2,2,Finished,18.0,58,Abu Dhabi Grand Prix,Yas Island,2023-11-26,conventional,2,0 days 00:01:24.459000,0 days 00:01:23.969000,0 days 00:01:23.584000,18,1,1,0,15.0,2.0,0.0,112.0,9.0,9.0,12.166666666666666,2.6666666666666665,1,18.0,2.0,1.0,-1.0,0.0,1.0,18.0,11.811283298800404,0.0,0.0,7.0,0.0,3.0,7.0
2024,1,leclerc,ferrari,2,4,4,Finished,12.0,57,Bahrain Grand Prix,Sakhir,2024-03-02,conventional,2,0 days 00:01:30.243000,0 days 00:01:29.165000,0 days 00:01:29.407000,12,1,0,0,17.0,1.3333333333333333,0.0,113.0,13.5,3.0,11.833333333333334,4.0,2,18.0,1.3333333333333333,1.0,-1.0,0.0,1.0,8.0,5.537958466731776,4.0,0.0,0.0,0.0,0.0,0.0
2024,2,leclerc,ferrari,2,3,3,Finished,16.0,50,Saudi Arabian Grand Prix,Jeddah,2024-03-09,conventional,2,0 days 00:01:28.318000,0 days 00:01:28.112000,0 days 00:01:27.791000,15,1,1,0,16.0,1.6666666666666667,0.0,114.0,10.5,6.5,11.833333333333334,4.5,2,12.0,1.6666666666666667,1.0,-1.0,0.0,1.0,15.0,16.97266649965657,0.0,0.0,4.0,0.0,1.0,4.0
2024,3,leclerc,ferrari,4,2,2,Finished,19.0,58,Australian Grand Prix,Melbourne,2024-03-24,conventional,5,0 days 00:01:16.984000,0 days 00:01:16.304000,0 days 00:01:16.435000,18,1,1,0,15.0,2.0,0.0,115.0,21.5,3.5,11.0,6.166666666666667,2,15.0,2.0,2.0,-3.0,0.0,3.0,12.0,11.932152591208386,6.0,0.0,4.0,0.0,2.0,4.0
2024,4,leclerc,ferrari,8,4,4,Finished,12.0,53,Japanese Grand Prix,Suzuka,2024-04-07,conventional,8,0 days 00:01:29.338000,0 days 00:01:29.196000,0 days 00:01:28.786000,12,1,0,0,15.0,3.0,0.0,116.0,13.5,6.0,15.166666666666666,4.333333333333333,5,18.0,3.0,2.0,-6.0,0.0,6.0,8.0,9.403994427756492,4.0,0.0,10.0,0.0,3.0,10.0
2024,7,leclerc,ferrari,3,3,3,Finished,15.0,63,Emilia Romagna Grand Prix,Imola,2024-05-19,conventional,4,0 days 00:01:15.823000,0 days 00:01:15.328000,0 days 00:01:14.970000,15,1,1,0,15.0,5.0,0.0,117.0,12.5,4.5,15.166666666666666,5.333333333333333,8,12.0,5.0,5.0,1.0,1.0,0.0,18.0,17.011769981819263,0.0,3.0,10.0,0.0,3.0,10.0
2024,8,leclerc,ferrari,1,1,1,Finished,25.0,78,Monaco Grand Prix,Monaco,2024-05-26,conventional,1,0 days 00:01:11.584000,0 days 00:01:10.825000,0 days 00:01:10.270000,25,1,1,0,15.0,5.666666666666667,0.0,118.0,20.0,2.0,15.833333333333334,4.666666666666667,4,15.0,5.666666666666667,6.0,5.0,5.0,0.0,25.0,20.110769765009245,0.0,0.0,10.0,3.0,3.0,7.0
2024,9,leclerc,ferrari,11,19,R,Retired,0.0,40,Canadian Grand Prix,Montréal,2024-06-09,conventional,11,0 days 00:01:13.107000,0 days 00:01:12.691000,,0,0,0,0,17.333333333333332,4.333333333333333,0.0,119.0,0.0,11.5,15.333333333333334,4.166666666666667,1,25.0,4.333333333333333,5.0,-6.0,0.0,6.0,8.0,7.120666927832765,0.0,8.0,4.0,3.0,3.0,1.0
2024,10,leclerc,ferrari,5,5,5,Finished,10.0,66,Spanish Grand Prix,Barcelona,2024-06-23,conventional,5,0 days 00:01:12.257000,0 days 00:01:12.038000,0 days 00:01:11.731000,10,1,0,0,13.333333333333334,5.333333333333333,0.0,120.0,9.0,5.5,10.833333333333334,6.0,11,0.0,5.333333333333333,5.0,0.0,0.0,-0.0,8.0,9.344208269472423,2.0,0.0,0.0,11.0,3.0,-11.0
2024,12,leclerc,ferrari,11,14,14,Lapped,0.0,51,British Grand Prix,Silverstone,2024-07-07,conventional,11,0 days 00:01:30.496000,0 days 00:01:27.097000,,0,0,0,0,11.666666666666666,5.666666666666667,0.0,121.0,5.0,9.0,9.666666666666666,6.333333333333333,5,10.0,5.666666666666667,6.0,-5.0,0.0,5.0,10.0,7.65657153116908,0.0,10.0,2.0,8.0,3.0,-6.0
2024,13,leclerc,ferrari,6,4,4,Finished,12.0,70,Hungarian Grand Prix,Budapest,2024-07-21,conventional,6,0 days 00:01:17.437000,0 days 00:01:15.891000,0 days 00:01:15.905000,12,1,0,0,3.3333333333333335,9.0,0.0,122.0,10.0,5.0,4.666666666666667,8.666666666666666,11,0.0,9.0,8.0,2.0,2.0,0.0,8.0,8.052853320553174,4.0,0.0,2.0,18.0,3.0,-16.0
2024,14,leclerc,ferrari,1,3,3,Finished,15.0,44,Belgian Grand Prix,Spa-Francorchamps,2024-07-28,conventional,2,0 days 00:01:55.349000,0 days 00:01:54.193000,0 days 00:01:53.754000,15,1,1,0,7.333333333333333,7.333333333333333,0.0,123.0,11.5,5.0,8.0,6.5,6,12.0,7.333333333333333,6.0,4.0,4.0,0.0,15.0,15.757279479461715,0.0,0.0,6.0,10.0,3.0,-4.0
2024,15,leclerc,ferrari,6,3,3,Finished,15.0,72,Dutch Grand Prix,Zandvoort,2024-08-25,conventional,6,0 days 00:01:11.370000,0 days 00:01:10.689000,0 days 00:01:10.582000,15,1,1,0,9.0,6.333333333333333,0.0,124.0,12.5,8.0,8.833333333333334,6.333333333333333,2,15.0,6.333333333333333,5.0,-1.0,0.0,1.0,12.0,13.501735107699165,3.0,0.0,4.0,10.0,3.0,-6.0
2024,16,leclerc,ferrari,4,1,1,Finished,25.0,53,Italian Grand Prix,Monza,2024-09-01,conventional,4,0 days 00:01:20.074000,0 days 00:01:20.007000,0 days 00:01:19.461000,25,1,1,0,14.0,4.666666666666667,0.0,125.0,18.5,4.5,11.333333333333334,6.0,6,15.0,4.666666666666667,4.0,0.0,0.0,-0.0,18.0,16.111657697640197,7.0,0.0,7.0,0.0,3.0,7.0
2024,17,leclerc,ferrari,1,2,2,Finished,18.0,51,Azerbaijan Grand Prix,Baku,2024-09-15,conventional,1,0 days 00:01:42.775000,0 days 00:01:42.056000,0 days 00:01:41.365000,18,1,1,0,18.333333333333332,4.0,0.0,126.0,9.0,2.0,14.166666666666666,5.833333333333333,4,25.0,4.0,4.0,3.0,3.0,0.0,25.0,22.738979584909735,0.0,7.0,10.0,0.0,3.0,10.0
2024,18,leclerc,ferrari,9,5,5,Finished,10.0,62,Singapore Grand Prix,Marina Bay,2024-09-22,conventional,9,0 days 00:01:30.786000,0 days 00:01:29.747000,,10,1,0,0,19.333333333333332,3.6666666666666665,0.0,127.0,8.0,9.5,13.333333333333334,4.833333333333333,1,18.0,3.6666666666666665,2.0,-7.0,0.0,7.0,8.0,6.744963969503244,2.0,0.0,10.0,7.0,3.0,3.0
2024,20,leclerc,ferrari,4,3,3,Finished,16.0,71,Mexico City Grand Prix,Mexico City,2024-10-27,conventional,4,0 days 00:01:16.972000,0 days 00:01:16.641000,0 days 00:01:16.265000,15,1,1,0,17.666666666666668,4.666666666666667,0.0,128.0,20.0,2.5,11.833333333333334,5.333333333333333,9,10.0,4.666666666666667,3.0,-1.0,0.0,1.0,15.0,11.2934077612271,0.0,0.0,9.0,7.0,3.0,2.0
2024,22,leclerc,ferrari,4,4,4,Finished,12.0,50,Las Vegas Grand Prix,Las Vegas,2024-11-23,conventional,4,0 days 00:01:33.446000,0 days 00:01:33.016000,0 days 00:01:32.783000,12,1,0,0,14.333333333333334,4.666666666666667,0.0,129.0,13.5,3.0,12.333333333333334,4.666666666666667,4,15.0,4.666666666666667,2.0,-2.0,0.0,2.0,15.0,11.629756700386663,0.0,3.0,2.0,7.0,3.0,-5.0
2024,24,leclerc,ferrari,19,3,3,Finished,15.0,58,Abu Dhabi Grand Prix,Yas Island,2024-12-08,conventional,14,0 days 00:01:23.302000,0 days 00:01:23.833000,,15,1,1,0,12.333333333333334,5.666666666666667,0.0,130.0,16.5,8.5,13.833333333333334,5.0,4,12.0,5.666666666666667,5.0,-9.0,0.0,9.0,6.0,5.176271225594735,9.0,0.0,2.0,3.0,3.0,-1.0
2025,1,leclerc,ferrari,7,8,8,Finished,4.0,57,Australian Grand Prix,Melbourne,2025-03-16,conventional,7,0 days 00:01:16.029000,0 days 00:01:15.827000,0 days 00:01:15.755000,4,1,0,0,14.0,7.333333333333333,0.0,131.0,2.5,7.5,16.666666666666668,4.666666666666667,14,15.0,7.333333333333333,6.0,-1.0,0.0,1.0,10.0,11.83922009774054,0.0,6.0,0.0,0.0,0.0,0.0
2025,3,leclerc,ferrari,4,4,4,Finished,12.0,53,Japanese Grand Prix,Suzuka,2025-04-06,conventional,4,0 days 00:01:27.920000,0 days 00:01:27.555000,0 days 00:01:27.299000,12,1,0,0,10.333333333333334,8.333333333333334,0.0,132.0,9.0,6.0,10.833333333333334,6.333333333333333,7,4.0,8.333333333333334,8.0,4.0,4.0,0.0,10.0,9.521068748342447,2.0,0.0,0.0,6.0,1.0,-6.0
2025,4,leclerc,ferrari,2,4,4,Finished,12.0,57,Bahrain Grand Prix,Sakhir,2025-04-13,conventional,3,0 days 00:01:31.454000,0 days 00:01:30.724000,0 days 00:01:30.175000,12,1,0,0,10.333333333333334,8.333333333333334,0.0,133.0,11.0,6.0,9.333333333333334,7.333333333333333,4,12.0,8.333333333333334,5.0,2.0,2.0,0.0,18.0,12.846813512367087,0.0,6.0,2.0,6.0,2.0,-4.0
2025,5,leclerc,ferrari,4,3,3,Finished,15.0,50,Saudi Arabian Grand Prix,Jeddah,2025-04-20,conventional,4,0 days 00:01:28.552000,0 days 00:01:27.866000,0 days 00:01:27.670000,15,1,1,0,9.333333333333334,4.666666666666667,0.0,134.0,10.5,5.5,7.5,6.5,3,12.0,4.666666666666667,5.0,1.0,1.0,0.0,15.0,15.303947624131364,0.0,0.0,2.0,12.0,3.0,-10.0
2025,7,leclerc,ferrari,11,6,6,Finished,8.0,63,Emilia Romagna Grand Prix,Imola,2025-05-18,conventional,11,0 days 00:01:16.108000,0 days 00:01:15.604000,,8,1,0,0,13.0,3.6666666666666665,0.0,135.0,10.0,11.5,10.166666666666666,5.833333333333333,4,15.0,3.6666666666666665,4.0,-7.0,0.0,7.0,10.0,7.212699617003462,0.0,2.0,2.0,6.0,3.0,-4.0
2025,8,leclerc,ferrari,2,2,2,Finished,18.0,78,Monaco Grand Prix,Monaco,2025-05-25,conventional,2,0 days 00:01:11.229000,0 days 00:01:10.581000,0 days 00:01:10.063000,18,1,1,0,11.666666666666666,6.0,0.0,136.0,14.0,3.0,10.5,7.666666666666667,11,8.0,6.0,4.0,2.0,2.0,0.0,15.0,14.847299788411403,3.0,0.0,0.0,8.0,3.0,-8.0
2025,9,leclerc,ferrari,7,3,3,Finished,15.0,66,Spanish Grand Prix,Barcelona,2025-06-01,conventional,7,0 days 00:01:13.014000,0 days 00:01:12.495000,0 days 00:01:12.131000,15,1,1,0,13.666666666666666,5.666666666666667,0.0,137.0,11.5,6.0,11.5,6.666666666666667,2,18.0,5.666666666666667,4.0,-3.0,0.0,3.0,10.0,9.062918852300864,5.0,0.0,3.0,2.0,3.0,1.0
2025,10,leclerc,ferrari,8,5,5,Finished,10.0,70,Canadian Grand Prix,Montréal,2025-06-15,conventional,8,0 days 00:01:12.038000,0 days 00:01:11.626000,0 days 00:01:11.682000,10,1,0,0,13.666666666666666,6.666666666666667,0.0,138.0,9.0,6.5,11.833333333333334,6.833333333333333,7,15.0,6.666666666666667,4.0,-4.0,0.0,4.0,10.0,9.545118554154723,0.0,0.0,8.0,2.0,3.0,6.0
2025,11,leclerc,ferrari,2,3,3,Finished,15.0,70,Austrian Grand Prix,Spielberg,2025-06-29,conventional,2,0 days 00:01:05.197000,0 days 00:01:04.734000,0 days 00:01:04.492000,15,1,1,0,14.333333333333334,5.666666666666667,0.0,139.0,13.5,3.0,11.5,5.166666666666667,8,10.0,5.666666666666667,5.0,3.0,3.0,0.0,12.0,14.369364202536996,3.0,0.0,8.0,0.0,3.0,8.0
2025,12,leclerc,ferrari,6,14,14,Finished,0.0,52,British Grand Prix,Silverstone,2025-07-06,conventional,6,0 days 00:01:26.186000,0 days 00:01:25.133000,0 days 00:01:25.121000,0,0,0,0,13.333333333333334,5.666666666666667,0.0,140.0,6.0,5.5,11.333333333333334,5.166666666666667,2,15.0,5.666666666666667,6.0,0.0,0.0,-0.0,10.0,9.873191382422997,0.0,10.0,8.0,0.0,3.0,8.0
2025,14,leclerc,ferrari,1,4,4,Finished,12.0,70,Hungarian Grand Prix,Budapest,2025-08-03,conventional,1,0 days 00:01:15.582000,0 days 00:01:15.455000,0 days 00:01:15.372000,12,1,0,0,8.333333333333334,5.333333333333333,0.0,141.0,6.0,6.5,9.5,5.0,6,0.0,5.333333333333333,6.0,5.0,5.0,0.0,12.0,8.598625335902572,0.0,0.0,3.0,10.0,3.0,-7.0
2025,15,leclerc,ferrari,6,19,R,Retired,0.0,52,Dutch Grand Prix,Zandvoort,2025-08-31,conventional,6,0 days 00:01:09.906000,0 days 00:01:09.304000,0 days 00:01:09.340000,0,0,0,0,9.0,3.0,0.0,142.0,0.0,6.5,8.5,5.0,1,12.0,3.0,3.0,-3.0,0.0,3.0,10.0,7.458439192715269,0.0,10.0,3.0,10.0,3.0,-7.0
2025,16,leclerc,ferrari,4,4,4,Finished,12.0,53,Italian Grand Prix,Monza,2025-09-07,conventional,4,0 days 00:01:19.689000,0 days 00:01:19.310000,0 days 00:01:19.007000,12,1,0,0,4.0,4.333333333333333,0.0,143.0,10.0,4.5,4.0,6.166666666666667,6,0.0,4.333333333333333,4.0,0.0,0.0,-0.0,10.0,10.384943657054361,2.0,0.0,0.0,20.0,3.0,-20.0
2025,17,leclerc,ferrari,10,9,9,Finished,2.0,51,Azerbaijan Grand Prix,Baku,2025-09-21,conventional,10,0 days 00:01:41.458000,0 days 00:01:41.519000,,2,1,0,0,8.0,3.6666666666666665,0.0,144.0,3.0,11.0,5.333333333333333,5.833333333333333,4,12.0,3.6666666666666665,3.0,-7.0,0.0,7.0,0.0,0.9105383093722486,2.0,0.0,2.0,10.0,3.0,-8.0
2025,18,leclerc,ferrari,7,6,6,Finished,8.0,62,Singapore Grand Prix,Marina Bay,2025-10-05,conventional,7,0 days 00:01:30.370000,0 days 00:01:29.914000,0 days 00:01:29.784000,8,1,0,0,4.666666666666667,6.666666666666667,0.0,145.0,6.0,6.5,4.333333333333333,7.333333333333333,10,2.0,6.666666666666667,5.0,-2.0,0.0,2.0,6.0,5.480185400641618,2.0,0.0,4.0,10.0,3.0,-6.0
2025,20,leclerc,ferrari,2,2,2,Finished,18.0,71,Mexico City Grand Prix,Mexico City,2025-10-26,conventional,2,0 days 00:01:17.024000,0 days 00:01:16.658000,0 days 00:01:15.848000,18,1,1,0,7.333333333333333,7.0,0.0,146.0,11.0,2.5,6.333333333333333,7.333333333333333,7,8.0,7.0,6.0,4.0,4.0,0.0,18.0,13.620594490886402,0.0,0.0,6.0,0.0,3.0,6.0
2025,22,leclerc,ferrari,9,4,4,Finished,12.0,50,Las Vegas Grand Prix,Las Vegas,2025-11-22,conventional,9,0 days 00:01:54.814000,0 days 00:01:51.952000,0 days 00:01:49.872000,12,1,0,0,9.333333333333334,6.333333333333333,0.0,147.0,8.0,14.5,6.666666666666667,6.666666666666667,2,18.0,6.333333333333333,5.0,-4.0,0.0,4.0,8.0,5.240620366941973,4.0,0.0,4.0,0.0,3.0,4.0
2025,24,leclerc,ferrari,5,4,4,Finished,12.0,58,Abu Dhabi Grand Prix,Yas Island,2025-12-07,conventional,5,0 days 00:01:23.163000,0 days 00:01:22.948000,0 days 00:01:22.730000,12,1,0,0,12.666666666666666,6.0,0.0,148.0,8.0,10.5,8.333333333333334,7.833333333333333,9,12.0,6.0,5.0,0.0,0.0,-0.0,10.0,12.573015135205083,2.0,0.0,6.0,0.0,3.0,6.0
2018,1,max_verstappen,red_bull,4,6,6,Finished,8.0,58,Australian Grand Prix,Melbourne,2018-03-25,conventional,4,0 days 00:01:23.483000,0 days 00:01:22.416000,0 days 00:01:21.879000,8,1,0,0,,,,0.0,10.0,4.5,,,,,,,,,,,,,,0.0,0.0,0.0,0.0
2018,2,max_verstappen,red_bull,15,19,R,Puncture,0.0,3,Bahrain Grand Prix,Sakhir,2018-04-08,conventional,15,0 days 00:01:29.374000,,,0,0,0,0,8.0,4.0,0.0,1.0,0.0,10.0,10.0,4.5,4,8.0,,,,,,,,,,0.0,0.0,0.0,0.0
2018,3,max_verstappen,red_bull,5,5,5,Finished,10.0,56,Chinese Grand Prix,Shanghai,2018-04-15,conventional,5,0 days 00:01:32.932000,0 days 00:01:32.809000,0 days 00:01:31.796000,10,1,0,0,4.0,9.5,0.0,2.0,17.5,5.5,5.0,7.25,15,0.0,,,,,,,,,,0.0,0.0,0.0,0.0
2018,4,max_verstappen,red_bull,5,16,R,Collision,0.0,39,Azerbaijan Grand Prix,Baku,2018-04-29,conventional,5,0 days 00:01:42.642000,0 days 00:01:42.901000,0 days 00:01:41.994000,0,0,0,1,6.0,8.0,0.0,3.0,0.0,4.5,9.166666666666666,6.666666666666667,5,10.0,,,,,,,,,,0.0,0.0,0.0,0.0
2018,5,max_verstappen,red_bull,5,3,3,Finished,15.0,66,Spanish Grand Prix,Barcelona,2018-05-13,conventional,5,0 days 00:01:17.411000,0 days 00:01:17.266000,0 days 00:01:16.816000,15,1,1,0,3.3333333333333335,8.333333333333334,0.25,4.0,12.5,5.5,5.833333333333333,6.666666666666667,5,0.0,,,,,,,,,,0.0,0.0,0.0,0.0
2018,6,max_verstappen,red_bull,20,9,9,Finished,2.0,78,Monaco Grand Prix,Monte Carlo,2018-05-27,conventional,20,,,,2,1,0,0,8.333333333333334,5.0,0.2,5.0,13.5,10.5,10.0,5.166666666666667,5,15.0,,,,,,,,,,0.0,0.0,0.0,0.0
2018,7,max_verstappen,red_bull,3,3,3,Finished,15.0,68,Canadian Grand Prix,Montréal,2018-06-10,conventional,3,0 days 00:01:12.008000,0 days 00:01:11.472000,0 days 00:01:10.937000,15,1,1,0,5.666666666666667,10.0,0.16666666666666666,6.0,13.5,4.5,8.666666666666666,6.833333333333333,20,2.0,,,,,,,,,,0.0,0.0,0.0,0.0
2018,8,max_verstappen,red_bull,4,2,2,Finished,18.0,53,French Grand Prix,Le Castellet,2018-06-24,conventional,4,0 days 00:01:31.531000,0 days 00:01:30.818000,0 days 00:01:30.705000,18,1,1,0,10.666666666666666,9.333333333333334,0.14285714285714285,7.0,15.0,4.5,13.166666666666666,6.833333333333333,3,15.0,,,,,,,,,,0.0,0.0,0.0,0.0
2018,9,max_verstappen,red_bull,4,1,1,Finished,25.0,71,Austrian Grand Prix,Spielberg,2018-07-01,conventional,5,0 days 00:01:04.273000,0 days 00:01:04.001000,0 days 00:01:03.840000,25,1,1,0,11.666666666666666,9.0,0.125,8.0,12.5,6.0,14.0,6.5,4,18.0,,,,,,,,,,0.0,0.0,0.0,0.0
2018,10,max_verstappen,red_bull,5,15,R,Brakes,0.0,46,British Grand Prix,Silverstone,2018-07-08,conventional,5,0 days 00:01:27.309000,0 days 00:01:27.013000,0 days 00:01:26.602000,0,0,0,0,19.333333333333332,4.0,0.1111111111111111,9.0,5.0,5.5,13.666666666666666,5.0,5,25.0,,,,,,,,,,0.0,0.0,0.0,0.0
2018,11,max_verstappen,red_bull,4,4,4,Finished,12.0,67,German Grand Prix,Hockenheim,2018-07-22,conventional,4,0 days 00:01:13.127000,0 days 00:01:12.188000,0 days 00:01:11.822000,12,1,0,0,14.333333333333334,4.666666666666667,0.1,10.0,6.0,9.5,10.833333333333334,5.333333333333333,5,0.0,,,,,,,,,,0.0,0.0,0.0,0.0
2018,12,max_verstappen,red_bull,7,19,R,Power loss,0.0,5,Hungarian Grand Prix,Budapest,2018-07-29,conventional,7,0 days 00:01:16.940000,0 days 00:01:31.178000,0 days 00:01:38.032000,0,0,0,0,12.333333333333334,4.666666666666667,0.1,11.0,6.0,9.5,7.833333333333333,7.0,4,12.0,,,,,,,,,,0.0,0.0,0.0,0.0
2018,13,max_verstappen,red_bull,7,3,3,Finished,15.0,44,Belgian Grand Prix,Spa-Francorchamps,2018-08-26,conventional,7,0 days 00:01:43.199000,0 days 00:01:42.554000,0 days 00:02:02.769000,15,1,1,0,4.0,5.333333333333333,0.1,12.0,7.5,7.5,5.666666666666667,8.166666666666666,7,0.0,,,,,,,,,,0.0,0.0,0.0,0.0
2018,14,max_verstappen,red_bull,5,5,5,Finished,10.0,53,Italian Grand Prix,Monza,2018-09-02,conventional,5,0 days 00:01:21.381000,0 days 00:01:20.333000,0 days 00:01:20.615000,10,1,0,0,9.0,6.0,0.1,13.0,5.0,10.0,6.5,8.833333333333334,7,15.0,,,,,,,,,,0.0,0.0,0.0,0.0
2018,15,max_verstappen,red_bull,2,2,2,Finished,18.0,61,Singapore Grand Prix,Singapore,2018-09-16,conventional,2,0 days 00:01:38.751000,0 days 00:01:37.214000,0 days 00:01:36.334000,18,1,1,0,8.333333333333334,6.333333333333333,0.0,14.0,13.0,4.0,6.166666666666667,9.0,5,10.0,,,,,,,,,,0.0,0.0,0.0,0.0
2018,16,max_verstappen,red_bull,19,5,5,Finished,10.0,53,Russian Grand Prix,Sochi,2018-09-30,conventional,11,0 days 00:01:33.048000,,,10,1,0,0,14.333333333333334,4.666666666666667,0.0,15.0,9.0,11.5,8.5,7.166666666666667,2,18.0,,,,,,,,,,0.0,0.0,0.0,0.0
2018,17,max_verstappen,red_bull,3,3,3,Finished,15.0,53,Japanese Grand Prix,Suzuka,2018-10-07,conventional,3,0 days 00:01:29.480000,0 days 00:01:28.849000,0 days 00:01:29.057000,15,1,1,0,12.666666666666666,6.0,0.0,16.0,13.5,9.0,9.0,8.5,11,10.0,,,,,,,,,,0.0,0.0,0.0,0.0
2018,18,max_verstappen,red_bull,18,2,2,Finished,18.0,56,United States Grand Prix,Austin,2018-10-21,conventional,15,0 days 00:01:34.766000,,,18,1,1,0,14.333333333333334,5.333333333333333,0.0,17.0,9.0,10.0,11.833333333333334,8.166666666666666,3,15.0,,,,,,,,,,0.0,0.0,0.0,0.0
2018,19,max_verstappen,red_bull,2,1,1,Finished,25.0,71,Mexican Grand Prix,Mexico City,2018-10-28,conventional,2,0 days 00:01:15.756000,0 days 00:01:15.640000,0 days 00:01:14.785000,25,1,1,0,14.333333333333334,9.666666666666666,0.0,18.0,12.5,1.5,10.5,10.166666666666666,15,18.0,,,,,,,,,,0.0,0.0,0.0,0.0
2018,20,max_verstappen,red_bull,5,2,2,Finished,18.0,71,Brazilian Grand Prix,São Paulo,2018-11-11,conventional,5,0 days 00:01:08.205000,0 days 00:01:08.017000,0 days 00:01:07.778000,18,1,1,0,19.333333333333332,6.666666666666667,0.0,19.0,15.0,5.5,11.666666666666666,6.833333333333333,2,25.0,,,,,,,,,,0.0,0.0,0.0,0.0
2018,21,max_verstappen,red_bull,6,3,3,Finished,15.0,55,Abu Dhabi Grand Prix,Yas Marina,2018-11-25,conventional,6,0 days 00:01:37.195000,0 days 00:01:36.144000,0 days 00:01:35.589000,15,1,1,0,20.333333333333332,7.333333333333333,0.0,20.0,13.5,5.5,12.166666666666666,5.666666666666667,5,18.0,,,,,,,,,,0.0,0.0,0.0,0.0
2019,1,max_verstappen,red_bull,4,3,3,Finished,15.0,58,Australian Grand Prix,Melbourne,2019-03-17,conventional,4,0 days 00:01:22.876000,0 days 00:01:21.678000,0 days 00:01:21.320000,15,1,1,0,19.333333333333332,4.333333333333333,0.0,21.0,7.5,10.5,13.666666666666666,4.166666666666667,6,15.0,,,,,,,,,,0.0,0.0,0.0,0.0
2019,2,max_verstappen,red_bull,5,4,4,Finished,12.0,57,Bahrain Grand Prix,Sakhir,2019-03-31,conventional,5,0 days 00:01:29.579000,0 days 00:01:29.109000,0 days 00:01:28.752000,12,1,0,0,16.0,5.0,0.0,22.0,8.0,9.0,12.0,7.166666666666667,4,15.0,,,,,,,,,,0.0,0.0,0.0,0.0
2019,3,max_verstappen,red_bull,5,4,4,Finished,12.0,56,Chinese Grand Prix,Shanghai,2019-04-14,conventional,5,0 days 00:01:33.274000,0 days 00:01:32.369000,0 days 00:01:32.089000,12,1,0,0,14.0,5.0,0.0,23.0,10.0,5.5,9.666666666666666,8.333333333333334,5,12.0,,,,,,,,,,0.0,0.0,0.0,0.0
2019,4,max_verstappen,red_bull,4,4,4,Finished,12.0,51,Azerbaijan Grand Prix,Baku,2019-04-28,conventional,4,0 days 00:01:41.727000,0 days 00:01:41.388000,0 days 00:01:41.069000,12,1,0,0,13.0,4.666666666666667,0.0,24.0,6.0,12.0,8.5,8.333333333333334,5,12.0,,,,,,,,,,0.0,0.0,0.0,0.0
2019,5,max_verstappen,red_bull,4,3,3,Finished,15.0,66,Spanish Grand Prix,Barcelona,2019-05-12,conventional,4,0 days 00:01:17.244000,0 days 00:01:16.726000,0 days 00:01:16.357000,15,1,1,0,12.0,4.666666666666667,0.0,25.0,11.5,5.0,8.0,8.833333333333334,4,12.0,,,,,,,,,,0.0,0.0,0.0,0.0
2019,6,max_verstappen,red_bull,3,4,4,Finished,12.0,78,Monaco Grand Prix,Monte Carlo,2019-05-26,conventional,3,0 days 00:01:11.597000,0 days 00:01:10.618000,0 days 00:01:10.641000,12,1,0,0,13.0,4.333333333333333,0.0,26.0,11.0,4.0,9.166666666666666,7.5,4,15.0,,,,,,,,,,0.0,0.0,0.0,0.0
2019,7,max_verstappen,red_bull,9,5,5,Finished,10.0,70,Canadian Grand Prix,Montréal,2019-06-09,conventional,11,0 days 00:01:11.619000,0 days 00:01:11.800000,,10,1,0,0,13.0,3.6666666666666665,0.0,27.0,7.0,8.0,9.5,7.0,3,12.0,,,,,,,,,,0.0,0.0,0.0,0.0
2019,8,max_verstappen,red_bull,4,4,4,Finished,12.0,53,French Grand Prix,Le Castellet,2019-06-23,conventional,4,0 days 00:01:31.327000,0 days 00:01:30.099000,0 days 00:01:29.409000,12,1,0,0,12.333333333333334,6.0,0.0,28.0,6.5,6.5,9.833333333333334,5.666666666666667,11,10.0,,,,,,,,,,0.0,0.0,0.0,0.0
2019,9,max_verstappen,red_bull,2,1,1,Finished,26.0,71,Austrian Grand Prix,Spielberg,2019-06-30,conventional,3,0 days 00:01:03.807000,0 days 00:01:03.835000,0 days 00:01:03.439000,25,1,1,0,11.333333333333334,6.0,0.0,29.0,15.5,6.0,8.166666666666666,6.166666666666667,4,12.0,,,,,,,,,,0.0,0.0,0.0,0.0
2019,10,max_verstappen,red_bull,4,5,5,Finished,10.0,52,British Grand Prix,Silverstone,2019-07-14,conventional,4,0 days 00:01:25.700000,0 days 00:01:25.848000,0 days 00:01:25.276000,10,1,0,0,15.666666666666666,6.0,0.0,30.0,11.0,4.5,9.666666666666666,6.833333333333333,3,25.0,,,,,,,,,,0.0,0.0,0.0,0.0
2019,11,max_verstappen,red_bull,2,1,1,Finished,26.0,64,German Grand Prix,Hockenheim,2019-07-28,conventional,2,0 days 00:01:12.593000,0 days 00:01:12.427000,0 days 00:01:12.113000,25,1,1,0,15.666666666666666,3.6666666666666665,0.0,31.0,12.5,3.0,11.0,5.666666666666667,4,10.0,,,,,,,,,,0.0,0.0,0.0,0.0
2019,12,max_verstappen,red_bull,1,2,2,Finished,19.0,70,Hungarian Grand Prix,Budapest,2019-08-04,conventional,1,0 days 00:01:15.817000,0 days 00:01:15.573000,0 days 00:01:14.572000,18,1,1,0,20.0,3.0,0.0,32.0,13.0,3.5,13.0,4.5,2,25.0,,,,,,,,,,0.0,0.0,0.0,0.0
2019,13,max_verstappen,red_bull,5,20,R,Accident,0.0,0,Belgian Grand Prix,Spa-Francorchamps,2019-09-01,conventional,5,0 days 00:01:44.622000,0 days 00:01:44.132000,0 days 00:01:43.690000,0,0,0,1,17.666666666666668,2.3333333333333335,0.0,33.0,5.0,9.5,12.166666666666666,3.6666666666666665,1,18.0,,,,,,,,,,0.0,0.0,0.0,0.0
2019,14,max_verstappen,red_bull,19,8,8,Finished,4.0,53,Italian Grand Prix,Monza,2019-09-08,conventional,20,,,,4,1,0,0,14.333333333333334,2.6666666666666665,0.1,34.0,6.0,14.0,10.166666666666666,5.333333333333333,5,0.0,,,,,,,,,,0.0,0.0,0.0,0.0
2019,15,max_verstappen,red_bull,4,3,3,Finished,15.0,61,Singapore Grand Prix,Singapore,2019-09-22,conventional,4,0 days 00:01:38.540000,0 days 00:01:37.089000,0 days 00:01:36.813000,15,1,1,0,7.333333333333333,8.666666666666666,0.1,35.0,11.5,5.0,8.0,9.0,20,4.0,,,,,,,,,,0.0,0.0,0.0,0.0
2019,16,max_verstappen,red_bull,9,4,4,Finished,12.0,53,Russian Grand Prix,Sochi,2019-09-29,conventional,4,0 days 00:01:33.368000,0 days 00:01:32.634000,0 days 00:01:32.310000,12,1,0,0,6.333333333333333,9.666666666666666,0.1,36.0,11.0,11.5,7.5,9.5,4,15.0,,,,,,,,,,0.0,0.0,0.0,0.0
2019,17,max_verstappen,red_bull,5,18,R,Brakes,0.0,14,Japanese Grand Prix,Suzuka,2019-10-13,conventional,5,0 days 00:01:28.754000,0 days 00:01:28.499000,0 days 00:01:27.851000,0,0,0,0,10.333333333333334,9.333333333333334,0.1,37.0,6.0,5.5,9.5,10.166666666666666,4,12.0,,,,,,,,,,0.0,0.0,0.0,0.0
2019,18,max_verstappen,red_bull,4,6,6,Finished,8.0,71,Mexican Grand Prix,Mexico City,2019-10-27,conventional,1,0 days 00:01:15.949000,0 days 00:01:16.136000,0 days 00:01:14.758000,8,1,0,0,9.0,4.333333333333333,0.1,38.0,9.0,3.0,9.5,7.333333333333333,5,0.0,,,,,,,,,,0.0,0.0,0.0,0.0
2019,19,max_verstappen,red_bull,3,3,3,Finished,15.0,56,United States Grand Prix,Austin,2019-11-03,conventional,3,0 days 00:01:33.549000,0 days 00:01:33.120000,0 days 00:01:32.096000,15,1,1,0,6.666666666666667,3.3333333333333335,0.1,39.0,12.5,4.5,8.666666666666666,6.666666666666667,1,8.0,,,,,,,,,,0.0,0.0,0.0,0.0
2019,20,max_verstappen,red_bull,1,1,1,Finished,25.0,71,Brazilian Grand Prix,São Paulo,2019-11-17,conventional,1,0 days 00:01:08.242000,0 days 00:01:07.503000,0 days 00:01:07.508000,25,1,1,0,7.666666666666667,3.0,0.1,40.0,12.5,3.5,9.166666666666666,4.333333333333333,3,15.0,,,,,,,,,,0.0,0.0,0.0,0.0
2019,21,max_verstappen,red_bull,2,2,2,Finished,18.0,55,Abu Dhabi Grand Prix,Yas Island,2019-12-01,conventional,3,0 days 00:01:36.390000,0 days 00:01:36.275000,0 days 00:01:35.139000,18,1,1,0,16.0,1.6666666666666667,0.1,41.0,13.0,4.5,11.333333333333334,3.6666666666666665,1,25.0,,,,,,,,,,0.0,0.0,0.0,0.0
2020,1,max_verstappen,red_bull,2,20,R,Electronics,0.0,11,Austrian Grand Prix,Spielberg,2020-07-05,conventional,3,0 days 00:01:04.024000,0 days 00:01:04,0 days 00:01:03.477000,0,0,0,0,19.333333333333332,2.3333333333333335,0.1,42.0,0.0,4.0,12.666666666666666,4.166666666666667,3,18.0,2.3333333333333335,1.0,-2.0,0.0,2.0,15.0,15.1210313024472,0.0,15.0,0.0,0.0,0.0,0.0
2020,2,max_verstappen,red_bull,2,3,3,Finished,15.0,71,Styrian Grand Prix,Spielberg,2020-07-12,conventional,2,0 days 00:01:18.297000,0 days 00:01:17.938000,0 days 00:01:20.489000,15,1,1,0,14.333333333333334,2.3333333333333335,0.1,43.0,13.5,4.5,8.5,4.0,3,0.0,2.3333333333333335,2.0,0.0,0.0,-0.0,10.0,8.55255891579083,5.0,0.0,0.0,15.0,1.0,-15.0
2020,3,max_verstappen,red_bull,7,2,2,Finished,18.0,70,Hungarian Grand Prix,Budapest,2020-07-19,conventional,7,0 days 00:01:15.495000,0 days 00:01:14.976000,0 days 00:01:14.849000,18,1,1,0,11.0,2.6666666666666665,0.0,44.0,14.0,10.0,8.833333333333334,4.333333333333333,2,15.0,2.6666666666666665,3.0,-4.0,0.0,4.0,10.0,8.731038211349846,8.0,0.0,5.0,15.0,2.0,-10.0
2020,4,max_verstappen,red_bull,3,2,2,Finished,19.0,52,British Grand Prix,Silverstone,2020-08-02,conventional,3,0 days 00:01:26.115000,0 days 00:01:26.144000,0 days 00:01:25.325000,18,1,1,0,11.0,4.0,0.0,45.0,11.0,7.5,9.166666666666666,6.166666666666667,7,18.0,4.0,3.0,0.0,0.0,-0.0,15.0,14.143978578812606,3.0,0.0,13.0,15.0,3.0,-2.0
2020,5,max_verstappen,red_bull,4,1,1,Finished,25.0,52,70th Anniversary Grand Prix,Silverstone,2020-08-09,conventional,4,0 days 00:01:27.154000,0 days 00:01:26.779000,0 days 00:01:26.176000,25,1,1,0,17.0,4.0,0.0,46.0,17.5,6.5,12.833333333333334,7.333333333333333,3,18.0,4.0,3.0,-1.0,0.0,1.0,15.0,11.515686513899194,10.0,0.0,16.0,0.0,3.0,16.0
2020,6,max_verstappen,red_bull,3,2,2,Finished,18.0,66,Spanish Grand Prix,Barcelona,2020-08-16,conventional,3,0 days 00:01:17.213000,0 days 00:01:16.518000,0 days 00:01:16.292000,18,1,1,0,20.333333333333332,4.666666666666667,0.0,47.0,11.0,4.5,14.166666666666666,8.0,4,25.0,4.666666666666667,3.0,0.0,0.0,-0.0,15.0,12.111164040642207,3.0,0.0,21.0,0.0,3.0,21.0
2020,7,max_verstappen,red_bull,3,3,3,Finished,15.0,44,Belgian Grand Prix,Spa-Francorchamps,2020-08-30,conventional,3,0 days 00:01:43.197000,0 days 00:01:42.473000,0 days 00:01:41.778000,15,1,1,0,20.333333333333332,3.3333333333333335,0.0,48.0,11.5,4.0,13.166666666666666,6.166666666666667,3,18.0,3.3333333333333335,3.0,0.0,0.0,-0.0,18.0,17.25660263589722,0.0,3.0,16.0,0.0,3.0,16.0
2020,8,max_verstappen,red_bull,5,17,R,Power Unit,0.0,30,Italian Grand Prix,Monza,2020-09-06,conventional,5,0 days 00:01:20.193000,0 days 00:01:19.780000,0 days 00:01:19.795000,0,0,0,0,19.333333333333332,3.3333333333333335,0.0,49.0,0.0,7.0,13.333333333333334,5.0,3,15.0,3.3333333333333335,3.0,-2.0,0.0,2.0,12.0,9.440655700740827,0.0,12.0,13.0,3.0,3.0,10.0
2020,9,max_verstappen,red_bull,3,19,R,Collision,0.0,0,Tuscan Grand Prix,Mugello,2020-09-13,conventional,3,0 days 00:01:16.335000,0 days 00:01:15.471000,0 days 00:01:15.509000,0,0,0,1,11.0,3.6666666666666665,0.0,50.0,7.5,3.5,7.5,5.166666666666667,5,0.0,3.6666666666666665,3.0,0.0,0.0,-0.0,25.0,17.93840960669771,0.0,25.0,3.0,15.0,3.0,-12.0
2020,10,max_verstappen,red_bull,2,2,2,Finished,18.0,53,Russian Grand Prix,Sochi,2020-09-27,conventional,2,0 days 00:01:33.630000,0 days 00:01:33.157000,0 days 00:01:31.867000,18,1,1,0,5.0,3.6666666666666665,0.1,51.0,9.5,6.0,6.333333333333333,4.833333333333333,3,0.0,3.6666666666666665,3.0,1.0,1.0,0.0,18.0,14.039893940573577,0.0,0.0,0.0,40.0,3.0,-40.0
2020,11,max_verstappen,red_bull,3,2,2,Finished,19.0,60,Eifel Grand Prix,Nürburgring,2020-10-11,conventional,3,0 days 00:01:26.319000,0 days 00:01:25.467000,0 days 00:01:25.562000,18,1,1,0,6.0,3.3333333333333335,0.1,52.0,9.0,4.0,5.666666666666667,5.5,2,18.0,3.3333333333333335,3.0,0.0,0.0,-0.0,15.0,11.315909559408663,3.0,0.0,0.0,37.0,3.0,-37.0
2020,12,max_verstappen,red_bull,3,3,3,Finished,15.0,66,Portuguese Grand Prix,Portimão,2020-10-25,conventional,3,0 days 00:01:16.879000,0 days 00:01:17.038000,0 days 00:01:16.904000,15,1,1,0,12.0,2.6666666666666665,0.1,53.0,7.5,4.5,8.666666666666666,4.5,3,18.0,2.6666666666666665,3.0,0.0,0.0,-0.0,18.0,14.690351803972945,0.0,3.0,3.0,25.0,3.0,-22.0
2020,13,max_verstappen,red_bull,3,17,R,Puncture,0.0,50,Emilia Romagna Grand Prix,Imola,2020-11-01,conventional,3,0 days 00:01:15.034000,0 days 00:01:14.974000,0 days 00:01:14.176000,0,0,0,0,17.0,2.6666666666666665,0.1,54.0,0.0,4.5,8.666666666666666,4.833333333333333,3,15.0,2.6666666666666665,3.0,0.0,0.0,-0.0,15.0,14.29976509698424,0.0,15.0,3.0,3.0,3.0,0.0
2020,14,max_verstappen,red_bull,2,6,6,Finished,8.0,58,Turkish Grand Prix,Istanbul,2020-11-15,conventional,2,0 days 00:01:57.485000,0 days 00:01:50.293000,0 days 00:01:48.055000,8,1,0,0,11.0,3.0,0.1,55.0,7.0,3.0,5.5,4.333333333333333,3,0.0,3.0,3.0,1.0,1.0,0.0,15.0,13.030125478357421,0.0,7.0,3.0,18.0,3.0,-15.0
2020,15,max_verstappen,red_bull,3,2,2,Finished,19.0,57,Bahrain Grand Prix,Sakhir,2020-11-29,conventional,3,0 days 00:01:28.885000,0 days 00:01:28.025000,0 days 00:01:27.678000,18,1,1,0,7.666666666666667,2.6666666666666665,0.1,56.0,16.5,3.5,4.833333333333333,4.0,2,8.0,2.6666666666666665,1.0,-2.0,0.0,2.0,15.0,13.054403235303257,3.0,0.0,0.0,25.0,3.0,-25.0
2020,16,max_verstappen,red_bull,3,19,R,Accident,0.0,0,Sakhir Grand Prix,Sakhir,2020-12-06,conventional,3,0 days 00:00:54.037000,0 days 00:00:53.647000,0 days 00:00:53.433000,0,0,0,1,8.666666666666666,2.6666666666666665,0.1,57.0,4.0,7.5,7.833333333333333,3.6666666666666665,3,18.0,2.6666666666666665,1.0,-2.0,0.0,2.0,25.0,15.819796851477287,0.0,25.0,3.0,22.0,3.0,-19.0
2020,17,max_verstappen,red_bull,1,1,1,Finished,25.0,55,Abu Dhabi Grand Prix,Yas Island,2020-12-13,conventional,1,0 days 00:01:35.993000,0 days 00:01:35.641000,0 days 00:01:35.246000,25,1,1,0,8.666666666666666,2.6666666666666665,0.2,58.0,18.5,3.0,9.166666666666666,4.666666666666667,3,0.0,2.6666666666666665,1.0,0.0,0.0,-0.0,18.0,14.580909637861877,7.0,0.0,3.0,32.0,3.0,-29.0
2021,1,max_verstappen,red_bull,1,2,2,Finished,18.0,56,Bahrain Grand Prix,Sakhir,2021-03-28,conventional,1,0 days 00:01:30.499000,0 days 00:01:30.318000,0 days 00:01:28.997000,18,1,1,0,14.333333333333334,2.3333333333333335,0.2,59.0,14.0,6.0,13.0,4.666666666666667,1,25.0,2.3333333333333335,2.0,1.0,1.0,0.0,25.0,18.311584693512913,0.0,7.0,0.0,0.0,0.0,0.0
2021,2,max_verstappen,red_bull,3,1,1,Finished,25.0,63,Emilia Romagna Grand Prix,Imola,2021-04-18,conventional,3,0 days 00:01:15.109000,0 days 00:01:14.884000,0 days 00:01:14.498000,25,1,1,0,14.333333333333334,1.6666666666666667,0.2,60.0,12.5,2.5,12.166666666666666,5.5,1,18.0,1.6666666666666667,1.0,-2.0,0.0,2.0,18.0,17.683992759714833,7.0,0.0,0.0,7.0,1.0,-7.0
2021,3,max_verstappen,red_bull,3,2,2,Finished,18.0,66,Portuguese Grand Prix,Portimão,2021-05-02,conventional,3,0 days 00:01:19.485000,0 days 00:01:18.650000,0 days 00:01:18.746000,18,1,1,0,22.666666666666668,1.6666666666666667,0.1,61.0,15.0,3.5,15.0,3.8333333333333335,3,25.0,1.6666666666666667,1.0,-2.0,0.0,2.0,15.0,13.59120699206724,3.0,0.0,7.0,7.0,2.0,0.0
2021,4,max_verstappen,red_bull,2,2,2,Finished,19.0,66,Spanish Grand Prix,Barcelona,2021-05-09,conventional,2,0 days 00:01:18.090000,0 days 00:01:16.922000,0 days 00:01:16.777000,18,1,1,0,20.333333333333332,2.3333333333333335,0.1,62.0,14.0,5.0,13.833333333333334,4.0,3,18.0,2.3333333333333335,2.0,0.0,0.0,-0.0,18.0,14.020400685149578,0.0,0.0,10.0,7.0,3.0,3.0
2021,5,max_verstappen,red_bull,2,1,1,Finished,25.0,78,Monaco Grand Prix,Monte Carlo,2021-05-23,conventional,2,0 days 00:01:11.124000,0 days 00:01:10.650000,0 days 00:01:10.576000,25,1,1,0,20.333333333333332,2.6666666666666665,0.1,63.0,18.5,5.5,13.833333333333334,3.6666666666666665,2,18.0,2.6666666666666665,2.0,0.0,0.0,-0.0,25.0,17.28151093138117,0.0,0.0,10.0,0.0,3.0,10.0
2021,6,max_verstappen,red_bull,3,18,R,Accident,0.0,45,Azerbaijan Grand Prix,Baku,2021-06-06,conventional,3,0 days 00:01:41.760000,0 days 00:01:41.625000,0 days 00:01:41.563000,0,0,0,1,20.333333333333332,2.3333333333333335,0.1,64.0,12.5,5.0,15.833333333333334,4.666666666666667,2,25.0,2.3333333333333335,2.0,-1.0,0.0,1.0,15.0,10.716684694150668,0.0,15.0,3.0,0.0,3.0,3.0
2021,7,max_verstappen,red_bull,1,1,1,Finished,26.0,53,French Grand Prix,Le Castellet,2021-06-20,conventional,1,0 days 00:01:31.001000,0 days 00:01:31.080000,0 days 00:01:29.990000,25,1,1,0,14.333333333333334,2.3333333333333335,0.2,65.0,20.0,2.5,15.0,5.166666666666667,3,0.0,2.3333333333333335,2.0,1.0,1.0,0.0,25.0,16.726636367417328,0.0,0.0,0.0,15.0,3.0,-15.0
2021,8,max_verstappen,red_bull,1,1,1,Finished,25.0,71,Styrian Grand Prix,Spielberg,2021-06-27,conventional,1,0 days 00:01:04.489000,0 days 00:01:04.433000,0 days 00:01:03.841000,25,1,1,0,16.666666666666668,2.0,0.2,66.0,18.5,3.0,17.0,4.333333333333333,1,25.0,2.0,1.0,0.0,0.0,-0.0,18.0,12.013077212540612,7.0,0.0,0.0,15.0,3.0,-15.0
2021,9,max_verstappen,red_bull,1,1,1,Finished,26.0,71,Austrian Grand Prix,Spielberg,2021-07-04,conventional,1,0 days 00:01:04.249000,0 days 00:01:03.927000,0 days 00:01:03.720000,25,1,1,0,16.666666666666668,1.6666666666666667,0.2,67.0,16.5,2.0,17.0,3.5,1,25.0,1.6666666666666667,1.0,0.0,0.0,-0.0,25.0,20.87444297113337,0.0,0.0,7.0,15.0,3.0,-8.0
2021,11,max_verstappen,red_bull,3,9,9,Finished,2.0,70,Hungarian Grand Prix,Budapest,2021-08-01,conventional,3,0 days 00:01:16.214000,0 days 00:01:15.650000,0 days 00:01:15.840000,2,1,0,0,25.0,1.0,0.1,68.0,1.0,3.5,18.333333333333332,2.5,1,25.0,1.0,1.0,-2.0,0.0,2.0,15.0,11.514897287866273,0.0,13.0,7.0,0.0,3.0,7.0
2021,12,max_verstappen,red_bull,1,1,1,Finished,12.5,1,Belgian Grand Prix,Spa-Francorchamps,2021-08-29,conventional,1,0 days 00:01:58.717000,0 days 00:01:56.559000,0 days 00:01:59.765000,25,1,1,0,17.333333333333332,1.6666666666666667,0.1,69.0,12.5,4.0,12.0,2.8333333333333335,3,2.0,1.6666666666666667,1.0,0.0,0.0,-0.0,18.0,11.594480050120488,7.0,0.0,7.0,13.0,3.0,-6.0
2021,13,max_verstappen,red_bull,1,1,1,Finished,25.0,72,Dutch Grand Prix,Zandvoort,2021-09-05,conventional,1,0 days 00:01:10.036000,0 days 00:01:09.071000,0 days 00:01:08.885000,25,1,1,0,17.333333333333332,1.6666666666666667,0.1,70.0,14.5,8.5,10.0,3.1666666666666665,1,25.0,1.6666666666666667,1.0,0.0,0.0,-0.0,18.0,14.88252177798313,7.0,0.0,7.0,13.0,3.0,-6.0
2021,15,max_verstappen,red_bull,20,2,2,Finished,18.0,53,Russian Grand Prix,Sochi,2021-09-26,conventional,20,,,,18,1,1,0,17.333333333333332,1.6666666666666667,0.1,71.0,10.0,14.5,9.333333333333334,5.333333333333333,1,25.0,1.6666666666666667,1.0,-19.0,0.0,19.0,4.0,5.587824415161357,14.0,0.0,14.0,13.0,3.0,1.0
2021,16,max_verstappen,red_bull,2,2,2,Finished,18.0,58,Turkish Grand Prix,Istanbul,2021-10-10,conventional,3,0 days 00:01:24.592000,0 days 00:01:23.732000,0 days 00:01:23.196000,18,1,1,0,22.666666666666668,7.333333333333333,0.1,72.0,16.5,5.0,12.333333333333334,9.0,20,18.0,7.333333333333333,7.0,4.0,4.0,0.0,25.0,19.260751666134173,0.0,7.0,28.0,0.0,3.0,28.0
2021,17,max_verstappen,red_bull,1,1,1,Finished,25.0,56,United States Grand Prix,Austin,2021-10-24,conventional,1,0 days 00:01:34.352000,0 days 00:01:33.464000,0 days 00:01:32.910000,25,1,1,0,20.333333333333332,8.0,0.1,73.0,20.0,2.0,13.666666666666666,9.333333333333334,3,18.0,8.0,8.0,7.0,7.0,0.0,25.0,22.330787999171974,0.0,0.0,21.0,7.0,3.0,14.0
2021,18,max_verstappen,red_bull,3,1,1,Finished,25.0,71,Mexico City Grand Prix,Mexico City,2021-11-07,conventional,3,0 days 00:01:16.788000,0 days 00:01:16.483000,0 days 00:01:16.225000,25,1,1,0,20.333333333333332,8.0,0.1,74.0,20.0,3.5,15.5,7.166666666666667,1,25.0,8.0,7.0,4.0,4.0,0.0,18.0,14.072170567941765,7.0,0.0,14.0,7.0,3.0,7.0
2021,20,max_verstappen,red_bull,7,2,2,Finished,19.0,57,Qatar Grand Prix,Lusail,2021-11-21,conventional,2,0 days 00:01:21.996000,0 days 00:01:21.984000,0 days 00:01:21.282000,18,1,1,0,22.666666666666668,2.3333333333333335,0.0,75.0,15.0,6.5,18.833333333333332,3.5,3,25.0,2.3333333333333335,3.0,1.0,1.0,0.0,18.0,14.119951390145571,0.0,0.0,7.0,7.0,3.0,0.0
2021,21,max_verstappen,red_bull,3,2,2,Finished,18.0,50,Saudi Arabian Grand Prix,Jeddah,2021-12-05,conventional,3,0 days 00:01:28.285000,0 days 00:01:27.953000,0 days 00:01:27.653000,18,1,1,0,22.666666666666668,2.0,0.0,76.0,9.0,4.0,18.333333333333332,4.0,2,18.0,2.0,2.0,-1.0,0.0,1.0,18.0,15.771216196236628,0.0,0.0,7.0,0.0,3.0,7.0
2021,22,max_verstappen,red_bull,1,1,1,Finished,26.0,58,Abu Dhabi Grand Prix,Yas Island,2021-12-12,conventional,1,0 days 00:01:23.322000,0 days 00:01:22.800000,0 days 00:01:22.109000,25,1,1,0,20.333333333333332,2.6666666666666665,0.0,77.0,12.5,2.5,14.666666666666666,4.666666666666667,3,18.0,2.6666666666666665,3.0,2.0,2.0,0.0,18.0,19.748390903299445,7.0,0.0,7.0,0.0,3.0,7.0
2022,1,max_verstappen,red_bull,2,19,19,Fuel pressure,0.0,54,Bahrain Grand Prix,Sakhir,2022-03-20,conventional,2,0 days 00:01:31.785000,0 days 00:01:30.757000,0 days 00:01:30.681000,0,0,0,0,20.333333333333332,2.0,0.0,78.0,0.0,3.0,12.166666666666666,4.333333333333333,1,25.0,2.0,2.0,0.0,0.0,-0.0,25.0,20.789309221966818,0.0,25.0,0.0,0.0,0.0,0.0
2022,2,max_verstappen,red_bull,4,1,1,Finished,25.0,50,Saudi Arabian Grand Prix,Jeddah,2022-03-27,conventional,4,0 days 00:01:28.928000,0 days 00:01:28.945000,0 days 00:01:28.461000,25,1,1,0,14.333333333333334,2.0,0.0,79.0,18.5,2.5,7.166666666666667,3.1666666666666665,2,0.0,2.0,1.0,-3.0,0.0,3.0,15.0,9.612981488983717,10.0,0.0,0.0,25.0,1.0,-25.0
2022,3,max_verstappen,red_bull,2,18,R,Fuel leak,0.0,38,Australian Grand Prix,Melbourne,2022-04-10,conventional,2,0 days 00:01:18.580000,0 days 00:01:18.611000,0 days 00:01:18.154000,0,0,0,0,16.666666666666668,2.3333333333333335,0.0,80.0,9.0,2.5,10.333333333333334,2.6666666666666665,4,25.0,2.3333333333333335,1.0,-1.0,0.0,1.0,15.0,14.947707551796334,0.0,15.0,10.0,25.0,2.0,-15.0
2022,5,max_verstappen,red_bull,3,1,1,Finished,26.0,57,Miami Grand Prix,Miami,2022-05-08,conventional,3,0 days 00:01:29.836000,0 days 00:01:29.202000,0 days 00:01:28.991000,25,1,1,0,8.333333333333334,2.6666666666666665,0.0,81.0,18.5,3.5,9.166666666666666,2.6666666666666665,2,0.0,2.6666666666666665,2.0,-1.0,0.0,1.0,25.0,12.386883904665321,0.0,0.0,10.0,40.0,3.0,-30.0
2022,6,max_verstappen,red_bull,2,1,1,Finished,25.0,66,Spanish Grand Prix,Barcelona,2022-05-22,conventional,2,0 days 00:01:20.091000,0 days 00:01:19.219000,0 days 00:01:19.073000,25,1,1,0,16.666666666666668,3.0,0.0,82.0,21.5,3.5,15.333333333333334,2.8333333333333335,3,25.0,3.0,3.0,1.0,1.0,0.0,10.0,11.126238740497325,15.0,0.0,10.0,15.0,3.0,-5.0
2022,7,max_verstappen,red_bull,4,3,3,Finished,15.0,64,Monaco Grand Prix,Monaco,2022-05-29,conventional,4,0 days 00:01:12.993000,0 days 00:01:12.117000,0 days 00:01:11.666000,15,1,1,0,16.666666666666668,2.3333333333333335,0.0,83.0,20.0,3.5,16.333333333333332,3.1666666666666665,2,25.0,2.3333333333333335,2.0,-2.0,0.0,2.0,15.0,12.753528230153071,0.0,0.0,15.0,15.0,3.0,0.0
2022,8,max_verstappen,red_bull,3,1,1,Finished,25.0,51,Azerbaijan Grand Prix,Baku,2022-06-12,conventional,3,0 days 00:01:42.722000,0 days 00:01:42.227000,0 days 00:01:41.706000,25,1,1,0,21.666666666666668,3.0,0.0,84.0,21.5,2.5,20.0,3.5,4,15.0,3.0,3.0,0.0,0.0,-0.0,25.0,13.954850039356087,0.0,0.0,15.0,0.0,3.0,15.0
2022,9,max_verstappen,red_bull,1,1,1,Finished,25.0,70,Canadian Grand Prix,Montréal,2022-06-19,conventional,1,0 days 00:01:32.219000,0 days 00:01:23.746000,0 days 00:01:21.299000,25,1,1,0,21.666666666666668,3.0,0.0,85.0,12.5,7.0,21.0,3.1666666666666665,3,25.0,3.0,2.0,1.0,1.0,0.0,25.0,21.792865304136484,0.0,0.0,15.0,0.0,3.0,15.0
2022,10,max_verstappen,red_bull,2,7,7,Finished,6.0,52,British Grand Prix,Silverstone,2022-07-03,conventional,2,0 days 00:01:39.129000,0 days 00:01:40.655000,0 days 00:01:41.055000,6,1,0,0,21.666666666666668,2.6666666666666665,0.0,86.0,12.0,3.0,18.0,4.333333333333333,1,25.0,2.6666666666666665,1.0,-1.0,0.0,1.0,25.0,19.566697826032637,0.0,19.0,0.0,0.0,3.0,0.0
2022,12,max_verstappen,red_bull,2,1,1,Finished,25.0,53,French Grand Prix,Le Castellet,2022-07-24,conventional,2,0 days 00:01:31.891000,0 days 00:01:31.990000,0 days 00:01:31.176000,25,1,1,0,18.666666666666668,2.0,0.0,87.0,18.5,2.5,15.333333333333334,4.166666666666667,2,6.0,2.0,1.0,-1.0,0.0,1.0,18.0,14.215535015594298,7.0,0.0,0.0,19.0,3.0,-19.0
2022,13,max_verstappen,red_bull,10,1,1,Finished,25.0,70,Hungarian Grand Prix,Budapest,2022-07-31,conventional,10,0 days 00:01:18.509000,0 days 00:01:17.703000,0 days 00:01:18.823000,25,1,1,0,18.666666666666668,1.6666666666666667,0.0,88.0,17.5,10.5,14.333333333333334,4.166666666666667,2,25.0,1.6666666666666667,1.0,-9.0,0.0,9.0,10.0,8.434906433751433,15.0,0.0,7.0,19.0,3.0,-12.0
2022,14,max_verstappen,red_bull,14,1,1,Finished,26.0,44,Belgian Grand Prix,Spa-Francorchamps,2022-08-28,conventional,1,0 days 00:01:44.581000,0 days 00:01:44.723000,0 days 00:01:43.665000,25,1,1,0,18.666666666666668,4.666666666666667,0.0,89.0,21.5,2.0,16.0,5.333333333333333,10,25.0,4.666666666666667,3.0,2.0,2.0,0.0,25.0,20.02466617316157,0.0,0.0,22.0,19.0,3.0,3.0
2022,15,max_verstappen,red_bull,1,1,1,Finished,26.0,72,Dutch Grand Prix,Zandvoort,2022-09-04,conventional,1,0 days 00:01:11.317000,0 days 00:01:10.927000,0 days 00:01:10.342000,25,1,1,0,25.0,4.333333333333333,0.0,90.0,17.5,3.0,19.166666666666668,5.0,1,25.0,4.333333333333333,2.0,1.0,1.0,0.0,25.0,20.720182079421814,0.0,0.0,22.0,0.0,3.0,22.0
2022,16,max_verstappen,red_bull,7,1,1,Finished,25.0,53,Italian Grand Prix,Monza,2022-09-11,conventional,2,0 days 00:01:20.922000,0 days 00:01:21.265000,0 days 00:01:20.306000,25,1,1,0,25.0,4.0,0.0,91.0,16.5,3.0,18.833333333333332,5.166666666666667,1,25.0,4.0,3.0,1.0,1.0,0.0,25.0,17.583245422887536,0.0,0.0,15.0,0.0,3.0,15.0
2022,17,max_verstappen,red_bull,8,7,7,Finished,6.0,59,Singapore Grand Prix,Marina Bay,2022-10-02,conventional,8,0 days 00:01:53.057000,0 days 00:01:52.723000,0 days 00:01:51.395000,6,1,0,0,25.0,1.3333333333333333,0.0,92.0,15.5,5.0,18.5,2.6666666666666665,2,25.0,1.3333333333333333,1.0,-7.0,0.0,7.0,18.0,15.669477797332078,0.0,12.0,0.0,0.0,3.0,0.0
2022,18,max_verstappen,red_bull,1,1,1,Finished,25.0,28,Japanese Grand Prix,Suzuka,2022-10-09,conventional,1,0 days 00:01:30.224000,0 days 00:01:30.346000,0 days 00:01:29.304000,25,1,1,0,18.666666666666668,3.6666666666666665,0.0,93.0,21.5,2.5,16.5,3.6666666666666665,8,6.0,3.6666666666666665,3.0,2.0,2.0,0.0,25.0,18.671775784401643,0.0,0.0,0.0,12.0,3.0,-12.0
2022,19,max_verstappen,red_bull,2,1,1,Finished,25.0,56,United States Grand Prix,Austin,2022-10-23,conventional,3,0 days 00:01:35.864000,0 days 00:01:35.294000,0 days 00:01:34.448000,25,1,1,0,18.666666666666668,3.6666666666666665,0.0,94.0,18.5,3.5,17.833333333333332,3.5,1,25.0,3.6666666666666665,4.0,1.0,1.0,0.0,25.0,16.522629507219342,0.0,0.0,0.0,12.0,3.0,-12.0
2022,20,max_verstappen,red_bull,1,1,1,Finished,25.0,71,Mexico City Grand Prix,Mexico City,2022-10-30,conventional,1,0 days 00:01:19.222000,0 days 00:01:18.566000,0 days 00:01:17.775000,25,1,1,0,18.666666666666668,4.0,0.0,95.0,20.0,2.5,18.5,3.6666666666666665,3,25.0,4.0,4.0,3.0,3.0,0.0,25.0,21.387896312936807,0.0,0.0,0.0,12.0,3.0,-12.0
2022,22,max_verstappen,red_bull,1,1,1,Finished,25.0,58,Abu Dhabi Grand Prix,Yas Island,2022-11-20,conventional,1,0 days 00:01:24.754000,0 days 00:01:24.622000,0 days 00:01:23.824000,25,1,1,0,25.0,1.6666666666666667,0.0,96.0,20.0,1.5,20.0,2.8333333333333335,1,25.0,1.6666666666666667,1.0,0.0,0.0,-0.0,25.0,25.0,0.0,0.0,0.0,0.0,3.0,0.0
2023,1,max_verstappen,red_bull,1,1,1,Finished,25.0,57,Bahrain Grand Prix,Sakhir,2023-03-05,conventional,1,0 days 00:01:31.295000,0 days 00:01:30.503000,0 days 00:01:29.708000,25,1,1,0,25.0,1.6666666666666667,0.0,97.0,21.5,1.5,19.5,2.5,1,25.0,1.6666666666666667,1.0,0.0,0.0,-0.0,25.0,21.105888187737683,0.0,0.0,0.0,0.0,0.0,0.0
2023,2,max_verstappen,red_bull,15,2,2,Finished,19.0,50,Saudi Arabian Grand Prix,Jeddah,2023-03-19,conventional,15,0 days 00:01:28.761000,0 days 00:01:49.953000,,18,1,1,0,25.0,1.0,0.0,98.0,21.5,8.0,20.5,1.8333333333333333,1,25.0,1.0,1.0,-14.0,0.0,14.0,10.0,10.800070998315007,8.0,0.0,0.0,0.0,1.0,0.0
2023,3,max_verstappen,red_bull,1,1,1,Finished,25.0,58,Australian Grand Prix,Melbourne,2023-04-02,conventional,1,0 days 00:01:17.384000,0 days 00:01:17.056000,0 days 00:01:16.732000,25,1,1,0,22.666666666666668,5.666666666666667,0.0,99.0,17.5,10.5,21.0,3.6666666666666665,15,18.0,5.666666666666667,5.0,4.0,4.0,0.0,25.0,21.53241146295528,0.0,0.0,8.0,0.0,2.0,8.0
2023,5,max_verstappen,red_bull,9,1,1,Finished,26.0,57,Miami Grand Prix,Miami,2023-05-07,conventional,9,0 days 00:01:27.363000,0 days 00:01:26.814000,,25,1,1,0,22.666666666666668,5.666666666666667,0.0,100.0,21.5,5.0,20.166666666666668,6.666666666666667,1,25.0,5.666666666666667,5.0,-4.0,0.0,4.0,18.0,15.558045395748076,7.0,0.0,8.0,0.0,3.0,8.0
2023,6,max_verstappen,red_bull,1,1,1,Finished,25.0,78,Monaco Grand Prix,Monaco,2023-05-28,conventional,1,0 days 00:01:12.386000,0 days 00:01:11.908000,0 days 00:01:11.365000,25,1,1,0,22.666666666666668,8.333333333333334,0.0,101.0,12.5,10.5,20.166666666666668,7.833333333333333,9,25.0,8.333333333333334,8.0,7.0,7.0,0.0,25.0,25.0,0.0,0.0,15.0,0.0,3.0,15.0
2023,7,max_verstappen,red_bull,1,1,1,Finished,26.0,66,Spanish Grand Prix,Barcelona,2023-06-04,conventional,1,0 days 00:01:13.615000,0 days 00:01:12.760000,0 days 00:01:12.272000,25,1,1,0,25.0,3.6666666666666665,0.0,102.0,18.5,6.0,17.166666666666668,8.666666666666666,1,25.0,3.6666666666666665,2.0,1.0,1.0,0.0,25.0,23.418607093199622,0.0,0.0,7.0,0.0,3.0,7.0
2023,8,max_verstappen,red_bull,1,1,1,Finished,25.0,70,Canadian Grand Prix,Montréal,2023-06-18,conventional,1,0 days 00:01:20.851000,0 days 00:01:19.092000,0 days 00:01:25.858000,25,1,1,0,25.0,3.6666666666666665,0.0,103.0,16.5,6.5,17.5,7.166666666666667,1,25.0,3.6666666666666665,2.0,1.0,1.0,0.0,25.0,25.0,0.0,0.0,7.0,0.0,3.0,7.0
2023,10,max_verstappen,red_bull,1,1,1,Finished,26.0,52,British Grand Prix,Silverstone,2023-07-09,conventional,1,0 days 00:01:29.428000,0 days 00:01:27.702000,0 days 00:01:26.720000,25,1,1,0,25.0,1.0,0.0,104.0,16.5,8.0,15.833333333333334,7.666666666666667,1,25.0,1.0,1.0,0.0,0.0,-0.0,25.0,18.41345133900883,0.0,0.0,0.0,0.0,3.0,0.0
2023,11,max_verstappen,red_bull,2,1,1,Finished,26.0,70,Hungarian Grand Prix,Budapest,2023-07-23,conventional,2,0 days 00:01:18.318000,0 days 00:01:17.547000,0 days 00:01:16.612000,25,1,1,0,25.0,1.0,0.0,105.0,20.0,5.5,17.166666666666668,6.833333333333333,1,25.0,1.0,1.0,-1.0,0.0,1.0,25.0,20.5500985844931,0.0,0.0,0.0,0.0,3.0,0.0
2023,13,max_verstappen,red_bull,1,1,1,Finished,25.0,72,Dutch Grand Prix,Zandvoort,2023-08-27,conventional,1,0 days 00:01:20.965000,0 days 00:01:18.856000,0 days 00:01:10.567000,25,1,1,0,25.0,1.3333333333333333,0.0,106.0,18.5,4.0,17.666666666666668,6.666666666666667,2,25.0,1.3333333333333333,1.0,0.0,0.0,-0.0,25.0,25.0,0.0,0.0,0.0,0.0,3.0,0.0
2023,14,max_verstappen,red_bull,2,1,1,Finished,25.0,51,Italian Grand Prix,Monza,2023-09-03,conventional,2,0 days 00:01:21.573000,0 days 00:01:20.937000,0 days 00:01:20.307000,25,1,1,0,25.0,1.3333333333333333,0.0,107.0,21.5,3.5,18.333333333333332,5.833333333333333,1,25.0,1.3333333333333333,1.0,-1.0,0.0,1.0,25.0,18.070395648666832,0.0,0.0,0.0,0.0,3.0,0.0
2023,15,max_verstappen,red_bull,11,5,5,Finished,10.0,62,Singapore Grand Prix,Marina Bay,2023-09-17,conventional,11,0 days 00:01:32.398000,0 days 00:01:32.173000,,10,1,0,0,25.0,1.6666666666666667,0.0,108.0,7.0,12.0,20.0,4.333333333333333,2,25.0,1.6666666666666667,1.0,-10.0,0.0,10.0,25.0,14.528608056842295,0.0,15.0,0.0,0.0,3.0,0.0
2023,16,max_verstappen,red_bull,1,1,1,Finished,26.0,53,Japanese Grand Prix,Suzuka,2023-09-24,conventional,1,0 days 00:01:29.878000,0 days 00:01:29.964000,0 days 00:01:28.877000,25,1,1,0,20.0,4.666666666666667,0.0,109.0,12.5,3.0,15.666666666666666,6.5,11,10.0,4.666666666666667,3.0,2.0,2.0,0.0,25.0,23.2947418069268,0.0,0.0,0.0,15.0,3.0,-15.0
2023,19,max_verstappen,red_bull,3,1,1,Finished,25.0,71,Mexico City Grand Prix,Mexico City,2023-10-29,conventional,3,0 days 00:01:18.099000,0 days 00:01:17.625000,0 days 00:01:17.263000,25,1,1,0,20.0,4.666666666666667,0.0,110.0,12.5,4.0,13.666666666666666,6.166666666666667,1,25.0,4.666666666666667,3.0,0.0,0.0,-0.0,25.0,19.21404965073852,0.0,0.0,0.0,15.0,3.0,-15.0
2023,21,max_verstappen,red_bull,2,1,1,Finished,25.0,50,Las Vegas Grand Prix,Las Vegas,2023-11-18,conventional,3,0 days 00:01:34.190000,0 days 00:01:33.572000,0 days 00:01:33.104000,25,1,1,0,20.0,5.0,0.0,111.0,20.0,7.5,10.666666666666666,6.333333333333333,3,25.0,5.0,3.0,0.0,0.0,-0.0,25.0,18.92448471427477,0.0,0.0,0.0,15.0,3.0,-15.0
2023,22,max_verstappen,red_bull,1,1,1,Finished,26.0,58,Abu Dhabi Grand Prix,Yas Island,2023-11-26,conventional,1,0 days 00:01:24.160000,0 days 00:01:23.740000,0 days 00:01:23.445000,25,1,1,0,25.0,2.3333333333333335,0.0,112.0,18.5,5.0,15.0,4.833333333333333,3,25.0,2.3333333333333335,2.0,1.0,1.0,0.0,25.0,24.557669344861537,0.0,0.0,0.0,0.0,3.0,0.0
2024,1,max_verstappen,red_bull,1,1,1,Finished,26.0,57,Bahrain Grand Prix,Sakhir,2024-03-02,conventional,1,0 days 00:01:30.031000,0 days 00:01:29.374000,0 days 00:01:29.179000,25,1,1,0,25.0,2.3333333333333335,0.0,113.0,21.5,3.0,17.0,5.5,1,25.0,2.3333333333333335,2.0,1.0,1.0,0.0,25.0,22.09056632854592,0.0,0.0,0.0,0.0,0.0,0.0
2024,2,max_verstappen,red_bull,1,1,1,Finished,25.0,50,Saudi Arabian Grand Prix,Jeddah,2024-03-09,conventional,1,0 days 00:01:28.171000,0 days 00:01:28.033000,0 days 00:01:27.472000,25,1,1,0,25.0,1.6666666666666667,0.0,114.0,21.5,2.0,20.0,5.166666666666667,1,25.0,1.6666666666666667,2.0,1.0,1.0,0.0,25.0,25.0,0.0,0.0,0.0,0.0,1.0,0.0
2024,3,max_verstappen,red_bull,1,19,R,Retired,0.0,3,Australian Grand Prix,Melbourne,2024-03-24,conventional,1,0 days 00:01:16.819000,0 days 00:01:16.387000,0 days 00:01:15.915000,0,0,0,0,25.0,1.0,0.0,115.0,5.0,2.0,20.5,3.3333333333333335,1,25.0,1.0,1.0,0.0,0.0,-0.0,25.0,25.0,0.0,25.0,0.0,0.0,2.0,0.0
2024,4,max_verstappen,red_bull,1,1,1,Finished,26.0,53,Japanese Grand Prix,Suzuka,2024-04-07,conventional,1,0 days 00:01:28.866000,0 days 00:01:28.740000,0 days 00:01:28.197000,25,1,1,0,16.666666666666668,1.0,0.0,116.0,21.5,1.5,16.0,2.3333333333333335,1,0.0,1.0,1.0,0.0,0.0,-0.0,18.0,16.86841983523184,7.0,0.0,0.0,25.0,3.0,-25.0
2024,7,max_verstappen,red_bull,1,1,1,Finished,25.0,63,Emilia Romagna Grand Prix,Imola,2024-05-19,conventional,1,0 days 00:01:15.762000,0 days 00:01:15.176000,0 days 00:01:14.746000,25,1,1,0,16.666666666666668,1.0,0.0,117.0,14.5,6.0,16.0,1.8333333333333333,1,25.0,1.0,1.0,0.0,0.0,-0.0,25.0,23.568294878017586,0.0,0.0,7.0,25.0,3.0,-18.0
2024,8,max_verstappen,red_bull,6,6,6,Finished,8.0,78,Monaco Grand Prix,Monaco,2024-05-26,conventional,6,0 days 00:01:11.711000,0 days 00:01:10.745000,0 days 00:01:10.567000,8,1,0,0,16.666666666666668,1.0,0.0,118.0,4.0,11.0,13.666666666666666,3.1666666666666665,1,25.0,1.0,1.0,-5.0,0.0,5.0,15.0,14.392781538225341,0.0,7.0,7.0,25.0,3.0,-18.0
2024,9,max_verstappen,red_bull,2,1,1,Finished,25.0,70,Canadian Grand Prix,Montréal,2024-06-09,conventional,2,0 days 00:01:12.360000,0 days 00:01:12.549000,0 days 00:01:12,25,1,1,0,19.333333333333332,2.6666666666666665,0.0,119.0,12.5,9.0,13.333333333333334,6.166666666666667,6,8.0,2.6666666666666665,1.0,-1.0,0.0,1.0,25.0,18.8788452984891,0.0,0.0,7.0,7.0,3.0,0.0
2024,10,max_verstappen,red_bull,2,1,1,Finished,25.0,66,Spanish Grand Prix,Barcelona,2024-06-23,conventional,2,0 days 00:01:12.306000,0 days 00:01:11.653000,0 days 00:01:11.403000,25,1,1,0,19.333333333333332,3.0,0.0,120.0,14.5,5.0,10.333333333333334,8.666666666666666,2,25.0,3.0,2.0,0.0,0.0,-0.0,15.0,13.09607437833413,10.0,0.0,0.0,7.0,3.0,-7.0
2024,12,max_verstappen,red_bull,4,2,2,Finished,18.0,52,British Grand Prix,Silverstone,2024-07-07,conventional,4,0 days 00:01:31.342000,0 days 00:01:26.796000,0 days 00:01:26.203000,18,1,1,0,19.333333333333332,3.3333333333333335,0.0,121.0,9.0,11.5,10.333333333333334,8.333333333333334,2,25.0,3.3333333333333335,2.0,-2.0,0.0,2.0,25.0,20.310893349020265,0.0,7.0,10.0,7.0,3.0,3.0
2024,13,max_verstappen,red_bull,3,5,5,Finished,10.0,70,Hungarian Grand Prix,Budapest,2024-07-21,conventional,3,0 days 00:01:17.087000,0 days 00:01:15.770000,0 days 00:01:15.273000,10,1,0,0,22.666666666666668,2.6666666666666665,0.0,122.0,8.0,9.5,12.0,8.5,4,18.0,2.6666666666666665,3.0,0.0,0.0,-0.0,25.0,23.61062498850653,0.0,15.0,10.0,7.0,3.0,3.0
2024,14,max_verstappen,red_bull,11,4,4,Finished,12.0,44,Belgian Grand Prix,Spa-Francorchamps,2024-07-28,conventional,1,0 days 00:01:54.938000,0 days 00:01:53.837000,0 days 00:01:53.159000,12,1,0,0,17.666666666666668,3.0,0.0,123.0,9.0,2.0,10.5,8.666666666666666,3,10.0,3.0,2.0,1.0,1.0,0.0,25.0,18.510264991590613,0.0,13.0,10.0,22.0,3.0,-12.0
2024,15,max_verstappen,red_bull,2,2,2,Finished,18.0,72,Dutch Grand Prix,Zandvoort,2024-08-25,conventional,2,0 days 00:01:11.393000,0 days 00:01:10.811000,0 days 00:01:10.029000,18,1,1,0,13.333333333333334,2.6666666666666665,0.0,124.0,13.0,3.5,8.666666666666666,7.666666666666667,1,12.0,2.6666666666666665,1.0,-1.0,0.0,1.0,18.0,16.317041018938646,0.0,0.0,0.0,35.0,3.0,-35.0
2024,16,max_verstappen,red_bull,7,6,6,Finished,8.0,53,Italian Grand Prix,Monza,2024-09-01,conventional,7,0 days 00:01:20.226000,0 days 00:01:19.662000,0 days 00:01:20.022000,8,1,0,0,13.333333333333334,2.0,0.0,125.0,6.0,7.5,10.0,5.0,2,18.0,2.0,1.0,-6.0,0.0,6.0,10.0,15.30422846174877,0.0,2.0,0.0,28.0,3.0,-28.0
2024,17,max_verstappen,red_bull,6,5,5,Finished,10.0,51,Azerbaijan Grand Prix,Baku,2024-09-15,conventional,6,0 days 00:01:43.097000,0 days 00:01:42.042000,0 days 00:01:42.023000,10,1,0,0,12.666666666666666,3.3333333333333335,0.0,126.0,5.0,5.0,9.333333333333334,4.333333333333333,7,8.0,3.3333333333333335,2.0,-4.0,0.0,4.0,12.0,13.283113036995125,0.0,2.0,0.0,15.0,3.0,-15.0
2024,18,max_verstappen,red_bull,2,2,2,Finished,18.0,62,Singapore Grand Prix,Marina Bay,2024-09-22,conventional,2,0 days 00:01:30.157000,0 days 00:01:29.680000,0 days 00:01:29.728000,18,1,1,0,12.0,5.0,0.0,127.0,9.5,7.5,8.0,5.333333333333333,6,10.0,5.0,4.0,2.0,2.0,0.0,18.0,13.93515553619744,0.0,0.0,0.0,4.0,3.0,-4.0
2024,20,max_verstappen,red_bull,2,6,6,Finished,8.0,71,Mexico City Grand Prix,Mexico City,2024-10-27,conventional,2,0 days 00:01:16.803000,0 days 00:01:16.514000,0 days 00:01:16.171000,8,1,0,0,12.0,5.0,0.0,128.0,4.0,10.0,6.833333333333333,6.666666666666667,2,18.0,5.0,4.0,2.0,2.0,0.0,18.0,15.682346898827952,0.0,10.0,0.0,4.0,3.0,-4.0
2024,22,max_verstappen,red_bull,5,5,5,Finished,10.0,50,Las Vegas Grand Prix,Las Vegas,2024-11-23,conventional,5,0 days 00:01:33.299000,0 days 00:01:33.085000,0 days 00:01:32.797000,10,1,0,0,12.0,3.3333333333333335,0.0,129.0,5.5,10.5,6.166666666666667,7.5,2,8.0,3.3333333333333335,1.0,-4.0,0.0,4.0,8.0,6.966979137908417,2.0,0.0,0.0,12.0,3.0,-12.0
2024,24,max_verstappen,red_bull,4,6,6,Finished,8.0,58,Abu Dhabi Grand Prix,Yas Island,2024-12-08,conventional,5,0 days 00:01:23.516000,0 days 00:01:22.998000,0 days 00:01:22.945000,8,1,0,0,12.0,3.0,0.0,130.0,4.0,7.5,6.333333333333333,9.333333333333334,5,10.0,3.0,1.0,-4.0,0.0,4.0,12.0,10.818740935910832,0.0,4.0,2.0,10.0,3.0,-8.0
2025,1,max_verstappen,red_bull,3,2,2,Finished,18.0,57,Australian Grand Prix,Melbourne,2025-03-16,conventional,3,0 days 00:01:16.018000,0 days 00:01:15.565000,0 days 00:01:15.481000,18,1,1,0,8.666666666666666,4.0,0.0,131.0,9.0,10.5,4.5,9.333333333333334,5,8.0,4.0,3.0,0.0,0.0,-0.0,15.0,13.095408485213019,3.0,0.0,0.0,0.0,0.0,0.0
2025,3,max_verstappen,red_bull,1,1,1,Finished,25.0,53,Japanese Grand Prix,Suzuka,2025-04-06,conventional,1,0 days 00:01:27.943000,0 days 00:01:27.502000,0 days 00:01:26.983000,25,1,1,0,12.0,4.333333333333333,0.0,132.0,12.5,8.0,6.166666666666667,9.5,3,18.0,4.333333333333333,4.0,3.0,3.0,0.0,25.0,18.389746022734908,0.0,0.0,3.0,0.0,1.0,3.0
2025,4,max_verstappen,red_bull,7,6,6,Finished,8.0,57,Bahrain Grand Prix,Sakhir,2025-04-13,conventional,7,0 days 00:01:31.303000,0 days 00:01:31.019000,0 days 00:01:30.423000,8,1,0,0,17.0,3.0,0.0,133.0,5.0,8.5,8.5,8.666666666666666,1,25.0,3.0,3.0,-4.0,0.0,4.0,12.0,10.155936418514312,0.0,4.0,3.0,0.0,2.0,3.0
2025,5,max_verstappen,red_bull,1,2,2,Finished,18.0,50,Saudi Arabian Grand Prix,Jeddah,2025-04-20,conventional,1,0 days 00:01:27.778000,0 days 00:01:27.529000,0 days 00:01:27.294000,18,1,1,0,17.0,3.6666666666666665,0.0,134.0,9.0,4.5,8.833333333333334,9.0,7,8.0,3.6666666666666665,3.0,2.0,2.0,0.0,18.0,18.971765554078573,0.0,0.0,3.0,4.0,3.0,-1.0
2025,7,max_verstappen,red_bull,2,1,1,Finished,25.0,63,Emilia Romagna Grand Prix,Imola,2025-05-18,conventional,2,0 days 00:01:15.175000,0 days 00:01:15.394000,0 days 00:01:14.704000,25,1,1,0,17.0,3.0,0.0,135.0,13.0,11.0,8.833333333333334,7.0,1,18.0,3.0,2.0,0.0,0.0,-0.0,15.0,17.593296495260567,10.0,0.0,0.0,4.0,3.0,-4.0
2025,8,max_verstappen,red_bull,4,4,4,Finished,12.0,78,Monaco Grand Prix,Monaco,2025-05-25,conventional,5,0 days 00:01:11.431000,0 days 00:01:10.875000,0 days 00:01:10.669000,12,1,0,0,17.0,3.3333333333333335,0.0,136.0,6.0,8.5,9.0,8.0,2,25.0,3.3333333333333335,3.0,-2.0,0.0,2.0,10.0,10.155036654106418,2.0,0.0,10.0,4.0,3.0,6.0
2025,9,max_verstappen,red_bull,3,10,10,Finished,1.0,66,Spanish Grand Prix,Barcelona,2025-06-01,conventional,3,0 days 00:01:12.798000,0 days 00:01:12.358000,0 days 00:01:11.848000,1,1,0,0,18.333333333333332,2.6666666666666665,0.0,137.0,0.5,11.5,9.333333333333334,8.0,5,12.0,2.6666666666666665,2.0,-1.0,0.0,1.0,25.0,18.120522067987082,0.0,24.0,12.0,0.0,3.0,12.0
2025,10,max_verstappen,red_bull,2,2,2,Finished,18.0,70,Canadian Grand Prix,Montréal,2025-06-15,conventional,2,0 days 00:01:12.054000,0 days 00:01:11.638000,0 days 00:01:11.059000,18,1,1,0,12.666666666666666,3.3333333333333335,0.0,138.0,9.0,6.5,6.5,10.333333333333334,3,1.0,3.3333333333333335,3.0,1.0,1.0,0.0,18.0,14.551276737037421,0.0,0.0,12.0,24.0,3.0,-12.0
2025,11,max_verstappen,red_bull,7,18,R,Retired,0.0,0,Austrian Grand Prix,Spielberg,2025-06-29,conventional,7,0 days 00:01:05.106000,0 days 00:01:04.836000,0 days 00:01:04.929000,0,0,0,0,10.333333333333334,3.3333333333333335,0.0,139.0,0.0,12.5,5.166666666666667,8.833333333333334,2,18.0,3.3333333333333335,2.0,-5.0,0.0,5.0,8.0,7.701896160075988,0.0,8.0,2.0,24.0,3.0,-22.0
2025,12,max_verstappen,red_bull,1,5,5,Finished,10.0,52,British Grand Prix,Silverstone,2025-07-06,conventional,1,0 days 00:01:25.886000,0 days 00:01:25.316000,0 days 00:01:24.892000,10,1,0,0,6.333333333333333,4.0,0.0,140.0,5.0,6.5,3.1666666666666665,10.166666666666666,7,0.0,4.0,4.0,3.0,3.0,0.0,12.0,13.35903920522952,0.0,2.0,0.0,32.0,3.0,-32.0
2025,14,max_verstappen,red_bull,8,9,9,Finished,2.0,70,Hungarian Grand Prix,Budapest,2025-08-03,conventional,8,0 days 00:01:15.736000,0 days 00:01:15.547000,0 days 00:01:15.728000,2,1,0,0,9.333333333333334,3.3333333333333335,0.0,141.0,1.0,12.0,4.666666666666667,8.5,1,10.0,3.3333333333333335,2.0,-6.0,0.0,6.0,0.0,1.205619974685634,2.0,0.0,0.0,10.0,3.0,-10.0
2025,15,max_verstappen,red_bull,3,2,2,Finished,18.0,72,Dutch Grand Prix,Zandvoort,2025-08-31,conventional,3,0 days 00:01:09.696000,0 days 00:01:09.122000,0 days 00:01:08.925000,18,1,1,0,4.0,5.333333333333333,0.0,142.0,10.0,7.5,2.0,10.333333333333334,8,2.0,5.333333333333333,5.0,2.0,2.0,0.0,12.0,8.63959673905226,6.0,0.0,2.0,10.0,3.0,-8.0
2025,16,max_verstappen,red_bull,1,1,1,Finished,25.0,53,Italian Grand Prix,Monza,2025-09-07,conventional,1,0 days 00:01:19.455000,0 days 00:01:19.140000,0 days 00:01:18.792000,25,1,1,0,10.0,4.0,0.0,143.0,12.5,5.5,5.333333333333333,8.666666666666666,3,18.0,4.0,3.0,2.0,2.0,0.0,18.0,15.149003876375547,7.0,0.0,8.0,2.0,3.0,6.0
2025,17,max_verstappen,red_bull,1,1,1,Finished,25.0,51,Azerbaijan Grand Prix,Baku,2025-09-21,conventional,1,0 days 00:01:41.331000,0 days 00:01:41.255000,0 days 00:01:41.117000,25,1,1,0,15.0,4.0,0.0,144.0,16.5,3.5,7.833333333333333,8.333333333333334,1,25.0,4.0,4.0,3.0,3.0,0.0,25.0,23.665719125686298,0.0,0.0,15.0,0.0,3.0,15.0
2025,18,max_verstappen,red_bull,2,2,2,Finished,18.0,62,Singapore Grand Prix,Marina Bay,2025-10-05,conventional,2,0 days 00:01:30.028000,0 days 00:01:29.572000,0 days 00:01:29.340000,18,1,1,0,22.666666666666668,1.6666666666666667,0.0,145.0,9.0,7.5,13.0,5.5,1,25.0,1.6666666666666667,1.0,-1.0,0.0,1.0,25.0,21.402973865090964,0.0,7.0,13.0,0.0,3.0,13.0
2025,20,max_verstappen,red_bull,5,3,3,Finished,15.0,71,Mexico City Grand Prix,Mexico City,2025-10-26,conventional,5,0 days 00:01:17.076000,0 days 00:01:16.605000,0 days 00:01:16.070000,15,1,1,0,22.666666666666668,1.3333333333333333,0.0,146.0,7.5,8.0,12.666666666666666,5.5,2,18.0,1.3333333333333333,1.0,-4.0,0.0,4.0,10.0,10.72034010170327,5.0,0.0,7.0,7.0,3.0,0.0
2025,22,max_verstappen,red_bull,2,1,1,Finished,25.0,50,Las Vegas Grand Prix,Las Vegas,2025-11-22,conventional,2,0 days 00:01:53.458000,0 days 00:01:51.593000,0 days 00:01:48.257000,25,1,1,0,19.333333333333332,2.6666666666666665,0.0,147.0,12.5,10.5,11.0,6.333333333333333,5,15.0,2.6666666666666665,1.0,-1.0,0.0,1.0,18.0,19.629062941103754,7.0,0.0,5.0,7.0,3.0,-2.0
2025,24,max_verstappen,red_bull,1,1,1,Finished,25.0,58,Abu Dhabi Grand Prix,Yas Island,2025-12-07,conventional,1,0 days 00:01:22.877000,0 days 00:01:22.752000,0 days 00:01:22.207000,25,1,1,0,19.333333333333332,3.0,0.0,148.0,12.5,5.5,9.666666666666666,8.666666666666666,2,25.0,3.0,2.0,1.0,1.0,0.0,25.0,24.606625325036063,0.0,0.0,12.0,7.0,3.0,5.0
2021,1,mazepin,haas,19,20,R,Accident,0.0,0,Bahrain Grand Prix,Sakhir,2021-03-28,conventional,20,0 days 00:01:33.273000,,,0,0,0,1,,,,0.0,0.0,19.5,0.0,18.166666666666668,,,,,,,,,,,,0.0,0.0,0.0,0.0
2021,2,mazepin,haas,19,17,17,+2 Laps,0.0,61,Emilia Romagna Grand Prix,Imola,2021-04-18,conventional,19,0 days 00:01:16.797000,,,0,0,0,0,0.0,20.0,1.0,1.0,0.0,18.5,0.0,18.5,20,0.0,20.0,20.0,1.0,1.0,0.0,0.0,0.37111269457586893,0.0,0.0,0.0,0.0,0.0,0.0
2021,3,mazepin,haas,20,19,19,+2 Laps,0.0,64,Portuguese Grand Prix,Portimão,2021-05-02,conventional,20,0 days 00:01:20.912000,,,0,0,0,0,0.0,19.5,0.5,2.0,0.0,19.5,0.0,18.666666666666668,19,0.0,19.5,20.0,0.0,0.0,-0.0,0.0,0.0,0.0,0.0,0.0,0.0,1.0,0.0
2021,4,mazepin,haas,20,19,19,+2 Laps,0.0,64,Spanish Grand Prix,Barcelona,2021-05-09,conventional,20,0 days 00:01:19.807000,,,0,0,0,0,0.0,19.666666666666668,0.3333333333333333,3.0,0.0,19.0,0.0,19.166666666666668,20,0.0,19.666666666666668,20.0,0.0,0.0,-0.0,0.0,0.0,0.0,0.0,0.0,0.0,2.0,0.0
2021,5,mazepin,haas,19,17,17,+3 Laps,0.0,75,Monaco Grand Prix,Monte Carlo,2021-05-23,conventional,19,0 days 00:01:12.958000,,,0,0,0,0,0.0,19.666666666666668,0.25,4.0,0.0,19.0,0.0,19.0,20,0.0,19.666666666666668,19.0,0.0,0.0,-0.0,0.0,0.0,0.0,0.0,0.0,0.0,3.0,0.0
2021,6,mazepin,haas,18,14,14,Finished,0.0,51,Azerbaijan Grand Prix,Baku,2021-06-06,conventional,18,0 days 00:01:44.238000,,,0,0,0,0,0.0,19.666666666666668,0.2,5.0,0.0,17.5,0.0,19.166666666666668,19,0.0,19.666666666666668,20.0,2.0,2.0,0.0,0.0,0.0,0.0,0.0,0.0,0.0,3.0,0.0
2021,7,mazepin,haas,18,20,20,+1 Lap,0.0,52,French Grand Prix,Le Castellet,2021-06-20,conventional,18,0 days 00:01:33.554000,,,0,0,0,0,0.0,19.0,0.16666666666666666,6.0,0.0,16.5,0.0,18.5,18,0.0,19.0,20.0,2.0,2.0,0.0,0.0,0.0,0.0,0.0,0.0,0.0,3.0,0.0
2021,8,mazepin,haas,20,18,18,+3 Laps,0.0,68,Styrian Grand Prix,Spielberg,2021-06-27,conventional,20,0 days 00:01:06.192000,,,0,0,0,0,0.0,18.333333333333332,0.14285714285714285,7.0,0.0,19.5,0.0,17.666666666666668,18,0.0,18.333333333333332,20.0,0.0,0.0,-0.0,0.0,0.29820655325433965,0.0,0.0,0.0,0.0,3.0,0.0
2021,9,mazepin,haas,20,19,19,+2 Laps,0.0,69,Austrian Grand Prix,Spielberg,2021-07-04,conventional,20,0 days 00:01:05.951000,,,0,0,0,0,0.0,18.666666666666668,0.125,8.0,0.0,19.5,0.0,17.833333333333332,20,0.0,18.666666666666668,20.0,0.0,0.0,-0.0,0.0,0.0,0.0,0.0,0.0,0.0,3.0,0.0
2021,11,mazepin,haas,19,14,R,Collision,0.0,3,Hungarian Grand Prix,Budapest,2021-08-01,conventional,19,0 days 00:01:18.922000,,,0,0,0,1,0.0,19.333333333333332,0.1111111111111111,9.0,0.0,19.5,0.0,18.5,20,0.0,19.333333333333332,20.0,1.0,1.0,0.0,0.0,0.0,0.0,0.0,0.0,0.0,3.0,0.0
2021,12,mazepin,haas,18,17,17,Finished,0.0,1,Belgian Grand Prix,Spa-Francorchamps,2021-08-29,conventional,20,0 days 00:02:04.939000,,,0,0,0,0,0.0,19.666666666666668,0.2,10.0,0.0,19.0,0.0,19.5,19,0.0,19.666666666666668,20.0,0.0,0.0,-0.0,0.0,0.9135087240354984,0.0,0.0,0.0,0.0,3.0,0.0
2021,13,mazepin,haas,18,20,R,Hydraulics,0.0,41,Dutch Grand Prix,Zandvoort,2021-09-05,conventional,20,0 days 00:01:11.875000,,,0,0,0,0,0.0,19.666666666666668,0.1,11.0,0.0,19.5,0.0,19.333333333333332,20,0.0,19.666666666666668,20.0,0.0,0.0,-0.0,0.0,0.6258623682757802,0.0,0.0,0.0,0.0,3.0,0.0
2021,15,mazepin,haas,15,18,18,+2 Laps,0.0,51,Russian Grand Prix,Sochi,2021-09-26,conventional,19,0 days 00:01:53.764000,,,0,0,0,0,0.0,19.666666666666668,0.1,12.0,0.0,18.0,0.0,19.333333333333332,20,0.0,19.666666666666668,20.0,1.0,1.0,0.0,0.0,0.21445635736300783,0.0,0.0,0.0,0.0,3.0,0.0
2021,16,mazepin,haas,18,20,20,+2 Laps,0.0,56,Turkish Grand Prix,Istanbul,2021-10-10,conventional,20,0 days 00:01:28.449000,,,0,0,0,0,0.0,19.666666666666668,0.1,13.0,0.0,17.0,0.0,18.833333333333332,19,0.0,19.666666666666668,20.0,0.0,0.0,-0.0,0.0,0.0,0.0,0.0,0.0,0.0,3.0,0.0
2021,17,mazepin,haas,17,17,17,+2 Laps,0.0,54,United States Grand Prix,Austin,2021-10-24,conventional,20,0 days 00:01:36.796000,,,0,0,0,0,0.0,19.666666666666668,0.1,14.0,0.0,19.5,0.0,18.166666666666668,20,0.0,19.666666666666668,20.0,0.0,0.0,-0.0,0.0,0.0,0.0,0.0,0.0,0.0,3.0,0.0
2021,18,mazepin,haas,15,18,18,+3 Laps,0.0,68,Mexico City Grand Prix,Mexico City,2021-11-07,conventional,19,0 days 00:01:19.303000,,,0,0,0,0,0.0,19.666666666666668,0.1,15.0,0.0,18.5,0.0,18.166666666666668,20,0.0,19.666666666666668,20.0,1.0,1.0,0.0,0.0,0.0,0.0,0.0,0.0,0.0,3.0,0.0
2021,20,mazepin,haas,20,18,18,+2 Laps,0.0,55,Qatar Grand Prix,Lusail,2021-11-21,conventional,20,0 days 00:01:25.859000,,,0,0,0,0,0.0,19.666666666666668,0.1,16.0,0.0,19.5,0.0,18.333333333333332,19,0.0,19.666666666666668,20.0,0.0,0.0,-0.0,0.0,0.18234259910752382,0.0,0.0,0.0,0.0,3.0,0.0
2021,21,mazepin,haas,20,18,R,Collision,0.0,14,Saudi Arabian Grand Prix,Jeddah,2021-12-05,conventional,20,0 days 00:01:30.473000,,,0,0,0,1,0.0,19.666666666666668,0.1,17.0,0.0,19.5,0.0,19.166666666666668,20,0.0,19.666666666666668,20.0,0.0,0.0,-0.0,0.0,0.06951589365974975,0.0,0.0,0.0,0.0,3.0,0.0
2021,22,mazepin,haas,20,20,W,Illness,0.0,0,Abu Dhabi Grand Prix,Yas Island,2021-12-12,conventional,20,0 days 00:01:25.685000,,,0,0,0,0,0.0,19.666666666666668,0.2,18.0,0.0,19.5,0.0,19.166666666666668,20,0.0,19.666666666666668,20.0,0.0,0.0,-0.0,0.0,0.03554420257432245,0.0,0.0,0.0,0.0,3.0,0.0
2021,1,mick_schumacher,haas,18,16,16,+1 Lap,0.0,55,Bahrain Grand Prix,Sakhir,2021-03-28,conventional,19,0 days 00:01:32.449000,,,0,0,0,0,,,,0.0,0.0,19.5,0.0,18.166666666666668,,,,,,,,,,,,0.0,0.0,0.0,0.0
2021,2,mick_schumacher,haas,18,16,16,+2 Laps,0.0,61,Emilia Romagna Grand Prix,Imola,2021-04-18,conventional,18,0 days 00:01:16.279000,,,0,0,0,0,0.0,19.0,0.0,1.0,0.0,18.5,0.0,18.5,19,0.0,19.0,19.0,1.0,1.0,0.0,0.0,0.0,0.0,0.0,0.0,0.0,0.0,0.0
2021,3,mick_schumacher,haas,19,17,17,+2 Laps,0.0,64,Portuguese Grand Prix,Portimão,2021-05-02,conventional,19,0 days 00:01:20.452000,,,0,0,0,0,0.0,18.5,0.0,2.0,0.0,19.5,0.0,18.666666666666668,18,0.0,18.5,19.0,0.0,0.0,-0.0,0.0,0.0,0.0,0.0,0.0,0.0,1.0,0.0
2021,4,mick_schumacher,haas,18,18,18,+2 Laps,0.0,64,Spanish Grand Prix,Barcelona,2021-05-09,conventional,18,0 days 00:01:19.117000,,,0,0,0,0,0.0,18.666666666666668,0.0,3.0,0.0,19.0,0.0,19.166666666666668,19,0.0,18.666666666666668,19.0,1.0,1.0,0.0,0.0,0.0,0.0,0.0,0.0,0.0,2.0,0.0
2021,6,mick_schumacher,haas,17,13,13,Finished,0.0,51,Azerbaijan Grand Prix,Baku,2021-06-06,conventional,17,0 days 00:01:44.158000,,,0,0,0,0,0.0,18.333333333333332,0.0,4.0,0.0,17.5,0.0,19.166666666666668,18,0.0,18.333333333333332,19.0,2.0,2.0,0.0,0.0,0.0,0.0,0.0,0.0,0.0,3.0,0.0
2021,7,mick_schumacher,haas,15,19,19,+1 Lap,0.0,52,French Grand Prix,Le Castellet,2021-06-20,conventional,15,0 days 00:01:32.942000,,,0,0,0,0,0.0,18.0,0.0,5.0,0.0,16.5,0.0,18.5,17,0.0,18.0,19.0,4.0,4.0,0.0,0.0,0.0,0.0,0.0,0.0,0.0,3.0,0.0
2021,8,mick_schumacher,haas,19,16,16,+2 Laps,0.0,69,Styrian Grand Prix,Spielberg,2021-06-27,conventional,19,0 days 00:01:06.041000,,,0,0,0,0,0.0,16.666666666666668,0.0,6.0,0.0,19.5,0.0,17.666666666666668,15,0.0,16.666666666666668,18.0,-1.0,0.0,1.0,0.0,0.3495593540474182,0.0,0.0,0.0,0.0,3.0,0.0
2021,9,mick_schumacher,haas,19,18,18,+2 Laps,0.0,69,Austrian Grand Prix,Spielberg,2021-07-04,conventional,19,0 days 00:01:05.427000,,,0,0,0,0,0.0,17.0,0.0,7.0,0.0,19.5,0.0,17.833333333333332,19,0.0,17.0,19.0,0.0,0.0,-0.0,0.0,0.0,0.0,0.0,0.0,0.0,3.0,0.0
2021,11,mick_schumacher,haas,20,12,12,+1 Lap,0.0,69,Hungarian Grand Prix,Budapest,2021-08-01,conventional,20,,,,0,0,0,0,0.0,17.666666666666668,0.0,8.0,0.0,19.5,0.0,18.5,19,0.0,17.666666666666668,19.0,-1.0,0.0,1.0,0.0,0.0,0.0,0.0,0.0,0.0,3.0,0.0
2021,12,mick_schumacher,haas,17,16,16,Finished,0.0,1,Belgian Grand Prix,Spa-Francorchamps,2021-08-29,conventional,18,0 days 00:02:03.973000,,,0,0,0,0,0.0,19.333333333333332,0.0,9.0,0.0,19.0,0.0,19.5,20,0.0,19.333333333333332,19.0,1.0,1.0,0.0,0.0,0.856191842036246,0.0,0.0,0.0,0.0,3.0,0.0
2021,13,mick_schumacher,haas,17,18,18,+3 Laps,0.0,69,Dutch Grand Prix,Zandvoort,2021-09-05,conventional,19,0 days 00:01:11.387000,,,0,0,0,0,0.0,19.0,0.0,10.0,0.0,19.5,0.0,19.333333333333332,18,0.0,19.0,18.0,-1.0,0.0,1.0,0.0,0.42403519138925194,0.0,0.0,0.0,0.0,3.0,0.0
2021,15,mick_schumacher,haas,14,20,R,Oil leak,0.0,32,Russian Grand Prix,Sochi,2021-09-26,conventional,17,0 days 00:01:49.830000,,,0,0,0,0,0.0,19.0,0.0,11.0,0.0,18.0,0.0,19.333333333333332,19,0.0,19.0,19.0,2.0,2.0,0.0,0.0,0.1130742526511268,0.0,0.0,0.0,0.0,3.0,0.0
2021,16,mick_schumacher,haas,14,19,19,+2 Laps,0.0,56,Turkish Grand Prix,Istanbul,2021-10-10,conventional,14,0 days 00:01:25.555000,0 days 00:01:25.200000,,0,0,0,0,0.0,18.0,0.0,12.0,0.0,17.0,0.0,18.833333333333332,17,0.0,18.0,19.0,5.0,5.0,0.0,0.0,0.38218690189895543,0.0,0.0,0.0,0.0,3.0,0.0
2021,17,mick_schumacher,haas,16,16,16,+2 Laps,0.0,54,United States Grand Prix,Austin,2021-10-24,conventional,19,0 days 00:01:36.499000,,,0,0,0,0,0.0,16.666666666666668,0.0,13.0,0.0,19.5,0.0,18.166666666666668,14,0.0,16.666666666666668,18.0,-1.0,0.0,1.0,0.0,0.0042476469511028014,0.0,0.0,0.0,0.0,3.0,0.0
2021,18,mick_schumacher,haas,14,19,R,Collision,0.0,0,Mexico City Grand Prix,Mexico City,2021-11-07,conventional,18,0 days 00:01:18.858000,,,0,0,0,1,0.0,16.666666666666668,0.0,14.0,0.0,18.5,0.0,18.166666666666668,19,0.0,16.666666666666668,18.0,0.0,0.0,-0.0,0.0,0.0,0.0,0.0,0.0,0.0,3.0,0.0
2021,20,mick_schumacher,haas,19,16,16,+1 Lap,0.0,56,Qatar Grand Prix,Lusail,2021-11-21,conventional,19,0 days 00:01:23.407000,,,0,0,0,0,0.0,17.0,0.1,15.0,0.0,19.5,0.0,18.333333333333332,18,0.0,17.0,19.0,0.0,0.0,-0.0,0.0,0.0,0.0,0.0,0.0,0.0,3.0,0.0
2021,21,mick_schumacher,haas,19,20,R,Accident,0.0,8,Saudi Arabian Grand Prix,Jeddah,2021-12-05,conventional,19,0 days 00:01:29.464000,,,0,0,0,1,0.0,18.666666666666668,0.1,16.0,0.0,19.5,0.0,19.166666666666668,19,0.0,18.666666666666668,19.0,0.0,0.0,-0.0,0.0,0.11519944495375256,0.0,0.0,0.0,0.0,3.0,0.0
2021,22,mick_schumacher,haas,19,14,14,+1 Lap,0.0,57,Abu Dhabi Grand Prix,Yas Island,2021-12-12,conventional,19,0 days 00:01:24.906000,,,0,0,0,0,0.0,18.666666666666668,0.2,17.0,0.0,19.5,0.0,19.166666666666668,19,0.0,18.666666666666668,19.0,0.0,0.0,-0.0,0.0,0.07805924036033307,0.0,0.0,0.0,0.0,3.0,0.0
2022,1,mick_schumacher,haas,12,11,11,Finished,0.0,57,Bahrain Grand Prix,Sakhir,2022-03-20,conventional,12,0 days 00:01:32.380000,0 days 00:01:31.998000,,0,0,0,0,0.0,19.0,0.2,18.0,5.0,9.5,0.0,19.5,19,0.0,19.0,19.0,7.0,7.0,0.0,0.0,0.9307986839380975,0.0,0.0,0.0,0.0,0.0,0.0
2022,2,mick_schumacher,haas,0,20,W,Withdrew,0.0,0,Saudi Arabian Grand Prix,Jeddah,2022-03-27,conventional,14,0 days 00:01:30.167000,0 days 00:01:29.920000,,0,0,0,0,0.0,16.666666666666668,0.2,19.0,1.0,12.0,1.6666666666666667,16.166666666666668,12,0.0,16.666666666666668,18.0,4.0,4.0,0.0,0.0,0.19475982536779846,0.0,0.0,0.0,0.0,1.0,0.0
2022,3,mick_schumacher,haas,15,13,13,+1 Lap,0.0,57,Australian Grand Prix,Melbourne,2022-04-10,conventional,15,0 days 00:01:20.104000,0 days 00:01:20.465000,,0,0,0,0,0.0,15.0,0.2,20.0,0.0,16.0,2.0,13.666666666666666,14,0.0,15.0,18.0,3.0,3.0,0.0,0.0,0.0,0.0,0.0,0.0,0.0,2.0,0.0
2022,5,mick_schumacher,haas,15,15,15,Finished,0.0,57,Miami Grand Prix,Miami,2022-05-08,conventional,15,0 days 00:01:30.645000,0 days 00:01:30.423000,,0,0,0,0,0.0,13.666666666666666,0.2,21.0,0.0,15.5,2.0,12.5,15,0.0,13.666666666666666,14.0,-1.0,0.0,1.0,0.0,0.18825321596860167,0.0,0.0,0.0,0.0,3.0,0.0
2022,6,mick_schumacher,haas,10,14,14,+1 Lap,0.0,65,Spanish Grand Prix,Barcelona,2022-05-22,conventional,10,0 days 00:01:20.683000,0 days 00:01:20.436000,0 days 00:01:20.368000,0,0,0,0,0.0,14.666666666666666,0.2,22.0,0.0,9.0,0.3333333333333333,14.5,15,0.0,14.666666666666666,15.0,5.0,5.0,0.0,0.0,0.9881633836027826,0.0,0.0,0.0,0.0,3.0,0.0
2022,7,mick_schumacher,haas,15,19,R,Accident,0.0,24,Monaco Grand Prix,Monaco,2022-05-29,conventional,15,0 days 00:01:13.469000,0 days 00:01:13.081000,,0,0,0,1,0.0,13.333333333333334,0.2,23.0,0.0,14.0,0.0,13.5,10,0.0,13.333333333333334,13.0,-2.0,0.0,2.0,0.0,0.497963479011867,0.0,0.0,0.0,0.0,3.0,0.0
2022,8,mick_schumacher,haas,20,14,14,+1 Lap,0.0,50,Azerbaijan Grand Prix,Baku,2022-06-12,conventional,20,0 days 00:01:45.775000,,,0,0,0,0,0.0,13.333333333333334,0.3,24.0,0.0,18.0,0.0,12.833333333333334,15,0.0,13.333333333333334,15.0,-5.0,0.0,5.0,0.0,0.0,0.0,0.0,0.0,0.0,3.0,0.0
2022,9,mick_schumacher,haas,6,19,R,Engine,0.0,18,Canadian Grand Prix,Montréal,2022-06-19,conventional,6,0 days 00:01:33.707000,0 days 00:01:25.684000,0 days 00:01:23.356000,0,0,0,0,0.0,15.0,0.2,25.0,0.0,5.5,0.0,13.666666666666666,20,0.0,15.0,16.0,10.0,10.0,0.0,2.0,4.367229676830645,0.0,2.0,0.0,0.0,3.0,0.0
2022,10,mick_schumacher,haas,19,8,8,Finished,4.0,52,British Grand Prix,Silverstone,2022-07-03,conventional,19,0 days 00:01:42.708000,,,4,1,0,0,0.0,13.666666666666666,0.2,26.0,2.5,18.0,0.0,12.5,6,0.0,13.666666666666666,16.0,-3.0,0.0,3.0,0.0,0.2542082223184359,4.0,0.0,0.0,2.0,3.0,-2.0
2022,12,mick_schumacher,haas,17,15,15,Finished,0.0,53,French Grand Prix,Le Castellet,2022-07-24,conventional,19,0 days 00:01:33.701000,,,0,0,0,0,1.3333333333333333,15.0,0.1,27.0,0.0,14.5,0.8333333333333334,13.833333333333334,19,4.0,15.0,18.0,-1.0,0.0,1.0,0.0,0.574026526156671,0.0,0.0,4.0,2.0,3.0,2.0
2022,13,mick_schumacher,haas,15,14,14,+1 Lap,0.0,69,Hungarian Grand Prix,Budapest,2022-07-31,conventional,15,0 days 00:01:19.164000,0 days 00:01:19.202000,,0,0,0,0,1.3333333333333333,14.666666666666666,0.1,28.0,0.0,14.0,0.8333333333333334,12.666666666666666,19,0.0,14.666666666666666,17.0,2.0,2.0,0.0,0.0,0.189566585345041,0.0,0.0,4.0,2.0,3.0,2.0
2022,14,mick_schumacher,haas,19,17,17,+1 Lap,0.0,43,Belgian Grand Prix,Spa-Francorchamps,2022-08-28,conventional,15,0 days 00:01:46.342000,0 days 00:01:47.718000,,0,0,0,0,1.3333333333333333,17.666666666666668,0.1,29.0,0.0,16.5,0.8333333333333334,15.5,15,0.0,17.666666666666668,20.0,5.0,5.0,0.0,0.0,0.0,0.0,0.0,4.0,0.0,3.0,4.0
2022,15,mick_schumacher,haas,8,13,13,Finished,0.0,72,Dutch Grand Prix,Zandvoort,2022-09-04,conventional,8,0 days 00:01:11.741000,0 days 00:01:11.420000,0 days 00:01:11.442000,0,0,0,0,0.0,16.333333333333332,0.1,30.0,0.0,13.0,0.0,15.0,15,0.0,16.333333333333332,19.0,11.0,11.0,0.0,0.0,1.0478647788572673,0.0,0.0,0.0,0.0,3.0,0.0
2022,16,mick_schumacher,haas,17,12,12,Finished,0.0,53,Italian Grand Prix,Monza,2022-09-11,conventional,20,0 days 00:01:23.005000,,,0,0,0,0,0.0,12.666666666666666,0.1,31.0,0.0,19.5,0.0,14.5,8,0.0,12.666666666666666,11.0,-9.0,0.0,9.0,0.0,0.039393319519446024,0.0,0.0,0.0,0.0,3.0,0.0
2022,17,mick_schumacher,haas,12,13,13,+1 Lap,0.0,58,Singapore Grand Prix,Marina Bay,2022-10-02,conventional,13,0 days 00:01:55.736000,0 days 00:01:54.370000,,0,0,0,0,0.0,14.333333333333334,0.1,32.0,0.0,11.0,0.0,16.333333333333332,20,0.0,14.333333333333334,15.0,2.0,2.0,0.0,0.0,0.0,0.0,0.0,0.0,0.0,3.0,0.0
2022,18,mick_schumacher,haas,15,17,17,Finished,0.0,28,Japanese Grand Prix,Suzuka,2022-10-09,conventional,15,0 days 00:01:31.152000,0 days 00:01:31.439000,,0,0,0,0,0.0,13.666666666666666,0.1,33.0,0.0,16.5,0.0,14.5,13,0.0,13.666666666666666,12.0,-3.0,0.0,3.0,0.0,0.07174411714009121,0.0,0.0,0.0,0.0,3.0,0.0
2022,19,mick_schumacher,haas,16,15,15,Finished,0.0,56,United States Grand Prix,Austin,2022-10-23,conventional,19,0 days 00:01:37.111000,,,0,0,0,0,0.0,16.0,0.0,34.0,1.0,17.5,0.0,15.666666666666666,15,0.0,16.0,17.0,-2.0,0.0,2.0,0.0,0.0,0.0,0.0,0.0,0.0,3.0,0.0
2022,20,mick_schumacher,haas,15,16,16,+1 Lap,0.0,70,Mexico City Grand Prix,Mexico City,2022-10-30,conventional,16,0 days 00:01:20.419000,,,0,0,0,0,0.0,15.666666666666666,0.0,35.0,0.0,15.5,0.3333333333333333,15.0,19,0.0,15.666666666666666,19.0,3.0,3.0,0.0,0.0,0.25375136002209064,0.0,0.0,0.0,0.0,3.0,0.0
2022,22,mick_schumacher,haas,12,16,16,+1 Lap,0.0,57,Abu Dhabi Grand Prix,Yas Island,2022-11-20,conventional,13,0 days 00:01:25.711000,0 days 00:01:25.225000,,0,0,0,0,0.0,16.666666666666668,0.0,36.0,0.0,14.5,0.3333333333333333,16.5,16,0.0,16.666666666666668,19.0,6.0,6.0,0.0,0.0,0.6147036653171645,0.0,0.0,0.0,0.0,3.0,0.0
2019,1,norris,mclaren,8,12,12,+1 Lap,0.0,57,Australian Grand Prix,Melbourne,2019-03-17,conventional,8,0 days 00:01:22.702000,0 days 00:01:22.423000,0 days 00:01:22.304000,0,0,0,0,,,,0.0,0.0,13.0,0.6666666666666666,16.666666666666668,,,,,,,,,,,,0.0,0.0,0.0,0.0
2019,2,norris,mclaren,9,6,6,Finished,8.0,57,Bahrain Grand Prix,Sakhir,2019-03-31,conventional,10,0 days 00:01:29.381000,0 days 00:01:29.258000,0 days 00:01:29.043000,8,1,0,0,0.0,8.0,0.0,1.0,4.0,8.5,0.0,16.166666666666668,8,0.0,,,,,,,,,,0.0,0.0,0.0,0.0
2019,3,norris,mclaren,15,18,18,Collision,0.0,50,Chinese Grand Prix,Shanghai,2019-04-14,conventional,15,0 days 00:01:34.148000,0 days 00:01:33.967000,,0,0,0,1,4.0,9.0,0.0,2.0,0.0,14.5,1.3333333333333333,12.666666666666666,10,8.0,,,,,,,,,,0.0,0.0,0.0,0.0
2019,4,norris,mclaren,7,8,8,Finished,4.0,51,Azerbaijan Grand Prix,Baku,2019-04-28,conventional,7,0 days 00:01:42.371000,0 days 00:01:42.084000,0 days 00:01:41.886000,4,1,0,0,2.6666666666666665,11.0,0.3333333333333333,3.0,5.0,8.5,1.3333333333333333,12.0,15,0.0,,,,,,,,,,0.0,0.0,0.0,0.0
2019,5,norris,mclaren,10,20,R,Collision,0.0,44,Spanish Grand Prix,Barcelona,2019-05-12,conventional,11,0 days 00:01:17.611000,0 days 00:01:17.338000,,0,0,0,1,4.0,10.666666666666666,0.25,4.0,2.0,12.0,3.0,10.5,7,4.0,,,,,,,,,,0.0,0.0,0.0,0.0
2019,6,norris,mclaren,12,11,11,Finished,0.0,78,Monaco Grand Prix,Monte Carlo,2019-05-26,conventional,12,0 days 00:01:11.845000,0 days 00:01:11.724000,,0,0,0,0,1.3333333333333333,11.0,0.4,5.0,4.0,10.5,2.3333333333333335,11.666666666666666,11,0.0,,,,,,,,,,0.0,0.0,0.0,0.0
2019,7,norris,mclaren,8,20,R,Suspension,0.0,8,Canadian Grand Prix,Montréal,2019-06-09,conventional,8,0 days 00:01:11.780000,0 days 00:01:11.735000,0 days 00:01:11.863000,0,0,0,0,1.3333333333333333,10.0,0.3333333333333333,6.0,0.0,8.5,3.6666666666666665,10.333333333333334,12,0.0,,,,,,,,,,0.0,0.0,0.0,0.0
2019,8,norris,mclaren,5,9,9,+1 Lap,2.0,52,French Grand Prix,Le Castellet,2019-06-23,conventional,5,0 days 00:01:30.989000,0 days 00:01:30.019000,0 days 00:01:29.418000,2,1,0,0,0.0,10.333333333333334,0.2857142857142857,7.0,5.0,5.5,2.0,10.333333333333334,8,0.0,,,,,,,,,,0.0,0.0,0.0,0.0
2019,9,norris,mclaren,5,6,6,+1 Lap,8.0,70,Austrian Grand Prix,Spielberg,2019-06-30,conventional,6,0 days 00:01:04.361000,0 days 00:01:04.211000,0 days 00:01:04.099000,8,1,0,0,0.6666666666666666,8.333333333333334,0.25,8.0,6.0,10.5,3.0,8.166666666666666,5,2.0,,,,,,,,,,0.0,0.0,0.0,0.0
2019,10,norris,mclaren,8,11,11,Finished,0.0,52,British Grand Prix,Silverstone,2019-07-14,conventional,8,0 days 00:01:26.079000,0 days 00:01:26.385000,0 days 00:01:26.224000,0,0,0,0,3.3333333333333335,6.333333333333333,0.2222222222222222,9.0,4.0,10.5,3.6666666666666665,8.166666666666666,6,8.0,,,,,,,,,,0.0,0.0,0.0,0.0
2019,11,norris,mclaren,19,18,R,Power loss,0.0,25,German Grand Prix,Hockenheim,2019-07-28,conventional,16,0 days 00:01:13.333000,,,0,0,0,0,3.3333333333333335,6.333333333333333,0.2,10.0,5.0,11.5,5.0,8.833333333333334,8,0.0,,,,,,,,,,0.0,0.0,0.0,0.0
2019,12,norris,mclaren,7,9,9,+1 Lap,2.0,69,Hungarian Grand Prix,Budapest,2019-08-04,conventional,7,0 days 00:01:16.697000,0 days 00:01:16.060000,0 days 00:01:15.800000,2,1,0,0,2.6666666666666665,10.0,0.2,11.0,6.0,7.5,5.0,10.833333333333334,16,0.0,,,,,,,,,,0.0,0.0,0.0,0.0
2019,13,norris,mclaren,11,11,11,Engine,0.0,43,Belgian Grand Prix,Spa-Francorchamps,2019-09-01,conventional,12,0 days 00:01:46.154000,0 days 00:01:44.847000,,0,0,0,0,0.6666666666666666,10.333333333333334,0.2,12.0,0.0,14.5,5.0,9.833333333333334,7,2.0,,,,,,,,,,0.0,0.0,0.0,0.0
2019,14,norris,mclaren,16,10,10,+1 Lap,1.0,52,Italian Grand Prix,Monza,2019-09-08,conventional,14,0 days 00:01:20.646000,0 days 00:01:21.068000,,1,1,0,0,0.6666666666666666,11.666666666666666,0.1,13.0,0.5,10.5,3.6666666666666665,11.166666666666666,12,0.0,,,,,,,,,,0.0,0.0,0.0,0.0
2019,15,norris,mclaren,9,7,7,Finished,6.0,61,Singapore Grand Prix,Singapore,2019-09-22,conventional,9,0 days 00:01:38.606000,0 days 00:01:37.572000,0 days 00:01:38.329000,6,1,0,0,1.0,11.0,0.1,14.0,3.0,8.0,2.1666666666666665,10.833333333333334,14,1.0,,,,,,,,,,0.0,0.0,0.0,0.0
2019,16,norris,mclaren,7,8,8,Finished,4.0,53,Russian Grand Prix,Sochi,2019-09-29,conventional,8,0 days 00:01:34.201000,0 days 00:01:33.725000,0 days 00:01:33.301000,4,1,0,0,2.3333333333333335,11.666666666666666,0.0,15.0,6.0,7.0,1.1666666666666667,11.0,9,6.0,,,,,,,,,,0.0,0.0,0.0,0.0
2019,17,norris,mclaren,8,11,11,+1 Lap,0.0,51,Japanese Grand Prix,Suzuka,2019-10-13,conventional,8,0 days 00:01:28.873000,0 days 00:01:28.571000,0 days 00:01:28.464000,0,0,0,0,3.6666666666666665,10.333333333333334,0.0,16.0,5.0,7.5,3.1666666666666665,8.5,8,4.0,,,,,,,,,,0.0,0.0,0.0,0.0
2019,18,norris,mclaren,8,20,W,Withdrew,0.0,48,Mexican Grand Prix,Mexico City,2019-10-27,conventional,8,0 days 00:01:17.092000,0 days 00:01:16.447000,0 days 00:01:16.322000,0,0,0,0,3.3333333333333335,8.333333333333334,0.0,17.0,0.0,7.5,4.666666666666667,7.5,8,0.0,,,,,,,,,,0.0,0.0,0.0,0.0
2019,19,norris,mclaren,8,7,7,Finished,6.0,56,United States Grand Prix,Austin,2019-11-03,conventional,8,0 days 00:01:33.353000,0 days 00:01:33.316000,0 days 00:01:33.175000,6,1,0,0,1.3333333333333333,8.0,0.0,18.0,5.0,7.5,3.6666666666666665,7.333333333333333,8,0.0,,,,,,,,,,0.0,0.0,0.0,0.0
2019,20,norris,mclaren,10,8,8,Finished,4.0,71,Brazilian Grand Prix,São Paulo,2019-11-17,conventional,11,0 days 00:01:08.891000,0 days 00:01:08.868000,,4,1,0,0,2.0,8.0,0.0,19.0,9.5,15.5,3.3333333333333335,7.5,8,6.0,,,,,,,,,,0.0,0.0,0.0,0.0
2019,21,norris,mclaren,6,8,8,+1 Lap,4.0,54,Abu Dhabi Grand Prix,Yas Island,2019-12-01,conventional,7,0 days 00:01:37.545000,0 days 00:01:36.764000,0 days 00:01:36.436000,4,1,0,0,3.3333333333333335,9.0,0.0,20.0,2.5,8.0,4.833333333333333,10.166666666666666,11,4.0,,,,,,,,,,0.0,0.0,0.0,0.0
2020,1,norris,mclaren,3,3,3,Finished,16.0,71,Austrian Grand Prix,Spielberg,2020-07-05,conventional,4,0 days 00:01:04.606000,0 days 00:01:03.819000,0 days 00:01:03.626000,15,1,1,0,4.666666666666667,8.666666666666666,0.0,21.0,12.5,6.0,5.666666666666667,10.333333333333334,7,4.0,8.666666666666666,7.0,3.0,3.0,0.0,4.0,5.193063682326187,11.0,0.0,0.0,0.0,0.0,0.0
2020,2,norris,mclaren,9,5,5,Finished,10.0,71,Styrian Grand Prix,Spielberg,2020-07-12,conventional,6,0 days 00:01:18.504000,0 days 00:01:18.448000,0 days 00:01:20.925000,10,1,0,0,7.666666666666667,7.333333333333333,0.0,22.0,6.0,4.5,8.166666666666666,9.833333333333334,4,15.0,7.333333333333333,7.0,1.0,1.0,0.0,15.0,10.92368494112495,0.0,5.0,11.0,0.0,1.0,11.0
2020,3,norris,mclaren,8,13,13,+1 Lap,0.0,69,Hungarian Grand Prix,Budapest,2020-07-19,conventional,8,0 days 00:01:15.444000,0 days 00:01:15.085000,0 days 00:01:14.966000,0,0,0,0,9.666666666666666,5.666666666666667,0.0,23.0,1.0,8.5,7.0,6.166666666666667,6,10.0,5.666666666666667,4.0,-4.0,0.0,4.0,6.0,7.464493750525509,0.0,6.0,11.0,5.0,2.0,6.0
2020,4,norris,mclaren,5,5,5,Finished,10.0,52,British Grand Prix,Silverstone,2020-08-02,conventional,5,0 days 00:01:26.855000,0 days 00:01:26.420000,0 days 00:01:25.782000,10,1,0,0,8.333333333333334,6.0,0.0,24.0,5.0,6.0,6.5,6.333333333333333,8,0.0,6.0,4.0,-1.0,0.0,1.0,6.0,5.810703561748018,4.0,0.0,11.0,11.0,3.0,0.0
2020,5,norris,mclaren,10,9,9,Finished,2.0,52,70th Anniversary Grand Prix,Silverstone,2020-08-09,conventional,10,0 days 00:01:27.217000,0 days 00:01:26.885000,0 days 00:01:26.778000,2,1,0,0,6.666666666666667,6.333333333333333,0.0,25.0,1.0,11.5,4.0,6.333333333333333,5,10.0,6.333333333333333,4.0,-6.0,0.0,6.0,0.0,3.2679780334022466,2.0,0.0,4.0,11.0,3.0,-7.0
2020,6,norris,mclaren,8,10,10,+1 Lap,1.0,65,Spanish Grand Prix,Barcelona,2020-08-16,conventional,8,0 days 00:01:17.577000,0 days 00:01:17.166000,0 days 00:01:17.084000,1,1,0,0,4.0,7.666666666666667,0.0,26.0,4.5,7.5,2.3333333333333335,8.666666666666666,10,2.0,7.666666666666667,6.0,-2.0,0.0,2.0,0.0,2.359561253539531,1.0,0.0,6.0,6.0,3.0,0.0
2020,7,norris,mclaren,10,7,7,Finished,6.0,44,Belgian Grand Prix,Spa-Francorchamps,2020-08-30,conventional,10,0 days 00:01:43.514000,0 days 00:01:42.722000,0 days 00:01:42.657000,6,1,0,0,4.333333333333333,7.666666666666667,0.0,27.0,3.0,8.5,3.5,8.333333333333334,8,1.0,7.666666666666667,6.0,-4.0,0.0,4.0,0.0,2.2154480223593027,6.0,0.0,7.0,0.0,3.0,7.0
2020,8,norris,mclaren,6,4,4,Finished,12.0,53,Italian Grand Prix,Monza,2020-09-06,conventional,6,0 days 00:01:20.344000,0 days 00:01:19.962000,0 days 00:01:19.820000,12,1,0,0,3.0,9.333333333333334,0.0,28.0,15.0,4.5,2.8333333333333335,9.166666666666666,10,6.0,9.333333333333334,9.0,3.0,3.0,0.0,8.0,5.869016290203121,4.0,0.0,9.0,0.0,3.0,9.0
2020,9,norris,mclaren,11,6,6,Finished,8.0,59,Tuscan Grand Prix,Mugello,2020-09-13,conventional,11,0 days 00:01:16.895000,0 days 00:01:16.640000,,8,1,0,0,6.333333333333333,8.0,0.0,29.0,4.0,10.0,7.5,6.833333333333333,6,12.0,8.0,8.0,-3.0,0.0,3.0,0.0,5.3052601151949705,8.0,0.0,11.0,0.0,3.0,11.0
2020,10,norris,mclaren,8,15,15,+1 Lap,0.0,52,Russian Grand Prix,Sochi,2020-09-27,conventional,8,0 days 00:01:33.804000,0 days 00:01:33.081000,0 days 00:01:32.847000,0,0,0,0,8.666666666666666,9.0,0.0,30.0,0.0,7.0,7.333333333333333,7.666666666666667,11,8.0,9.0,9.0,1.0,1.0,0.0,1.0,4.543550598284663,0.0,1.0,18.0,0.0,3.0,18.0
2020,11,norris,mclaren,8,16,R,Power Unit,0.0,42,Eifel Grand Prix,Nürburgring,2020-10-11,conventional,8,0 days 00:01:26.829000,0 days 00:01:26.316000,0 days 00:01:26.458000,0,0,0,0,6.666666666666667,8.333333333333334,0.0,31.0,5.0,9.0,6.333333333333333,7.166666666666667,8,0.0,8.333333333333334,8.0,0.0,0.0,-0.0,1.0,3.9059544658113765,0.0,1.0,12.0,1.0,3.0,11.0
2020,12,norris,mclaren,8,13,13,+1 Lap,0.0,65,Portuguese Grand Prix,Portimão,2020-10-25,conventional,8,0 days 00:01:17.547000,0 days 00:01:17.321000,0 days 00:01:17.525000,0,0,0,0,2.6666666666666665,9.0,0.0,32.0,4.0,7.5,3.0,8.666666666666666,8,0.0,9.0,10.0,2.0,2.0,0.0,0.0,3.6386045231141453,0.0,0.0,8.0,2.0,3.0,6.0
2020,13,norris,mclaren,9,8,8,Finished,4.0,63,Emilia Romagna Grand Prix,Imola,2020-11-01,conventional,9,0 days 00:01:15.274000,0 days 00:01:15.051000,0 days 00:01:14.814000,4,1,0,0,0.0,8.0,0.0,33.0,5.0,9.5,3.0,7.833333333333333,8,0.0,8.0,9.0,0.0,0.0,-0.0,0.0,1.8004841887818657,4.0,0.0,0.0,2.0,3.0,-2.0
2020,14,norris,mclaren,14,8,8,Finished,5.0,58,Turkish Grand Prix,Istanbul,2020-11-15,conventional,11,0 days 00:02:07.167000,0 days 00:01:54.945000,,4,1,0,0,1.3333333333333333,8.333333333333334,0.0,34.0,7.0,12.0,4.666666666666667,8.666666666666666,9,4.0,8.333333333333334,8.0,-3.0,0.0,3.0,0.0,2.7014618839986486,4.0,0.0,4.0,1.0,3.0,3.0
2020,15,norris,mclaren,9,4,4,Finished,12.0,57,Bahrain Grand Prix,Sakhir,2020-11-29,conventional,9,0 days 00:01:29.464000,0 days 00:01:28.877000,0 days 00:01:28.542000,12,1,0,0,2.6666666666666665,9.333333333333334,0.0,35.0,11.0,12.0,5.333333333333333,9.666666666666666,11,4.0,9.333333333333334,9.0,0.0,0.0,-0.0,0.0,2.7317200737359646,12.0,0.0,8.0,0.0,3.0,8.0
2020,16,norris,mclaren,19,10,10,Finished,1.0,87,Sakhir Grand Prix,Sakhir,2020-12-06,conventional,15,0 days 00:00:54.194000,0 days 00:00:54.693000,,1,1,0,0,6.666666666666667,9.666666666666666,0.0,36.0,6.5,11.5,7.666666666666667,11.166666666666666,9,12.0,9.666666666666666,8.0,-7.0,0.0,7.0,0.0,2.241280211341551,1.0,0.0,20.0,0.0,3.0,20.0
2020,17,norris,mclaren,4,5,5,Finished,10.0,55,Abu Dhabi Grand Prix,Yas Island,2020-12-13,conventional,4,0 days 00:01:36.016000,0 days 00:01:35.849000,0 days 00:01:35.497000,10,1,0,0,5.666666666666667,11.666666666666666,0.0,37.0,9.0,5.0,8.166666666666666,11.833333333333334,15,1.0,11.666666666666666,13.0,9.0,9.0,0.0,10.0,7.3654787683953975,0.0,0.0,17.0,0.0,3.0,17.0
2021,1,norris,mclaren,7,4,4,Finished,12.0,56,Bahrain Grand Prix,Sakhir,2021-03-28,conventional,7,0 days 00:01:30.902000,0 days 00:01:30.099000,0 days 00:01:29.974000,12,1,0,0,7.666666666666667,9.333333333333334,0.0,38.0,9.0,6.5,8.833333333333334,9.5,4,10.0,9.333333333333334,8.0,1.0,1.0,0.0,8.0,8.173225784649878,4.0,0.0,0.0,0.0,0.0,0.0
2021,2,norris,mclaren,7,3,3,Finished,15.0,63,Emilia Romagna Grand Prix,Imola,2021-04-18,conventional,7,0 days 00:01:15.009000,0 days 00:01:14.718000,0 days 00:01:14.875000,15,1,1,0,7.666666666666667,8.666666666666666,0.0,39.0,11.5,6.5,8.166666666666666,7.666666666666667,7,12.0,8.666666666666666,8.0,1.0,1.0,0.0,2.0,4.644616771781694,13.0,0.0,4.0,0.0,1.0,4.0
2021,3,norris,mclaren,7,5,5,Finished,10.0,66,Portuguese Grand Prix,Portimão,2021-05-02,conventional,7,0 days 00:01:18.794000,0 days 00:01:18.481000,0 days 00:01:19.116000,10,1,0,0,12.333333333333334,6.0,0.0,40.0,6.0,11.5,9.833333333333334,6.0,7,15.0,6.0,5.0,-2.0,0.0,2.0,10.0,8.414434838417794,0.0,0.0,17.0,0.0,2.0,17.0
2021,4,norris,mclaren,9,8,8,+1 Lap,4.0,65,Spanish Grand Prix,Barcelona,2021-05-09,conventional,9,0 days 00:01:17.821000,0 days 00:01:17.696000,0 days 00:01:18.010000,4,1,0,0,12.333333333333334,7.0,0.0,41.0,6.0,8.0,8.833333333333334,8.166666666666666,7,10.0,7.0,7.0,-2.0,0.0,2.0,10.0,6.5673988858854795,0.0,6.0,17.0,0.0,3.0,17.0
2021,5,norris,mclaren,5,3,3,Finished,15.0,78,Monaco Grand Prix,Monte Carlo,2021-05-23,conventional,5,0 days 00:01:11.321000,0 days 00:01:11.031000,0 days 00:01:10.620000,15,1,1,0,9.666666666666666,7.666666666666667,0.0,42.0,7.5,8.5,7.833333333333333,8.666666666666666,9,4.0,7.666666666666667,8.0,3.0,3.0,0.0,8.0,7.066596629260136,7.0,0.0,13.0,6.0,3.0,7.0
2021,6,norris,mclaren,9,5,5,Finished,10.0,51,Azerbaijan Grand Prix,Baku,2021-06-06,conventional,6,0 days 00:01:42.167000,0 days 00:01:41.813000,0 days 00:01:41.747000,10,1,0,0,9.666666666666666,7.0,0.0,43.0,6.0,9.5,6.5,9.333333333333334,5,15.0,7.0,6.0,0.0,0.0,-0.0,4.0,6.453263383189181,6.0,0.0,7.0,6.0,3.0,1.0
2021,7,norris,mclaren,8,5,5,Finished,10.0,53,French Grand Prix,Le Castellet,2021-06-20,conventional,8,0 days 00:01:31.733000,0 days 00:01:31.542000,0 days 00:01:31.252000,10,1,0,0,9.666666666666666,6.666666666666667,0.0,44.0,9.0,9.0,6.5,8.666666666666666,6,10.0,6.666666666666667,6.0,-2.0,0.0,2.0,4.0,5.1745740121370645,6.0,0.0,13.0,6.0,3.0,7.0
2021,8,norris,mclaren,3,5,5,+1 Lap,10.0,70,Styrian Grand Prix,Spielberg,2021-06-27,conventional,4,0 days 00:01:04.584000,0 days 00:01:04.298000,0 days 00:01:04.120000,10,1,0,0,11.666666666666666,6.333333333333333,0.0,45.0,5.0,8.5,7.5,9.0,8,10.0,6.333333333333333,7.0,3.0,3.0,0.0,12.0,9.521291879886068,0.0,2.0,19.0,0.0,3.0,19.0
2021,9,norris,mclaren,2,3,3,Finished,15.0,71,Austrian Grand Prix,Spielberg,2021-07-04,conventional,2,0 days 00:01:04.345000,0 days 00:01:04.415000,0 days 00:01:03.768000,15,1,1,0,10.0,6.0,0.0,46.0,10.5,7.5,6.666666666666667,9.0,4,10.0,6.0,7.0,5.0,5.0,0.0,12.0,10.799864723640603,3.0,0.0,12.0,2.0,3.0,10.0
2021,11,norris,mclaren,6,15,R,Collision,0.0,2,Hungarian Grand Prix,Budapest,2021-08-01,conventional,6,0 days 00:01:17.081000,0 days 00:01:16.385000,0 days 00:01:16.489000,0,0,0,1,11.666666666666666,4.666666666666667,0.0,47.0,0.0,8.5,8.166666666666666,8.333333333333334,2,15.0,4.666666666666667,5.0,-1.0,0.0,1.0,12.0,9.914226381992444,0.0,12.0,9.0,2.0,3.0,7.0
2021,12,norris,mclaren,15,14,14,Finished,0.0,1,Belgian Grand Prix,Spa-Francorchamps,2021-08-29,conventional,10,0 days 00:01:58.301000,0 days 00:01:56.025000,,0,0,0,0,8.333333333333334,4.0,0.1,48.0,6.0,7.0,5.166666666666667,8.166666666666666,6,0.0,4.0,4.0,-6.0,0.0,6.0,15.0,8.143782679953702,0.0,15.0,3.0,14.0,3.0,-11.0
2021,13,norris,mclaren,13,10,10,+1 Lap,1.0,71,Dutch Grand Prix,Zandvoort,2021-09-05,conventional,13,0 days 00:01:10.489000,0 days 00:01:10.406000,,1,1,0,0,5.0,6.0,0.1,49.0,0.5,11.5,5.5,7.666666666666667,10,0.0,6.0,6.0,-7.0,0.0,7.0,0.0,3.7433803661063,1.0,0.0,3.0,27.0,3.0,-24.0
2021,15,norris,mclaren,1,7,7,Finished,7.0,53,Russian Grand Prix,Sochi,2021-09-26,conventional,1,0 days 00:01:47.238000,0 days 00:01:45.827000,0 days 00:01:41.993000,6,1,0,0,0.3333333333333333,9.666666666666666,0.1,50.0,9.0,3.0,2.1666666666666665,9.0,13,1.0,9.666666666666666,9.0,8.0,8.0,0.0,12.0,8.498880847410442,0.0,6.0,1.0,27.0,3.0,-26.0
2021,16,norris,mclaren,7,7,7,Finished,6.0,58,Turkish Grand Prix,Istanbul,2021-10-10,conventional,8,0 days 00:01:25.138000,0 days 00:01:24.642000,0 days 00:01:23.954000,6,1,0,0,2.3333333333333335,8.0,0.1,51.0,3.0,12.0,5.166666666666667,7.166666666666667,1,6.0,8.0,8.0,0.0,0.0,-0.0,0.0,3.25747236075504,6.0,0.0,1.0,21.0,3.0,-20.0
2021,17,norris,mclaren,7,8,8,Finished,4.0,56,United States Grand Prix,Austin,2021-10-24,conventional,8,0 days 00:01:34.551000,0 days 00:01:33.880000,0 days 00:01:33.887000,4,1,0,0,4.333333333333333,7.333333333333333,0.1,52.0,7.0,7.5,4.166666666666667,8.833333333333334,8,6.0,7.333333333333333,5.0,-3.0,0.0,3.0,2.0,4.398413105935409,2.0,0.0,7.0,6.0,3.0,1.0
2021,18,norris,mclaren,18,10,10,+1 Lap,1.0,70,Mexico City Grand Prix,Mexico City,2021-11-07,conventional,10,0 days 00:01:17.569000,0 days 00:01:17.473000,0 days 00:01:36.830000,1,1,0,0,5.333333333333333,5.666666666666667,0.1,53.0,0.5,8.5,6.333333333333333,7.5,8,4.0,5.666666666666667,3.0,-7.0,0.0,7.0,2.0,3.6997913251327716,0.0,1.0,8.0,6.0,3.0,2.0
2021,20,norris,mclaren,4,9,9,+1 Lap,2.0,56,Qatar Grand Prix,Lusail,2021-11-21,conventional,6,0 days 00:01:22.839000,0 days 00:01:22.216000,0 days 00:01:21.731000,2,1,0,0,3.6666666666666665,8.666666666666666,0.1,54.0,1.0,10.0,3.5,9.333333333333334,10,1.0,8.666666666666666,7.0,1.0,1.0,0.0,4.0,5.9890386408907155,0.0,2.0,8.0,1.0,3.0,7.0
2021,21,norris,mclaren,7,10,10,Finished,1.0,50,Saudi Arabian Grand Prix,Jeddah,2021-12-05,conventional,7,0 days 00:01:28.338000,0 days 00:01:28.344000,0 days 00:01:28.180000,1,1,0,0,2.3333333333333335,8.0,0.1,55.0,5.5,9.0,2.8333333333333335,8.666666666666666,6,2.0,8.0,7.0,0.0,0.0,-0.0,8.0,6.941333988839989,0.0,7.0,2.0,3.0,3.0,-1.0
2021,22,norris,mclaren,3,7,7,Finished,6.0,58,Abu Dhabi Grand Prix,Yas Island,2021-12-12,conventional,3,0 days 00:01:23.553000,0 days 00:01:23.256000,0 days 00:01:22.931000,6,1,0,0,1.3333333333333333,7.666666666666667,0.1,56.0,3.0,6.5,2.3333333333333335,9.166666666666666,7,1.0,7.666666666666667,6.0,3.0,3.0,0.0,10.0,7.622023917439403,0.0,4.0,0.0,10.0,3.0,-10.0
2022,1,norris,mclaren,13,15,15,Finished,0.0,57,Bahrain Grand Prix,Sakhir,2022-03-20,conventional,13,0 days 00:01:32.239000,0 days 00:01:32.008000,,0,0,0,0,3.0,5.333333333333333,0.1,57.0,0.0,15.5,3.1666666666666665,8.5,3,6.0,5.333333333333333,4.0,-9.0,0.0,9.0,0.0,2.916825722969822,0.0,0.0,0.0,0.0,0.0,0.0
2022,2,norris,mclaren,11,7,7,Finished,6.0,50,Saudi Arabian Grand Prix,Jeddah,2022-03-27,conventional,11,0 days 00:01:29.957000,0 days 00:01:29.651000,,6,1,0,0,2.3333333333333335,7.666666666666667,0.0,58.0,3.0,11.5,2.8333333333333335,10.333333333333334,13,0.0,7.666666666666667,6.0,-5.0,0.0,5.0,2.0,4.610572456738264,4.0,0.0,0.0,0.0,1.0,0.0
2022,3,norris,mclaren,4,5,5,Finished,10.0,58,Australian Grand Prix,Melbourne,2022-04-10,conventional,4,0 days 00:01:19.280000,0 days 00:01:19.066000,0 days 00:01:18.703000,10,1,0,0,4.0,9.0,0.0,59.0,9.0,5.5,2.0,11.166666666666666,11,6.0,9.0,9.0,5.0,5.0,0.0,10.0,10.228115011435559,0.0,0.0,4.0,0.0,2.0,4.0
2022,5,norris,mclaren,8,19,R,Collision,0.0,39,Miami Grand Prix,Miami,2022-05-08,conventional,8,0 days 00:01:30.761000,0 days 00:01:29.634000,0 days 00:01:29.750000,0,0,0,1,5.333333333333333,9.333333333333334,0.0,60.0,0.0,11.0,4.0,10.833333333333334,4,10.0,9.333333333333334,10.0,2.0,2.0,0.0,0.0,2.611933874215657,0.0,0.0,4.0,0.0,3.0,4.0
2022,6,norris,mclaren,11,8,8,Finished,4.0,66,Spanish Grand Prix,Barcelona,2022-05-22,conventional,11,0 days 00:01:20.838000,0 days 00:01:20.471000,,4,1,0,0,5.333333333333333,7.666666666666667,0.1,61.0,2.0,10.0,4.0,9.333333333333334,8,0.0,7.666666666666667,5.0,-6.0,0.0,6.0,0.0,3.449806475819537,4.0,0.0,4.0,0.0,3.0,4.0
2022,7,norris,mclaren,5,6,6,Finished,9.0,64,Monaco Grand Prix,Monaco,2022-05-29,conventional,5,0 days 00:01:12.927000,0 days 00:01:12.266000,0 days 00:01:11.849000,8,1,0,0,4.666666666666667,7.666666666666667,0.1,62.0,4.0,9.5,3.6666666666666665,8.833333333333334,11,4.0,7.666666666666667,7.0,2.0,2.0,0.0,6.0,7.17801800875873,2.0,0.0,4.0,0.0,3.0,4.0
2022,8,norris,mclaren,11,9,9,Finished,2.0,51,Azerbaijan Grand Prix,Baku,2022-06-12,conventional,11,0 days 00:01:44.237000,0 days 00:01:43.398000,,2,1,0,0,4.0,8.0,0.1,63.0,3.0,11.5,2.0,10.166666666666666,5,8.0,8.0,8.0,-3.0,0.0,3.0,4.0,3.982870413968751,0.0,2.0,6.0,0.0,3.0,6.0
2022,9,norris,mclaren,14,15,15,Finished,0.0,70,Canadian Grand Prix,Montréal,2022-06-19,conventional,14,0 days 00:01:34.066000,,,0,0,0,0,4.666666666666667,9.0,0.1,64.0,0.0,11.5,3.0,10.333333333333334,11,2.0,9.0,7.0,-7.0,0.0,7.0,0.0,1.7351678868313138,0.0,0.0,6.0,2.0,3.0,4.0
2022,10,norris,mclaren,6,6,6,Finished,8.0,52,British Grand Prix,Silverstone,2022-07-03,conventional,6,0 days 00:01:41.515000,0 days 00:01:41.821000,0 days 00:01:42.084000,8,1,0,0,3.3333333333333335,10.0,0.1,65.0,4.0,10.0,2.3333333333333335,10.833333333333334,14,0.0,10.0,8.0,2.0,2.0,0.0,6.0,5.56191246265094,2.0,0.0,2.0,2.0,3.0,0.0
2022,12,norris,mclaren,5,7,7,Finished,6.0,53,French Grand Prix,Le Castellet,2022-07-24,conventional,5,0 days 00:01:32.672000,0 days 00:01:32.777000,0 days 00:01:32.032000,6,1,0,0,3.3333333333333335,10.333333333333334,0.1,66.0,4.0,8.0,2.3333333333333335,11.0,6,8.0,10.333333333333334,8.0,3.0,3.0,0.0,6.0,6.479560467754943,0.0,0.0,2.0,2.0,3.0,0.0
2022,13,norris,mclaren,4,7,7,Finished,6.0,70,Hungarian Grand Prix,Budapest,2022-07-31,conventional,4,0 days 00:01:18.653000,0 days 00:01:18.121000,0 days 00:01:17.769000,6,1,0,0,4.666666666666667,8.333333333333334,0.1,67.0,3.0,6.5,2.6666666666666665,9.833333333333334,5,6.0,8.333333333333334,8.0,4.0,4.0,0.0,6.0,8.080567731929198,0.0,0.0,2.0,0.0,3.0,2.0
2022,14,norris,mclaren,17,12,12,Finished,0.0,44,Belgian Grand Prix,Spa-Francorchamps,2022-08-28,conventional,10,0 days 00:01:45.745000,0 days 00:01:45.603000,0 days 00:01:46.178000,0,0,0,0,6.666666666666667,5.0,0.1,68.0,0.0,10.5,3.6666666666666665,8.166666666666666,4,6.0,5.0,4.0,-6.0,0.0,6.0,2.0,3.0163547957325134,0.0,2.0,2.0,0.0,3.0,2.0
2022,15,norris,mclaren,7,7,7,Finished,6.0,72,Dutch Grand Prix,Zandvoort,2022-09-04,conventional,7,0 days 00:01:11.556000,0 days 00:01:11.116000,0 days 00:01:11.174000,6,1,0,0,4.0,6.333333333333333,0.1,69.0,3.0,12.0,2.3333333333333335,8.333333333333334,10,0.0,6.333333333333333,8.0,1.0,1.0,0.0,6.0,6.500948926333157,0.0,0.0,0.0,2.0,3.0,-2.0
2022,16,norris,mclaren,3,7,7,Finished,6.0,53,Italian Grand Prix,Monza,2022-09-11,conventional,7,0 days 00:01:22.130000,0 days 00:01:21.831000,0 days 00:01:21.584000,6,1,0,0,4.0,7.0,0.1,70.0,3.0,7.5,2.0,9.666666666666666,7,6.0,7.0,7.0,0.0,0.0,-0.0,6.0,5.548357607987177,0.0,0.0,0.0,2.0,3.0,-2.0
2022,17,norris,mclaren,6,4,4,Finished,12.0,59,Singapore Grand Prix,Marina Bay,2022-10-02,conventional,6,0 days 00:01:55.914000,0 days 00:01:53.942000,0 days 00:01:50.584000,12,1,0,0,4.0,8.0,0.0,71.0,11.0,11.5,2.0,10.0,7,6.0,8.0,7.0,1.0,1.0,0.0,6.0,5.8190701867910795,6.0,0.0,0.0,2.0,3.0,-2.0
2022,18,norris,mclaren,10,10,10,Finished,1.0,28,Japanese Grand Prix,Suzuka,2022-10-09,conventional,10,0 days 00:01:30.881000,0 days 00:01:30.473000,0 days 00:01:31.003000,1,1,0,0,8.0,6.666666666666667,0.0,72.0,0.5,10.5,5.666666666666667,10.333333333333334,6,12.0,6.666666666666667,6.0,-4.0,0.0,4.0,2.0,4.0229298522531645,0.0,1.0,6.0,0.0,3.0,6.0
2022,19,norris,mclaren,6,6,6,Finished,8.0,56,United States Grand Prix,Austin,2022-10-23,conventional,8,0 days 00:01:36.465000,0 days 00:01:36.341000,0 days 00:01:35.690000,8,1,0,0,6.333333333333333,7.666666666666667,0.0,73.0,4.0,12.5,4.833333333333333,9.833333333333334,10,1.0,7.666666666666667,7.0,-1.0,0.0,1.0,1.0,2.6236968603051833,7.0,0.0,6.0,1.0,3.0,5.0
2022,20,norris,mclaren,8,9,9,+1 Lap,2.0,70,Mexico City Grand Prix,Mexico City,2022-10-30,conventional,8,0 days 00:01:19.857000,0 days 00:01:19.119000,0 days 00:01:18.721000,2,1,0,0,7.0,8.0,0.0,74.0,4.0,9.5,5.166666666666667,11.5,8,8.0,8.0,7.0,-1.0,0.0,1.0,2.0,4.488687804257738,0.0,0.0,13.0,1.0,3.0,12.0
2022,22,norris,mclaren,7,6,6,Finished,9.0,58,Abu Dhabi Grand Prix,Yas Island,2022-11-20,conventional,7,0 days 00:01:25.387000,0 days 00:01:24.903000,0 days 00:01:24.769000,8,1,0,0,3.6666666666666665,8.666666666666666,0.0,75.0,5.0,8.5,2.8333333333333335,10.833333333333334,8,2.0,8.666666666666666,8.0,1.0,1.0,0.0,6.0,6.2335112473832615,2.0,0.0,7.0,1.0,3.0,6.0
2023,1,norris,mclaren,11,17,17,Lapped,0.0,55,Bahrain Grand Prix,Sakhir,2023-03-05,conventional,11,0 days 00:01:31.652000,0 days 00:01:31.381000,,0,0,0,0,6.0,7.666666666666667,0.0,76.0,0.0,14.5,4.333333333333333,10.166666666666666,7,8.0,7.666666666666667,7.0,-4.0,0.0,4.0,4.0,3.983540553699637,0.0,4.0,0.0,0.0,0.0,0.0
2023,2,norris,mclaren,19,17,17,Finished,0.0,50,Saudi Arabian Grand Prix,Jeddah,2023-03-19,conventional,19,0 days 00:01:30.447000,,,0,0,0,0,3.3333333333333335,8.666666666666666,0.0,77.0,0.0,14.0,3.0,10.833333333333334,11,0.0,8.666666666666666,8.0,-11.0,0.0,11.0,0.0,0.7278915601300158,0.0,0.0,0.0,4.0,1.0,-4.0
2023,3,norris,mclaren,13,6,6,Finished,8.0,58,Australian Grand Prix,Melbourne,2023-04-02,conventional,13,0 days 00:01:18.243000,0 days 00:01:18.119000,,8,1,0,0,2.6666666666666665,12.333333333333334,0.0,78.0,6.0,14.5,1.6666666666666667,12.333333333333334,19,0.0,12.333333333333334,10.0,-3.0,0.0,3.0,1.0,1.535899719485894,7.0,0.0,0.0,4.0,2.0,-4.0
2023,5,norris,mclaren,16,17,17,Finished,0.0,57,Miami Grand Prix,Miami,2023-05-07,conventional,16,0 days 00:01:28.394000,,,0,0,0,0,2.6666666666666665,14.333333333333334,0.0,79.0,0.0,17.5,2.0,14.333333333333334,13,8.0,14.333333333333334,15.0,-1.0,0.0,1.0,0.0,0.07023054814824636,0.0,0.0,7.0,4.0,3.0,3.0
2023,6,norris,mclaren,10,9,9,Lapped,2.0,77,Monaco Grand Prix,Monaco,2023-05-28,conventional,10,0 days 00:01:12.877000,0 days 00:01:12.377000,0 days 00:01:12.254000,2,1,0,0,2.6666666666666665,16.0,0.0,80.0,1.5,10.5,2.0,15.333333333333334,16,0.0,16.0,19.0,9.0,9.0,0.0,0.0,2.274097693200558,2.0,0.0,7.0,0.0,3.0,7.0
2023,7,norris,mclaren,3,17,17,Lapped,0.0,65,Spanish Grand Prix,Barcelona,2023-06-04,conventional,3,0 days 00:01:13.295000,0 days 00:01:12.776000,0 days 00:01:12.792000,0,0,0,0,3.3333333333333335,13.0,0.0,81.0,0.0,6.5,2.5,14.166666666666666,10,2.0,13.0,13.0,10.0,10.0,0.0,12.0,9.38803058814679,0.0,12.0,9.0,0.0,3.0,9.0
2023,8,norris,mclaren,7,13,13,Finished,0.0,70,Canadian Grand Prix,Montréal,2023-06-18,conventional,7,0 days 00:01:21.998000,0 days 00:01:19.347000,0 days 00:01:28.046000,0,0,0,0,0.6666666666666666,9.666666666666666,0.0,82.0,0.0,8.0,0.5,11.5,3,0.0,9.666666666666666,9.0,2.0,2.0,0.0,4.0,6.098957249249917,0.0,4.0,2.0,12.0,3.0,-10.0
2023,10,norris,mclaren,2,2,2,Finished,18.0,52,British Grand Prix,Silverstone,2023-07-09,conventional,2,0 days 00:01:28.917000,0 days 00:01:28.042000,0 days 00:01:26.961000,18,1,1,0,0.6666666666666666,6.666666666666667,0.0,83.0,15.0,2.5,0.5,8.333333333333334,7,0.0,6.666666666666667,6.0,4.0,4.0,0.0,8.0,8.844684902078349,10.0,0.0,2.0,16.0,3.0,-14.0
2023,11,norris,mclaren,3,2,2,Finished,18.0,70,Hungarian Grand Prix,Budapest,2023-07-23,conventional,3,0 days 00:01:18.697000,0 days 00:01:17.328000,0 days 00:01:16.694000,18,1,1,0,6.0,4.0,0.0,84.0,14.0,3.5,5.0,5.666666666666667,2,18.0,4.0,2.0,-1.0,0.0,1.0,15.0,11.628895038687785,3.0,0.0,10.0,16.0,3.0,-6.0
2023,13,norris,mclaren,2,7,7,Finished,6.0,72,Dutch Grand Prix,Zandvoort,2023-08-27,conventional,2,0 days 00:01:21.276000,0 days 00:01:19.769000,0 days 00:01:11.104000,6,1,0,0,12.0,4.0,0.0,85.0,4.0,5.0,9.666666666666666,4.666666666666667,3,18.0,4.0,3.0,1.0,1.0,0.0,15.0,12.58216517294225,0.0,9.0,13.0,4.0,3.0,9.0
2023,14,norris,mclaren,9,8,8,Finished,4.0,51,Italian Grand Prix,Monza,2023-09-03,conventional,9,0 days 00:01:21.995000,0 days 00:01:21.581000,0 days 00:01:20.979000,4,1,0,0,14.0,2.3333333333333335,0.0,86.0,2.0,8.0,11.0,3.6666666666666665,2,6.0,2.3333333333333335,2.0,-7.0,0.0,7.0,6.0,6.922004581972923,0.0,2.0,13.0,9.0,3.0,4.0
2023,15,norris,mclaren,4,2,2,Finished,18.0,62,Singapore Grand Prix,Marina Bay,2023-09-17,conventional,4,0 days 00:01:32.483000,0 days 00:01:31.951000,0 days 00:01:31.270000,18,1,1,0,9.333333333333334,4.666666666666667,0.0,87.0,12.0,10.5,6.666666666666667,5.5,9,4.0,4.666666666666667,2.0,-2.0,0.0,2.0,10.0,9.17539207918302,8.0,0.0,3.0,11.0,3.0,-8.0
2023,16,norris,mclaren,3,2,2,Finished,18.0,53,Japanese Grand Prix,Suzuka,2023-09-24,conventional,3,0 days 00:01:30.063000,0 days 00:01:30.296000,0 days 00:01:29.493000,18,1,1,0,9.333333333333334,5.0,0.0,88.0,16.5,2.5,6.0,7.833333333333333,4,18.0,5.0,5.0,2.0,2.0,0.0,10.0,10.028148130679005,8.0,0.0,8.0,11.0,3.0,-3.0
2023,19,norris,mclaren,17,5,5,Finished,10.0,71,Mexico City Grand Prix,Mexico City,2023-10-29,conventional,19,0 days 00:01:21.554000,,,10,1,0,0,13.333333333333334,5.333333333333333,0.0,89.0,7.0,13.0,10.166666666666666,7.0,3,18.0,5.333333333333333,5.0,-14.0,0.0,14.0,4.0,5.150780241894748,6.0,0.0,16.0,2.0,3.0,14.0
2023,21,norris,mclaren,15,20,R,Retired,0.0,2,Las Vegas Grand Prix,Las Vegas,2023-11-18,conventional,16,0 days 00:01:34.703000,,,0,0,0,0,15.333333333333334,8.666666666666666,0.0,90.0,0.5,17.5,11.833333333333334,8.666666666666666,19,10.0,8.666666666666666,7.0,-9.0,0.0,9.0,8.0,6.547319978407645,0.0,8.0,22.0,0.0,3.0,22.0
2023,22,norris,mclaren,5,5,5,Finished,10.0,58,Abu Dhabi Grand Prix,Yas Island,2023-11-26,conventional,5,0 days 00:01:24.368000,0 days 00:01:23.920000,0 days 00:01:23.816000,10,1,0,0,9.333333333333334,12.666666666666666,0.0,91.0,9.0,4.0,8.0,11.0,16,0.0,12.666666666666666,13.0,8.0,8.0,0.0,6.0,6.861012059286382,4.0,0.0,14.0,8.0,3.0,6.0
2024,1,norris,mclaren,7,6,6,Finished,8.0,57,Bahrain Grand Prix,Sakhir,2024-03-02,conventional,7,0 days 00:01:30.143000,0 days 00:01:29.941000,0 days 00:01:29.614000,8,1,0,0,6.666666666666667,13.333333333333334,0.0,92.0,6.0,7.5,5.5,11.5,5,10.0,13.333333333333334,13.0,6.0,6.0,0.0,4.0,5.251738517135995,4.0,0.0,0.0,0.0,0.0,0.0
2024,2,norris,mclaren,6,8,8,Finished,4.0,50,Saudi Arabian Grand Prix,Jeddah,2024-03-09,conventional,6,0 days 00:01:28.805000,0 days 00:01:28.479000,0 days 00:01:28.132000,4,1,0,0,6.0,9.333333333333334,0.0,93.0,8.0,5.5,5.166666666666667,9.666666666666666,7,8.0,9.333333333333334,6.0,0.0,0.0,-0.0,8.0,6.946300367196459,0.0,4.0,4.0,0.0,1.0,4.0
2024,3,norris,mclaren,3,3,3,Finished,15.0,58,Australian Grand Prix,Melbourne,2024-03-24,conventional,4,0 days 00:01:17.430000,0 days 00:01:16.750000,0 days 00:01:16.315000,15,1,1,0,7.333333333333333,6.0,0.0,94.0,13.5,5.0,7.666666666666667,5.666666666666667,6,4.0,6.0,7.0,3.0,3.0,0.0,10.0,9.93955025211978,5.0,0.0,4.0,4.0,2.0,0.0
2024,4,norris,mclaren,3,5,5,Finished,10.0,53,Japanese Grand Prix,Suzuka,2024-04-07,conventional,3,0 days 00:01:29.536000,0 days 00:01:28.940000,0 days 00:01:28.489000,10,1,0,0,9.0,5.666666666666667,0.0,95.0,7.0,4.5,9.166666666666666,6.0,4,15.0,5.666666666666667,4.0,1.0,1.0,0.0,15.0,15.027446330751891,0.0,5.0,9.0,4.0,3.0,5.0
2024,7,norris,mclaren,2,2,2,Finished,18.0,63,Emilia Romagna Grand Prix,Imola,2024-05-19,conventional,3,0 days 00:01:15.915000,0 days 00:01:15.371000,0 days 00:01:14.837000,18,1,1,0,9.666666666666666,4.333333333333333,0.0,96.0,15.0,2.5,9.5,5.0,3,10.0,4.333333333333333,4.0,1.0,1.0,0.0,15.0,11.665156141439606,3.0,0.0,5.0,9.0,3.0,-4.0
2024,8,norris,mclaren,4,4,4,Finished,12.0,78,Monaco Grand Prix,Monaco,2024-05-26,conventional,4,0 days 00:01:11.760000,0 days 00:01:10.732000,0 days 00:01:10.542000,12,1,0,0,14.333333333333334,3.3333333333333335,0.0,97.0,15.0,3.0,11.833333333333334,4.0,3,18.0,3.3333333333333335,2.0,-2.0,0.0,2.0,10.0,10.840561261314035,2.0,0.0,8.0,5.0,3.0,3.0
2024,9,norris,mclaren,3,2,2,Finished,18.0,70,Canadian Grand Prix,Montréal,2024-06-09,conventional,3,0 days 00:01:12.959000,0 days 00:01:12.201000,0 days 00:01:12.021000,18,1,1,0,13.333333333333334,3.3333333333333335,0.0,98.0,14.0,3.5,12.333333333333334,3.3333333333333335,4,12.0,3.3333333333333335,2.0,-1.0,0.0,1.0,18.0,15.420633534535312,0.0,0.0,5.0,5.0,3.0,0.0
2024,10,norris,mclaren,1,2,2,Finished,19.0,66,Spanish Grand Prix,Barcelona,2024-06-23,conventional,1,0 days 00:01:12.386000,0 days 00:01:11.872000,0 days 00:01:11.383000,18,1,1,0,16.0,3.3333333333333335,0.0,99.0,12.0,5.5,14.666666666666666,3.0,3,18.0,3.3333333333333335,3.0,2.0,2.0,0.0,18.0,14.291750781270997,0.0,0.0,5.0,0.0,3.0,5.0
2024,12,norris,mclaren,3,3,3,Finished,15.0,52,British Grand Prix,Silverstone,2024-07-07,conventional,3,0 days 00:01:31.596000,0 days 00:01:26.559000,0 days 00:01:26.030000,15,1,1,0,16.0,2.6666666666666665,0.0,100.0,13.5,4.0,13.666666666666666,4.0,1,18.0,2.6666666666666665,1.0,-2.0,0.0,2.0,15.0,12.27998060227544,0.0,0.0,2.0,0.0,3.0,2.0
2024,13,norris,mclaren,1,2,2,Finished,18.0,70,Hungarian Grand Prix,Budapest,2024-07-21,conventional,1,0 days 00:01:17.755000,0 days 00:01:15.540000,0 days 00:01:15.227000,18,1,1,0,17.0,2.3333333333333335,0.0,101.0,21.5,1.5,13.166666666666666,4.333333333333333,3,15.0,2.3333333333333335,2.0,1.0,1.0,0.0,15.0,13.29093441763729,3.0,0.0,0.0,0.0,3.0,0.0
2024,14,norris,mclaren,4,5,5,Finished,10.0,44,Belgian Grand Prix,Spa-Francorchamps,2024-07-28,conventional,5,0 days 00:01:55.582000,0 days 00:01:54.358000,0 days 00:01:53.981000,10,1,0,0,17.0,1.6666666666666667,0.0,102.0,14.0,5.5,15.666666666666666,3.6666666666666665,1,18.0,1.6666666666666667,1.0,-4.0,0.0,4.0,10.0,13.103709756728549,0.0,0.0,3.0,0.0,3.0,3.0
2024,15,norris,mclaren,1,1,1,Finished,26.0,72,Dutch Grand Prix,Zandvoort,2024-08-25,conventional,1,0 days 00:01:11.377000,0 days 00:01:10.496000,0 days 00:01:09.673000,25,1,1,0,14.333333333333334,3.0,0.0,103.0,18.5,2.0,16.333333333333332,3.6666666666666665,5,10.0,3.0,2.0,1.0,1.0,0.0,25.0,20.96252938109216,0.0,0.0,3.0,0.0,3.0,3.0
2024,16,norris,mclaren,1,3,3,Finished,16.0,53,Italian Grand Prix,Monza,2024-09-01,conventional,1,0 days 00:01:19.911000,0 days 00:01:19.727000,0 days 00:01:19.327000,15,1,1,0,17.666666666666668,2.3333333333333335,0.0,104.0,16.5,1.5,18.0,3.0,1,25.0,2.3333333333333335,2.0,1.0,1.0,0.0,25.0,17.618889531762036,0.0,10.0,3.0,0.0,3.0,3.0
2024,17,norris,mclaren,15,4,4,Finished,13.0,51,Azerbaijan Grand Prix,Baku,2024-09-15,conventional,16,0 days 00:01:43.609000,,,12,1,0,0,16.666666666666668,2.3333333333333335,0.0,105.0,18.5,9.0,16.333333333333332,3.0,1,15.0,2.3333333333333335,1.0,-15.0,0.0,15.0,4.0,4.4486383836157835,8.0,0.0,0.0,10.0,3.0,-10.0
2024,18,norris,mclaren,1,1,1,Finished,25.0,62,Singapore Grand Prix,Marina Bay,2024-09-22,conventional,1,0 days 00:01:30.002000,0 days 00:01:30.007000,0 days 00:01:29.525000,25,1,1,0,17.333333333333332,6.0,0.0,106.0,20.0,3.0,17.833333333333332,4.166666666666667,16,12.0,6.0,6.0,5.0,5.0,0.0,25.0,18.025172513471983,0.0,0.0,8.0,10.0,3.0,-2.0
2024,20,norris,mclaren,3,2,2,Finished,18.0,71,Mexico City Grand Prix,Mexico City,2024-10-27,conventional,3,0 days 00:01:16.505000,0 days 00:01:16.301000,0 days 00:01:16.260000,18,1,1,0,17.333333333333332,6.0,0.0,107.0,11.0,10.0,18.333333333333332,4.5,1,25.0,6.0,6.0,3.0,3.0,0.0,25.0,17.839407601840406,0.0,7.0,8.0,10.0,3.0,-2.0
2024,22,norris,mclaren,6,6,6,Finished,9.0,50,Las Vegas Grand Prix,Las Vegas,2024-11-23,conventional,6,0 days 00:01:33.592000,0 days 00:01:33.099000,0 days 00:01:33.008000,8,1,0,0,18.333333333333332,6.666666666666667,0.0,108.0,7.0,7.0,16.5,7.333333333333333,3,18.0,6.666666666666667,6.0,0.0,0.0,-0.0,25.0,19.262807008365662,0.0,17.0,8.0,7.0,3.0,1.0
2024,24,norris,mclaren,1,1,1,Finished,25.0,58,Abu Dhabi Grand Prix,Yas Island,2024-12-08,conventional,1,0 days 00:01:23.682000,0 days 00:01:23.098000,0 days 00:01:22.595000,25,1,1,0,17.0,3.3333333333333335,0.0,109.0,13.0,1.5,12.666666666666666,6.666666666666667,6,8.0,3.3333333333333335,2.0,1.0,1.0,0.0,25.0,20.649857515765603,0.0,0.0,0.0,24.0,3.0,-24.0
2025,1,norris,mclaren,1,1,1,Finished,25.0,57,Australian Grand Prix,Melbourne,2025-03-16,conventional,1,0 days 00:01:15.912000,0 days 00:01:15.415000,0 days 00:01:15.096000,25,1,1,0,17.0,3.3333333333333335,0.0,110.0,13.5,1.5,10.333333333333334,6.166666666666667,1,25.0,3.3333333333333335,2.0,1.0,1.0,0.0,25.0,17.571648108572283,0.0,0.0,0.0,0.0,0.0,0.0
2025,3,norris,mclaren,2,2,2,Finished,18.0,53,Japanese Grand Prix,Suzuka,2025-04-06,conventional,2,0 days 00:01:27.845000,0 days 00:01:27.146000,0 days 00:01:26.995000,18,1,1,0,19.333333333333332,2.6666666666666665,0.0,111.0,16.5,2.5,11.166666666666666,3.3333333333333335,1,25.0,2.6666666666666665,1.0,-1.0,0.0,1.0,18.0,12.625907892151073,0.0,0.0,0.0,0.0,1.0,0.0
2025,4,norris,mclaren,6,3,3,Finished,15.0,57,Bahrain Grand Prix,Sakhir,2025-04-13,conventional,6,0 days 00:01:31.107000,0 days 00:01:30.560000,0 days 00:01:30.267000,15,1,1,0,22.666666666666668,1.3333333333333333,0.0,112.0,20.0,3.5,14.333333333333334,1.8333333333333333,2,18.0,1.3333333333333333,1.0,-5.0,0.0,5.0,10.0,10.033819917210124,5.0,0.0,0.0,0.0,2.0,0.0
2025,5,norris,mclaren,10,4,4,Finished,12.0,50,Saudi Arabian Grand Prix,Jeddah,2025-04-20,conventional,10,0 days 00:01:27.805000,0 days 00:01:27.481000,,12,1,0,0,19.333333333333332,3.0,0.0,113.0,18.5,6.0,16.666666666666668,2.5,6,15.0,3.0,2.0,-8.0,0.0,8.0,4.0,5.057638717802859,8.0,0.0,5.0,0.0,3.0,5.0
2025,7,norris,mclaren,4,2,2,Finished,18.0,63,Emilia Romagna Grand Prix,Imola,2025-05-18,conventional,4,0 days 00:01:15.894000,0 days 00:01:15.261000,0 days 00:01:14.962000,18,1,1,0,15.0,6.0,0.0,114.0,16.5,2.5,18.333333333333332,4.0,10,12.0,6.0,6.0,2.0,2.0,0.0,18.0,17.95761213287244,0.0,0.0,13.0,0.0,3.0,13.0
2025,8,norris,mclaren,1,1,1,Finished,25.0,78,Monaco Grand Prix,Monaco,2025-05-25,conventional,1,0 days 00:01:11.285000,0 days 00:01:10.570000,0 days 00:01:09.954000,25,1,1,0,15.0,6.666666666666667,0.0,115.0,20.0,2.0,18.333333333333332,4.0,4,18.0,6.666666666666667,5.0,4.0,4.0,0.0,25.0,23.229420560803423,0.0,0.0,13.0,0.0,3.0,13.0
2025,9,norris,mclaren,2,2,2,Finished,18.0,66,Spanish Grand Prix,Barcelona,2025-06-01,conventional,2,0 days 00:01:12.799000,0 days 00:01:12.056000,0 days 00:01:11.755000,18,1,1,0,18.333333333333332,5.0,0.0,116.0,21.5,1.5,18.333333333333332,3.5,1,25.0,5.0,3.0,1.0,1.0,0.0,15.0,16.219368877455366,3.0,0.0,8.0,0.0,3.0,8.0
2025,10,norris,mclaren,7,18,18,Retired,0.0,66,Canadian Grand Prix,Montréal,2025-06-15,conventional,7,0 days 00:01:11.826000,0 days 00:01:11.599000,0 days 00:01:11.625000,0,0,0,0,20.333333333333332,2.3333333333333335,0.0,117.0,6.0,5.0,19.333333333333332,2.0,2,18.0,2.3333333333333335,2.0,-5.0,0.0,5.0,15.0,12.286867201478685,0.0,15.0,3.0,0.0,3.0,3.0
2025,11,norris,mclaren,1,1,1,Finished,25.0,70,Austrian Grand Prix,Spielberg,2025-06-29,conventional,1,0 days 00:01:04.672000,0 days 00:01:04.410000,0 days 00:01:03.971000,25,1,1,0,14.333333333333334,3.3333333333333335,0.0,118.0,21.5,2.0,15.833333333333334,2.8333333333333335,7,0.0,3.3333333333333335,3.0,2.0,2.0,0.0,18.0,16.327780945940017,7.0,0.0,3.0,15.0,3.0,-12.0
2025,12,norris,mclaren,3,1,1,Finished,25.0,52,British Grand Prix,Silverstone,2025-07-06,conventional,3,0 days 00:01:26.123000,0 days 00:01:25.231000,0 days 00:01:25.010000,25,1,1,0,14.333333333333334,3.3333333333333335,0.0,119.0,21.5,2.5,16.333333333333332,2.8333333333333335,1,25.0,3.3333333333333335,2.0,-1.0,0.0,1.0,25.0,20.631285455796956,0.0,0.0,10.0,15.0,3.0,-5.0
2025,14,norris,mclaren,3,1,1,Finished,25.0,70,Hungarian Grand Prix,Budapest,2025-08-03,conventional,3,0 days 00:01:15.523000,0 days 00:01:14.890000,0 days 00:01:15.413000,25,1,1,0,16.666666666666668,3.6666666666666665,0.0,120.0,21.5,2.5,16.333333333333332,3.1666666666666665,3,25.0,3.6666666666666665,4.0,1.0,1.0,0.0,18.0,20.3844253710432,7.0,0.0,7.0,15.0,3.0,-8.0
2025,15,norris,mclaren,2,18,18,Retired,0.0,64,Dutch Grand Prix,Zandvoort,2025-08-31,conventional,2,0 days 00:01:09.469000,0 days 00:01:08.874000,0 days 00:01:08.674000,0,0,0,0,25.0,2.3333333333333335,0.0,121.0,12.5,1.5,21.5,2.3333333333333335,3,25.0,2.3333333333333335,1.0,-1.0,0.0,1.0,18.0,15.262284396254094,0.0,18.0,14.0,0.0,3.0,14.0
2025,16,norris,mclaren,2,2,2,Finished,18.0,53,Italian Grand Prix,Monza,2025-09-07,conventional,2,0 days 00:01:19.517000,0 days 00:01:19.293000,0 days 00:01:18.869000,18,1,1,0,16.666666666666668,2.6666666666666665,0.0,122.0,16.5,2.5,18.5,2.1666666666666665,2,0.0,2.6666666666666665,2.0,0.0,0.0,-0.0,25.0,18.11089600472248,0.0,7.0,7.0,18.0,3.0,-11.0
2025,17,norris,mclaren,7,7,7,Finished,6.0,51,Azerbaijan Grand Prix,Baku,2025-09-21,conventional,7,0 days 00:01:41.322000,0 days 00:01:41.396000,0 days 00:01:42.239000,6,1,0,0,14.333333333333334,2.3333333333333335,0.0,123.0,3.0,8.0,16.833333333333332,2.1666666666666665,2,18.0,2.3333333333333335,2.0,-5.0,0.0,5.0,18.0,11.145250602126326,0.0,12.0,7.0,25.0,3.0,-18.0
2025,18,norris,mclaren,5,3,3,Finished,15.0,62,Singapore Grand Prix,Marina Bay,2025-10-05,conventional,5,0 days 00:01:29.932000,0 days 00:01:29.809000,0 days 00:01:29.586000,15,1,1,0,8.0,3.6666666666666665,0.0,124.0,13.5,4.0,10.666666666666666,4.0,7,6.0,3.6666666666666665,2.0,-3.0,0.0,3.0,10.0,8.768704606455465,5.0,0.0,0.0,37.0,3.0,-37.0
2025,20,norris,mclaren,1,1,1,Finished,25.0,71,Mexico City Grand Prix,Mexico City,2025-10-26,conventional,1,0 days 00:01:16.899000,0 days 00:01:16.252000,0 days 00:01:15.586000,25,1,1,0,13.0,4.666666666666667,0.0,125.0,17.5,4.5,11.0,4.833333333333333,5,15.0,4.666666666666667,3.0,2.0,2.0,0.0,25.0,19.60047777203148,0.0,0.0,5.0,19.0,3.0,-14.0
2025,22,norris,mclaren,1,19,D,Disqualified,0.0,50,Las Vegas Grand Prix,Las Vegas,2025-11-22,conventional,1,0 days 00:01:55.473000,0 days 00:01:51.379000,0 days 00:01:47.934000,0,0,0,0,15.333333333333334,4.333333333333333,0.0,126.0,0.0,3.0,11.333333333333334,5.5,1,25.0,4.333333333333333,3.0,2.0,2.0,0.0,25.0,21.864149361516002,0.0,25.0,5.0,12.0,3.0,-7.0
2025,24,norris,mclaren,2,3,3,Finished,15.0,58,Abu Dhabi Grand Prix,Yas Island,2025-12-07,conventional,2,0 days 00:01:23.178000,0 days 00:01:22.804000,0 days 00:01:22.408000,15,1,1,0,13.333333333333334,2.3333333333333335,0.0,127.0,16.5,2.5,10.333333333333334,3.8333333333333335,1,0.0,2.3333333333333335,1.0,-1.0,0.0,1.0,15.0,15.730439463880867,0.0,0.0,5.0,25.0,3.0,-20.0
2018,1,ocon,force_india,14,12,12,Finished,0.0,58,Australian Grand Prix,Melbourne,2018-03-25,conventional,15,0 days 00:01:24.503000,0 days 00:01:24.786000,,0,0,0,0,,,,0.0,0.0,14.0,,,,,,,,,,,,,,0.0,0.0,0.0,0.0
2018,2,ocon,force_india,8,10,10,+1 Lap,1.0,56,Bahrain Grand Prix,Sakhir,2018-04-08,conventional,9,0 days 00:01:30.338000,0 days 00:01:30.009000,0 days 00:01:29.874000,1,1,0,0,0.0,15.0,0.0,1.0,0.5,10.5,0.0,14.0,15,0.0,,,,,,,,,,0.0,0.0,0.0,0.0
2018,3,ocon,force_india,12,11,11,Finished,0.0,56,Chinese Grand Prix,Shanghai,2018-04-15,conventional,12,0 days 00:01:33.585000,0 days 00:01:33.057000,,0,0,0,0,0.5,12.0,0.0,2.0,0.0,10.0,0.25,12.25,9,1.0,,,,,,,,,,0.0,0.0,0.0,0.0
2018,4,ocon,force_india,7,19,R,Collision,0.0,0,Azerbaijan Grand Prix,Baku,2018-04-29,conventional,7,0 days 00:01:43.021000,0 days 00:01:42.967000,0 days 00:01:42.523000,0,0,0,1,0.3333333333333333,12.0,0.0,3.0,7.5,7.5,0.16666666666666666,11.5,12,0.0,,,,,,,,,,0.0,0.0,0.0,0.0
2018,5,ocon,force_india,13,16,R,Oil leak,0.0,38,Spanish Grand Prix,Barcelona,2018-05-13,conventional,13,0 days 00:01:18.813000,0 days 00:01:18.696000,,0,0,0,0,0.3333333333333333,9.333333333333334,0.25,4.0,1.0,14.0,2.6666666666666665,9.333333333333334,7,0.0,,,,,,,,,,0.0,0.0,0.0,0.0
2018,6,ocon,force_india,6,6,6,Finished,8.0,78,Monaco Grand Prix,Monte Carlo,2018-05-27,conventional,6,0 days 00:01:13.028000,0 days 00:01:12.188000,0 days 00:01:12.061000,8,1,0,0,0.0,10.666666666666666,0.2,5.0,4.0,7.5,2.8333333333333335,10.5,13,0.0,,,,,,,,,,0.0,0.0,0.0,0.0
2018,7,ocon,force_india,8,9,9,+1 Lap,2.0,67,Canadian Grand Prix,Montréal,2018-06-10,conventional,8,0 days 00:01:12.577000,0 days 00:01:12.141000,0 days 00:01:12.084000,2,1,0,0,2.6666666666666665,8.666666666666666,0.16666666666666666,6.0,1.0,9.0,4.166666666666667,9.666666666666666,6,8.0,,,,,,,,,,0.0,0.0,0.0,0.0
2018,8,ocon,force_india,11,19,R,Collision,0.0,0,French Grand Prix,Le Castellet,2018-06-24,conventional,11,0 days 00:01:32.786000,0 days 00:01:32.075000,,0,0,0,1,3.3333333333333335,9.0,0.14285714285714285,7.0,0.0,12.0,2.0,10.166666666666666,8,2.0,,,,,,,,,,0.0,0.0,0.0,0.0
2018,9,ocon,force_india,11,6,6,+1 Lap,8.0,70,Austrian Grand Prix,Spielberg,2018-07-01,conventional,11,0 days 00:01:05.148000,0 days 00:01:04.845000,,8,1,0,0,3.3333333333333335,8.333333333333334,0.25,8.0,7.0,14.0,1.6666666666666667,9.5,11,0.0,,,,,,,,,,0.0,0.0,0.0,0.0
2018,10,ocon,force_india,10,7,7,Finished,6.0,52,British Grand Prix,Silverstone,2018-07-08,conventional,10,0 days 00:01:28.279000,0 days 00:01:27.843000,0 days 00:01:28.194000,6,1,0,0,3.3333333333333335,10.0,0.2222222222222222,9.0,3.5,11.0,2.6666666666666665,11.666666666666666,11,8.0,,,,,,,,,,0.0,0.0,0.0,0.0
2018,11,ocon,force_india,15,8,8,Finished,4.0,67,German Grand Prix,Hockenheim,2018-07-22,conventional,16,0 days 00:01:13.720000,,,4,1,0,0,4.666666666666667,10.666666666666666,0.2,10.0,5.0,13.0,3.5,12.333333333333334,10,6.0,,,,,,,,,,0.0,0.0,0.0,0.0
2018,12,ocon,force_india,18,13,13,+1 Lap,0.0,69,Hungarian Grand Prix,Budapest,2018-07-29,conventional,18,0 days 00:01:19.142000,,,0,0,0,0,6.0,12.333333333333334,0.2,11.0,0.0,18.5,5.166666666666667,12.666666666666666,16,4.0,,,,,,,,,,0.0,0.0,0.0,0.0
2018,13,ocon,force_india,3,6,6,Finished,8.0,44,Belgian Grand Prix,Spa-Francorchamps,2018-08-26,conventional,3,0 days 00:01:44.003000,0 days 00:01:43.302000,0 days 00:02:01.851000,8,1,0,0,3.3333333333333335,14.666666666666666,0.2,12.0,9.0,3.5,2.8333333333333335,14.166666666666666,18,0.0,,,,,,,,,,0.0,0.0,0.0,0.0
2018,14,ocon,force_india,8,6,6,Finished,8.0,53,Italian Grand Prix,Monza,2018-09-02,conventional,8,0 days 00:01:21.570000,0 days 00:01:21.315000,0 days 00:01:21.099000,8,1,0,0,4.0,12.333333333333334,0.2,13.0,7.0,12.0,4.666666666666667,11.666666666666666,3,8.0,,,,,,,,,,0.0,0.0,0.0,0.0
2018,15,ocon,force_india,9,20,R,Collision,0.0,0,Singapore Grand Prix,Singapore,2018-09-16,conventional,9,0 days 00:01:38.912000,0 days 00:01:38.534000,0 days 00:01:38.365000,0,0,0,1,5.333333333333333,9.666666666666666,0.1,14.0,0.0,8.0,5.333333333333333,11.333333333333334,8,8.0,,,,,,,,,,0.0,0.0,0.0,0.0
2018,16,ocon,force_india,6,9,9,+1 Lap,2.0,52,Russian Grand Prix,Sochi,2018-09-30,conventional,6,0 days 00:01:34.290000,0 days 00:01:33.596000,0 days 00:01:33.413000,2,1,0,0,5.333333333333333,6.666666666666667,0.2,15.0,1.5,7.0,5.333333333333333,7.833333333333333,9,0.0,,,,,,,,,,0.0,0.0,0.0,0.0
2018,17,ocon,force_india,11,9,9,Finished,2.0,53,Japanese Grand Prix,Suzuka,2018-10-07,conventional,8,0 days 00:01:29.899000,0 days 00:01:29.538000,0 days 00:01:30.126000,2,1,0,0,3.3333333333333335,7.666666666666667,0.2,16.0,4.0,9.0,2.8333333333333335,9.0,6,2.0,,,,,,,,,,0.0,0.0,0.0,0.0
2018,18,ocon,force_india,6,19,D,Disqualified,0.0,56,United States Grand Prix,Austin,2018-10-21,conventional,6,0 days 00:01:34.876000,0 days 00:01:34.522000,0 days 00:01:34.145000,0,0,0,0,1.3333333333333333,7.666666666666667,0.2,17.0,2.0,8.0,1.8333333333333333,8.0,8,2.0,,,,,,,,,,0.0,0.0,0.0,0.0
2018,19,ocon,force_india,11,11,11,+2 Laps,0.0,69,Mexican Grand Prix,Mexico City,2018-10-28,conventional,11,0 days 00:01:16.252000,0 days 00:01:16.844000,,0,0,0,0,1.3333333333333333,6.666666666666667,0.1,18.0,0.0,12.0,2.5,8.0,6,0.0,,,,,,,,,,0.0,0.0,0.0,0.0
2018,20,ocon,force_india,18,15,15,+1 Lap,0.0,70,Brazilian Grand Prix,São Paulo,2018-11-11,conventional,13,0 days 00:01:09.264000,0 days 00:01:08.770000,,0,0,0,0,0.6666666666666666,8.333333333333334,0.1,19.0,0.5,12.5,2.0,9.666666666666666,11,0.0,,,,,,,,,,0.0,0.0,0.0,0.0
2018,21,ocon,force_india,9,17,R,Engine,0.0,44,Abu Dhabi Grand Prix,Yas Marina,2018-11-25,conventional,9,0 days 00:01:36.936000,0 days 00:01:36.814000,0 days 00:01:36.540000,0,0,0,0,0.0,10.0,0.1,20.0,2.0,11.5,0.8333333333333334,10.833333333333334,13,0.0,,,,,,,,,,0.0,0.0,0.0,0.0
2020,1,ocon,renault,14,8,8,Finished,4.0,71,Austrian Grand Prix,Spielberg,2020-07-05,conventional,14,0 days 00:01:04.933000,0 days 00:01:04.643000,,4,1,0,0,0.0,11.0,0.1,21.0,2.0,12.0,3.0,10.666666666666666,9,0.0,11.0,9.0,-5.0,0.0,5.0,0.0,2.3094292307046382,4.0,0.0,0.0,0.0,0.0,0.0
2020,2,ocon,renault,5,18,R,Overheating,0.0,25,Styrian Grand Prix,Spielberg,2020-07-12,conventional,5,0 days 00:01:19.687000,0 days 00:01:18.764000,0 days 00:01:20.922000,0,0,0,0,1.3333333333333333,12.0,0.1,22.0,2.0,7.0,2.0,11.333333333333334,14,4.0,12.0,11.0,6.0,6.0,0.0,4.0,6.667897599103057,0.0,4.0,4.0,0.0,1.0,4.0
2020,3,ocon,renault,14,14,14,+1 Lap,0.0,69,Hungarian Grand Prix,Budapest,2020-07-19,conventional,14,0 days 00:01:15.719000,0 days 00:01:15.742000,,0,0,0,0,1.3333333333333333,9.333333333333334,0.1,23.0,2.0,12.5,1.3333333333333333,9.333333333333334,5,0.0,9.333333333333334,10.0,-4.0,0.0,4.0,0.0,0.6822219908623532,0.0,0.0,4.0,4.0,2.0,0.0
2020,4,ocon,renault,9,6,6,Finished,8.0,52,British Grand Prix,Silverstone,2020-08-02,conventional,9,0 days 00:01:26.396000,0 days 00:01:26.252000,0 days 00:01:26.209000,8,1,0,0,1.3333333333333333,11.0,0.1,24.0,10.0,8.5,2.0,10.5,14,0.0,11.0,12.0,3.0,3.0,0.0,0.0,2.0560056294804383,8.0,0.0,4.0,4.0,3.0,0.0
2020,5,ocon,renault,14,8,8,Finished,4.0,52,70th Anniversary Grand Prix,Silverstone,2020-08-09,conventional,11,0 days 00:01:27.278000,0 days 00:01:27.011000,,4,1,0,0,2.6666666666666665,9.333333333333334,0.0,25.0,2.0,8.0,4.666666666666667,9.333333333333334,9,8.0,9.333333333333334,9.0,-2.0,0.0,2.0,0.0,1.0828900982261827,4.0,0.0,8.0,4.0,3.0,4.0
2020,6,ocon,renault,15,13,13,+1 Lap,0.0,65,Spanish Grand Prix,Barcelona,2020-08-16,conventional,15,0 days 00:01:17.765000,0 days 00:01:17.567000,,0,0,0,0,4.0,11.333333333333334,0.0,26.0,0.0,14.0,4.666666666666667,9.666666666666666,11,4.0,11.333333333333334,13.0,-2.0,0.0,2.0,0.0,0.7338910028491625,0.0,0.0,12.0,0.0,3.0,12.0
2020,7,ocon,renault,6,5,5,Finished,10.0,44,Belgian Grand Prix,Spa-Francorchamps,2020-08-30,conventional,6,0 days 00:01:43.505000,0 days 00:01:42.534000,0 days 00:01:42.396000,10,1,0,0,4.0,11.666666666666666,0.0,27.0,11.0,5.0,4.0,10.166666666666666,15,0.0,11.666666666666666,13.0,7.0,7.0,0.0,2.0,2.576325860004263,8.0,0.0,12.0,0.0,3.0,12.0
2020,8,ocon,renault,12,8,8,Finished,4.0,53,Italian Grand Prix,Monza,2020-09-06,conventional,12,0 days 00:01:20.747000,0 days 00:01:20.234000,,4,1,0,0,4.666666666666667,10.666666666666666,0.0,28.0,6.0,9.5,4.333333333333333,9.0,6,10.0,10.666666666666666,12.0,0.0,0.0,-0.0,0.0,2.025911391116236,4.0,0.0,12.0,0.0,3.0,12.0
2020,9,ocon,renault,10,14,R,Brakes,0.0,7,Tuscan Grand Prix,Mugello,2020-09-13,conventional,10,0 days 00:01:16.825000,0 days 00:01:16.297000,,0,0,0,0,4.666666666666667,11.0,0.0,29.0,6.0,9.0,5.666666666666667,9.5,12,4.0,11.0,11.0,1.0,1.0,0.0,0.0,4.158000715794843,0.0,0.0,12.0,0.0,3.0,12.0
2020,10,ocon,renault,7,7,7,Finished,6.0,53,Russian Grand Prix,Sochi,2020-09-27,conventional,7,0 days 00:01:33.557000,0 days 00:01:33.196000,0 days 00:01:32.624000,6,1,0,0,4.666666666666667,9.333333333333334,0.0,30.0,8.0,6.0,7.666666666666667,7.833333333333333,10,0.0,9.333333333333334,10.0,3.0,3.0,0.0,8.0,5.411641415848643,0.0,2.0,12.0,0.0,3.0,12.0
2020,11,ocon,renault,7,18,R,Gearbox,0.0,22,Eifel Grand Prix,Nürburgring,2020-10-11,conventional,7,0 days 00:01:27.086000,0 days 00:01:26.364000,0 days 00:01:26.242000,0,0,0,0,3.3333333333333335,9.666666666666666,0.0,31.0,7.5,6.5,6.666666666666667,8.166666666666666,7,6.0,9.666666666666666,11.0,4.0,4.0,0.0,8.0,5.983091737884077,0.0,8.0,4.0,2.0,3.0,2.0
2020,12,ocon,renault,11,8,8,+1 Lap,4.0,65,Portuguese Grand Prix,Portimão,2020-10-25,conventional,11,0 days 00:01:17.775000,0 days 00:01:17.614000,,4,1,0,0,2.0,8.0,0.0,32.0,3.0,10.5,7.166666666666667,7.166666666666667,7,0.0,8.0,8.0,-3.0,0.0,3.0,0.0,4.7729420626686645,4.0,0.0,0.0,10.0,3.0,-10.0
2020,13,ocon,renault,12,19,R,Gearbox,0.0,27,Emilia Romagna Grand Prix,Imola,2020-11-01,conventional,12,0 days 00:01:15.352000,0 days 00:01:15.201000,,0,0,0,0,3.3333333333333335,8.333333333333334,0.0,33.0,7.5,8.5,6.166666666666667,7.666666666666667,11,4.0,8.333333333333334,10.0,-2.0,0.0,2.0,0.0,2.620338814785249,0.0,0.0,4.0,10.0,3.0,-6.0
2020,14,ocon,renault,7,11,11,+1 Lap,0.0,57,Turkish Grand Prix,Istanbul,2020-11-15,conventional,7,0 days 00:02:06.115000,0 days 00:01:53.657000,0 days 00:01:52.622000,0,0,0,0,1.3333333333333333,10.0,0.0,34.0,0.5,6.0,6.0,8.5,12,0.0,10.0,11.0,4.0,4.0,0.0,2.0,3.3859425562405585,0.0,2.0,4.0,8.0,3.0,-4.0
2020,15,ocon,renault,7,9,9,Finished,2.0,57,Bahrain Grand Prix,Sakhir,2020-11-29,conventional,7,0 days 00:01:29.203000,0 days 00:01:28.937000,0 days 00:01:28.419000,2,1,0,0,1.3333333333333333,10.0,0.0,35.0,4.0,6.5,3.6666666666666665,8.333333333333334,7,0.0,10.0,11.0,4.0,4.0,0.0,0.0,2.7525632069728374,2.0,0.0,4.0,2.0,3.0,2.0
2020,16,ocon,renault,11,2,2,Finished,18.0,87,Sakhir Grand Prix,Sakhir,2020-12-06,conventional,11,0 days 00:00:54.309000,0 days 00:00:53.995000,,18,1,1,0,0.6666666666666666,8.666666666666666,0.0,36.0,14.0,9.0,4.0,7.0,7,2.0,8.666666666666666,6.0,-5.0,0.0,5.0,1.0,3.1040954398497824,17.0,0.0,2.0,2.0,3.0,0.0
2020,17,ocon,renault,10,9,9,Finished,2.0,55,Abu Dhabi Grand Prix,Yas Island,2020-12-13,conventional,11,0 days 00:01:36.783000,0 days 00:01:36.359000,,2,1,0,0,6.666666666666667,8.333333333333334,0.0,37.0,4.0,11.5,6.166666666666667,7.166666666666667,11,18.0,8.333333333333334,8.0,-3.0,0.0,3.0,0.0,3.09654248729667,2.0,0.0,19.0,2.0,3.0,17.0
2021,1,ocon,alpine,16,13,13,+1 Lap,0.0,55,Bahrain Grand Prix,Sakhir,2021-03-28,conventional,16,0 days 00:01:31.724000,,,0,0,0,0,7.333333333333333,9.666666666666666,0.0,38.0,0.0,12.5,,,11,2.0,,,,,,,,,,0.0,0.0,0.0,0.0
2021,2,ocon,alpine,9,9,9,Finished,2.0,63,Emilia Romagna Grand Prix,Imola,2021-04-18,conventional,9,0 days 00:01:15.385000,0 days 00:01:15.117000,0 days 00:01:15.210000,2,1,0,0,6.666666666666667,12.666666666666666,0.0,39.0,1.5,12.0,0.0,12.5,16,0.0,12.666666666666666,12.0,3.0,3.0,0.0,0.0,2.219969017819114,2.0,0.0,0.0,0.0,0.0,0.0
2021,3,ocon,alpine,6,7,7,Finished,6.0,66,Portuguese Grand Prix,Portimão,2021-05-02,conventional,6,0 days 00:01:19.092000,0 days 00:01:18.586000,0 days 00:01:19.042000,6,1,0,0,1.3333333333333333,12.0,0.0,40.0,5.0,9.5,0.75,12.25,9,2.0,12.0,11.0,5.0,5.0,0.0,4.0,4.31094181946036,2.0,0.0,2.0,0.0,1.0,2.0
2021,4,ocon,alpine,5,9,9,+1 Lap,2.0,65,Spanish Grand Prix,Barcelona,2021-05-09,conventional,5,0 days 00:01:18.281000,0 days 00:01:17.743000,0 days 00:01:17.580000,2,1,0,0,2.6666666666666665,10.333333333333334,0.0,41.0,1.0,7.5,2.1666666666666665,11.333333333333334,6,6.0,10.333333333333334,10.0,5.0,5.0,0.0,1.0,2.6328643034614627,1.0,0.0,4.0,0.0,2.0,4.0
2021,5,ocon,alpine,11,9,9,+1 Lap,2.0,77,Monaco Grand Prix,Monte Carlo,2021-05-23,conventional,11,0 days 00:01:11.740000,0 days 00:01:11.486000,,2,1,0,0,3.3333333333333335,6.666666666666667,0.0,42.0,1.0,14.0,2.5,9.666666666666666,5,2.0,6.666666666666667,6.0,-5.0,0.0,5.0,2.0,3.7552156114282282,0.0,0.0,5.0,0.0,3.0,5.0
2021,6,ocon,alpine,12,20,R,Turbo,0.0,3,Azerbaijan Grand Prix,Baku,2021-06-06,conventional,12,0 days 00:01:42.426000,0 days 00:01:42.273000,,0,0,0,0,3.3333333333333335,7.333333333333333,0.0,43.0,4.0,10.5,2.3333333333333335,10.333333333333334,11,2.0,7.333333333333333,8.0,-4.0,0.0,4.0,0.0,1.9681842216683836,0.0,0.0,3.0,0.0,3.0,3.0
2021,7,ocon,alpine,11,14,14,+1 Lap,0.0,52,French Grand Prix,Le Castellet,2021-06-20,conventional,11,0 days 00:01:32.139000,0 days 00:01:31.736000,,0,0,0,0,1.3333333333333333,9.333333333333334,0.0,44.0,2.0,10.0,2.0,10.666666666666666,12,0.0,9.333333333333334,9.0,-2.0,0.0,2.0,0.0,3.3781852171935194,0.0,0.0,1.0,0.0,3.0,1.0
2021,8,ocon,alpine,17,14,14,+1 Lap,0.0,70,Styrian Grand Prix,Spielberg,2021-06-27,conventional,17,0 days 00:01:05.217000,,,0,0,0,0,0.6666666666666666,11.333333333333334,0.0,45.0,1.0,13.0,2.3333333333333335,11.5,11,0.0,11.333333333333334,10.0,-7.0,0.0,7.0,0.0,0.726401067383553,0.0,0.0,0.0,0.0,3.0,0.0
2021,9,ocon,alpine,17,20,R,Collision,0.0,0,Austrian Grand Prix,Spielberg,2021-07-04,conventional,17,0 days 00:01:05.051000,,,0,0,0,1,0.0,13.333333333333334,0.0,46.0,0.5,15.5,2.3333333333333335,11.166666666666666,17,0.0,13.333333333333334,13.0,-4.0,0.0,4.0,0.0,0.522050577015702,0.0,0.0,0.0,0.0,3.0,0.0
2021,11,ocon,alpine,8,1,1,Finished,25.0,70,Hungarian Grand Prix,Budapest,2021-08-01,conventional,8,0 days 00:01:17.367000,0 days 00:01:16.766000,0 days 00:01:16.653000,25,1,1,0,0.0,15.0,0.1,47.0,18.5,8.5,1.1666666666666667,12.833333333333334,17,0.0,15.0,16.0,8.0,8.0,0.0,0.0,2.1423771440252892,25.0,0.0,0.0,0.0,3.0,0.0
2021,12,ocon,alpine,8,7,7,Finished,3.0,1,Belgian Grand Prix,Spa-Francorchamps,2021-08-29,conventional,9,0 days 00:02:01.824000,0 days 00:01:57.354000,0 days 00:02:03.513000,6,1,0,0,8.333333333333334,14.0,0.1,48.0,3.0,11.5,6.666666666666667,12.333333333333334,8,25.0,14.0,15.0,6.0,6.0,0.0,4.0,5.301195213576872,2.0,0.0,25.0,0.0,3.0,25.0
2021,13,ocon,alpine,8,9,9,+1 Lap,2.0,71,Dutch Grand Prix,Zandvoort,2021-09-05,conventional,8,0 days 00:01:10.179000,0 days 00:01:09.919000,0 days 00:01:09.933000,2,1,0,0,10.333333333333334,11.333333333333334,0.1,49.0,5.0,8.5,7.333333333333333,11.833333333333334,9,6.0,11.333333333333334,11.0,3.0,3.0,0.0,0.0,3.3225883207965747,2.0,0.0,27.0,0.0,3.0,27.0
2021,15,ocon,alpine,9,14,14,+1 Lap,0.0,52,Russian Grand Prix,Sochi,2021-09-26,conventional,10,0 days 00:01:48.099000,0 days 00:01:46.070000,0 days 00:01:45.865000,0,0,0,0,11.0,8.333333333333334,0.1,50.0,4.0,8.0,8.833333333333334,9.5,8,2.0,8.333333333333334,6.0,-4.0,0.0,4.0,0.0,3.906838014752747,0.0,0.0,29.0,0.0,3.0,29.0
2021,16,ocon,alpine,12,10,10,+1 Lap,1.0,57,Turkish Grand Prix,Istanbul,2021-10-10,conventional,12,0 days 00:01:25.422000,0 days 00:01:24.842000,,1,1,0,0,2.6666666666666665,9.0,0.1,51.0,0.5,9.0,4.0,9.333333333333334,10,0.0,9.0,9.0,-3.0,0.0,3.0,1.0,3.322128923424165,0.0,0.0,4.0,0.0,3.0,4.0
2021,17,ocon,alpine,11,19,R,Mechanical,0.0,40,United States Grand Prix,Austin,2021-10-24,conventional,11,0 days 00:01:35.747000,0 days 00:01:35.377000,,0,0,0,0,1.0,10.0,0.1,52.0,0.0,12.5,3.1666666666666665,8.5,12,1.0,10.0,11.0,0.0,0.0,-0.0,0.0,2.5632567877923127,0.0,0.0,2.0,0.0,3.0,2.0
2021,18,ocon,alpine,19,13,13,+1 Lap,0.0,70,Mexico City Grand Prix,Mexico City,2021-11-07,conventional,15,0 days 00:01:18.126000,0 days 00:01:18.405000,,0,0,0,0,0.3333333333333333,11.0,0.1,53.0,1.0,15.5,1.5,9.833333333333334,11,0.0,11.0,12.0,-3.0,0.0,3.0,0.0,1.2191091485290224,0.0,0.0,0.0,0.0,3.0,0.0
2021,20,ocon,alpine,9,5,5,Finished,10.0,57,Qatar Grand Prix,Lusail,2021-11-21,conventional,9,0 days 00:01:22.565000,0 days 00:01:22.012000,0 days 00:01:22.028000,10,1,0,0,0.3333333333333333,12.666666666666666,0.1,54.0,12.5,7.0,0.5,12.333333333333334,15,0.0,12.666666666666666,13.0,4.0,4.0,0.0,1.0,4.473270229376995,9.0,0.0,0.0,0.0,3.0,0.0
2021,21,ocon,alpine,9,4,4,Finished,12.0,50,Saudi Arabian Grand Prix,Jeddah,2021-12-05,conventional,9,0 days 00:01:28.752000,0 days 00:01:28.574000,0 days 00:01:28.647000,12,1,0,0,3.3333333333333335,11.666666666666666,0.1,55.0,6.0,11.0,4.5,11.666666666666666,9,10.0,11.666666666666666,13.0,4.0,4.0,0.0,6.0,6.769046694140842,6.0,0.0,9.0,0.0,3.0,9.0
2021,22,ocon,alpine,9,9,9,Finished,2.0,58,Abu Dhabi Grand Prix,Yas Island,2021-12-12,conventional,9,0 days 00:01:23.764000,0 days 00:01:23.420000,0 days 00:01:23.389000,2,1,0,0,7.333333333333333,11.0,0.1,56.0,3.0,10.0,6.5,11.166666666666666,9,12.0,11.0,11.0,2.0,2.0,0.0,1.0,3.8532655663649007,1.0,0.0,15.0,0.0,3.0,15.0
2022,1,ocon,alpine,11,7,7,Finished,6.0,57,Bahrain Grand Prix,Sakhir,2022-03-20,conventional,11,0 days 00:01:32.041000,0 days 00:01:31.782000,,6,1,0,0,8.0,9.0,0.0,57.0,4.0,9.5,7.166666666666667,9.333333333333334,9,2.0,9.0,10.0,-1.0,0.0,1.0,6.0,4.702834185034482,0.0,0.0,0.0,0.0,0.0,0.0
2022,2,ocon,alpine,5,6,6,Finished,8.0,50,Saudi Arabian Grand Prix,Jeddah,2022-03-27,conventional,5,0 days 00:01:30.093000,0 days 00:01:29.584000,0 days 00:01:29.068000,8,1,0,0,6.666666666666667,9.666666666666666,0.0,58.0,4.0,6.0,4.333333333333333,10.166666666666666,11,6.0,9.666666666666666,9.0,4.0,4.0,0.0,4.0,5.065694532680303,4.0,0.0,0.0,0.0,1.0,0.0
2022,3,ocon,alpine,8,7,7,Finished,6.0,58,Australian Grand Prix,Melbourne,2022-04-10,conventional,8,0 days 00:01:19.605000,0 days 00:01:19.136000,0 days 00:01:19.061000,6,1,0,0,5.333333333333333,8.333333333333334,0.0,59.0,3.0,9.0,3.6666666666666665,8.5,5,8.0,8.333333333333334,7.0,-1.0,0.0,1.0,2.0,4.823636819228623,4.0,0.0,4.0,0.0,2.0,4.0
2022,5,ocon,alpine,20,8,8,Finished,4.0,57,Miami Grand Prix,Miami,2022-05-08,conventional,20,,,,4,1,0,0,6.666666666666667,8.0,0.0,60.0,2.0,15.5,3.6666666666666665,8.166666666666666,8,6.0,8.0,6.0,-14.0,0.0,14.0,2.0,3.498143511376009,2.0,0.0,8.0,0.0,3.0,8.0
2022,6,ocon,alpine,12,7,7,Finished,6.0,66,Spanish Grand Prix,Barcelona,2022-05-22,conventional,12,0 days 00:01:20.880000,0 days 00:01:20.638000,,6,1,0,0,6.0,11.0,0.0,61.0,4.0,14.5,3.0,10.166666666666666,20,4.0,11.0,11.0,-1.0,0.0,1.0,4.0,4.123439134887312,2.0,0.0,10.0,0.0,3.0,10.0
2022,7,ocon,alpine,10,12,12,Finished,0.0,64,Monaco Grand Prix,Monaco,2022-05-29,conventional,10,0 days 00:01:12.848000,0 days 00:01:12.528000,0 days 00:01:13.047000,0,0,0,0,5.333333333333333,13.333333333333334,0.0,62.0,3.0,8.5,3.0,13.0,12,6.0,13.333333333333334,14.0,4.0,4.0,0.0,2.0,3.907054629479016,0.0,2.0,8.0,0.0,3.0,8.0
2022,8,ocon,alpine,13,10,10,Finished,1.0,51,Azerbaijan Grand Prix,Baku,2022-06-12,conventional,13,0 days 00:01:43.903000,0 days 00:01:43.585000,,1,1,0,0,3.3333333333333335,14.0,0.0,63.0,3.5,11.5,3.0,12.833333333333334,10,0.0,14.0,16.0,3.0,3.0,0.0,0.0,1.8256399305210573,1.0,0.0,4.0,2.0,3.0,2.0
2022,9,ocon,alpine,7,6,6,Finished,8.0,70,Canadian Grand Prix,Montréal,2022-06-19,conventional,7,0 days 00:01:33.012000,0 days 00:01:26.135000,0 days 00:01:23.529000,8,1,0,0,2.3333333333333335,11.666666666666666,0.0,64.0,5.0,4.5,3.5,11.5,13,1.0,11.666666666666666,12.0,5.0,5.0,0.0,1.0,4.214839462418172,7.0,0.0,3.0,2.0,3.0,1.0
2022,10,ocon,alpine,15,15,R,Fuel pump,0.0,37,British Grand Prix,Silverstone,2022-07-03,conventional,15,0 days 00:01:41.730000,0 days 00:01:45.190000,,0,0,0,0,3.0,10.0,0.0,65.0,5.0,11.0,3.8333333333333335,8.166666666666666,7,8.0,10.0,9.0,-6.0,0.0,6.0,0.0,1.422143197937901,0.0,0.0,8.0,2.0,3.0,6.0
2022,12,ocon,alpine,10,8,8,Finished,4.0,53,French Grand Prix,Le Castellet,2022-07-24,conventional,12,0 days 00:01:33.346000,0 days 00:01:33.048000,,4,1,0,0,3.0,11.666666666666666,0.0,66.0,6.0,9.5,4.5,9.0,15,0.0,11.666666666666666,11.0,-1.0,0.0,1.0,2.0,3.252842569585093,2.0,0.0,8.0,0.0,3.0,8.0
2022,13,ocon,alpine,5,9,9,+1 Lap,2.0,69,Hungarian Grand Prix,Budapest,2022-07-31,conventional,5,0 days 00:01:18.866000,0 days 00:01:18.216000,0 days 00:01:18.018000,2,1,0,0,4.0,11.333333333333334,0.0,67.0,3.0,5.5,5.333333333333333,8.333333333333334,12,4.0,11.333333333333334,10.0,5.0,5.0,0.0,4.0,7.88336170757742,0.0,2.0,9.0,0.0,3.0,9.0
2022,14,ocon,alpine,16,7,7,Finished,6.0,44,Belgian Grand Prix,Spa-Francorchamps,2022-08-28,conventional,5,0 days 00:01:46.039000,0 days 00:01:45.475000,0 days 00:01:45.180000,6,1,0,0,2.0,10.666666666666666,0.0,68.0,8.0,5.5,4.666666666666667,8.666666666666666,5,2.0,10.666666666666666,9.0,4.0,4.0,0.0,6.0,6.598123361811553,0.0,0.0,2.0,2.0,3.0,0.0
2022,15,ocon,alpine,12,9,9,Finished,2.0,72,Dutch Grand Prix,Zandvoort,2022-09-04,conventional,12,0 days 00:01:11.748000,0 days 00:01:11.605000,,2,1,0,0,4.0,7.333333333333333,0.0,69.0,5.0,12.5,5.666666666666667,6.833333333333333,5,6.0,7.333333333333333,9.0,-3.0,0.0,3.0,4.0,3.912489218397887,0.0,2.0,2.0,2.0,3.0,0.0
2022,16,ocon,alpine,14,11,11,Finished,0.0,53,Italian Grand Prix,Monza,2022-09-11,conventional,11,0 days 00:01:22.166000,0 days 00:01:22.130000,,0,0,0,0,3.3333333333333335,7.333333333333333,0.0,70.0,0.0,10.5,5.333333333333333,7.833333333333333,12,2.0,7.333333333333333,8.0,-3.0,0.0,3.0,4.0,4.802250573942269,0.0,4.0,0.0,4.0,3.0,-4.0
2022,17,ocon,alpine,17,16,R,Engine,0.0,26,Singapore Grand Prix,Marina Bay,2022-10-02,conventional,18,0 days 00:01:56.337000,,,0,0,0,0,2.6666666666666665,9.333333333333334,0.0,71.0,0.0,11.5,4.333333333333333,9.5,11,0.0,9.333333333333334,8.0,-10.0,0.0,10.0,1.0,1.0626702454407617,0.0,1.0,0.0,6.0,3.0,-6.0
2022,18,ocon,alpine,5,4,4,Finished,12.0,28,Japanese Grand Prix,Suzuka,2022-10-09,conventional,5,0 days 00:01:30.696000,0 days 00:01:30.357000,0 days 00:01:30.165000,12,1,0,0,0.6666666666666666,13.666666666666666,0.0,72.0,9.0,6.0,1.6666666666666667,11.5,18,0.0,13.666666666666666,13.0,8.0,8.0,0.0,8.0,7.294359200237583,4.0,0.0,0.0,7.0,3.0,-7.0
2022,19,ocon,alpine,0,11,11,Finished,0.0,56,United States Grand Prix,Austin,2022-10-23,conventional,18,0 days 00:01:37.068000,,,0,0,0,0,4.0,11.333333333333334,0.0,73.0,3.0,13.5,3.0,9.333333333333334,5,12.0,11.333333333333334,10.0,-8.0,0.0,8.0,0.0,2.2040142865705903,0.0,0.0,4.0,5.0,3.0,-1.0
2022,20,ocon,alpine,10,8,8,+1 Lap,4.0,70,Mexico City Grand Prix,Mexico City,2022-10-30,conventional,10,0 days 00:01:19.945000,0 days 00:01:19.081000,0 days 00:01:19.010000,4,1,0,0,4.0,13.666666666666666,0.0,74.0,2.0,9.5,4.0,10.333333333333334,18,0.0,13.666666666666666,14.0,4.0,4.0,0.0,0.0,2.542958975184525,4.0,0.0,4.0,1.0,3.0,3.0
2022,22,ocon,alpine,8,7,7,Finished,6.0,58,Abu Dhabi Grand Prix,Yas Island,2022-11-20,conventional,8,0 days 00:01:25.735000,0 days 00:01:25.007000,0 days 00:01:24.830000,6,1,0,0,5.333333333333333,11.0,0.0,75.0,3.0,9.5,4.666666666666667,9.666666666666666,10,4.0,11.0,10.0,2.0,2.0,0.0,4.0,4.948665249558518,2.0,0.0,8.0,0.0,3.0,8.0
2023,1,ocon,alpine,9,18,R,Retired,0.0,41,Bahrain Grand Prix,Sakhir,2023-03-05,conventional,9,0 days 00:01:31.508000,0 days 00:01:30.914000,0 days 00:01:30.984000,0,0,0,0,3.3333333333333335,12.0,0.0,76.0,1.0,14.5,2.6666666666666665,10.833333333333334,8,6.0,12.0,10.0,1.0,1.0,0.0,2.0,3.4384642597462545,0.0,2.0,0.0,0.0,0.0,0.0
2023,2,ocon,alpine,6,8,8,Finished,4.0,50,Saudi Arabian Grand Prix,Jeddah,2023-03-19,conventional,7,0 days 00:01:29.707000,0 days 00:01:29.255000,0 days 00:01:29.078000,4,1,0,0,3.3333333333333335,9.0,0.0,77.0,3.0,8.5,2.0,11.166666666666666,9,0.0,9.0,9.0,2.0,2.0,0.0,2.0,5.709793216688265,2.0,0.0,0.0,2.0,1.0,-2.0
2023,3,ocon,alpine,11,14,14,Retired,0.0,56,Australian Grand Prix,Melbourne,2023-04-02,conventional,11,0 days 00:01:17.770000,0 days 00:01:17.768000,,0,0,0,0,3.3333333333333335,8.0,0.0,78.0,0.0,10.0,2.3333333333333335,10.833333333333334,7,4.0,8.0,8.0,-3.0,0.0,3.0,0.0,1.2793424195141188,0.0,0.0,2.0,2.0,2.0,0.0
2023,5,ocon,alpine,8,9,9,Finished,2.0,57,Miami Grand Prix,Miami,2023-05-07,conventional,8,0 days 00:01:27.872000,0 days 00:01:27.444000,0 days 00:01:27.935000,2,1,0,0,1.3333333333333333,9.0,0.0,79.0,3.0,6.5,1.3333333333333333,11.0,11,0.0,9.0,9.0,1.0,1.0,0.0,2.0,3.555829553081632,0.0,0.0,2.0,2.0,3.0,0.0
2023,6,ocon,alpine,3,3,3,Finished,15.0,78,Monaco Grand Prix,Monaco,2023-05-28,conventional,4,0 days 00:01:12.967000,0 days 00:01:12.248000,0 days 00:01:11.553000,15,1,1,0,2.0,8.666666666666666,0.0,80.0,10.5,5.5,2.0,8.333333333333334,8,2.0,8.666666666666666,9.0,5.0,5.0,0.0,8.0,8.621917821130028,7.0,0.0,2.0,0.0,3.0,2.0
2023,7,ocon,alpine,6,8,8,Finished,4.0,66,Spanish Grand Prix,Barcelona,2023-06-04,conventional,7,0 days 00:01:13.433000,0 days 00:01:13.001000,0 days 00:01:13.083000,4,1,0,0,5.666666666666667,7.666666666666667,0.0,81.0,2.5,5.5,4.5,7.333333333333333,4,15.0,7.666666666666667,8.0,1.0,1.0,0.0,1.0,3.8447376515112994,3.0,0.0,7.0,0.0,3.0,7.0
2023,8,ocon,alpine,6,8,8,Finished,4.0,70,Canadian Grand Prix,Montréal,2023-06-18,conventional,6,0 days 00:01:22.114000,0 days 00:01:20.406000,0 days 00:01:27.945000,4,1,0,0,7.0,6.333333333333333,0.0,82.0,2.0,11.5,5.333333333333333,5.833333333333333,7,4.0,6.333333333333333,5.0,-1.0,0.0,1.0,8.0,7.210418767018903,0.0,4.0,10.0,0.0,3.0,10.0
2023,10,ocon,alpine,13,20,R,Retired,0.0,9,British Grand Prix,Silverstone,2023-07-09,conventional,13,0 days 00:01:29.700000,0 days 00:01:28.956000,,0,0,0,0,7.666666666666667,5.666666666666667,0.0,83.0,0.0,11.5,5.0,7.5,6,4.0,5.666666666666667,5.0,-8.0,0.0,8.0,0.0,3.101835260709681,0.0,0.0,10.0,4.0,3.0,6.0
2023,11,ocon,alpine,12,19,R,Retired,0.0,2,Hungarian Grand Prix,Budapest,2023-07-23,conventional,12,0 days 00:01:18.854000,0 days 00:01:17.841000,,0,0,0,0,2.6666666666666665,8.666666666666666,0.0,84.0,0.0,13.5,1.5,9.5,13,0.0,8.666666666666666,9.0,-3.0,0.0,3.0,2.0,3.4014998709806106,0.0,2.0,3.0,4.0,3.0,-1.0
2023,13,ocon,alpine,16,10,10,Finished,1.0,72,Dutch Grand Prix,Zandvoort,2023-08-27,conventional,17,0 days 00:01:22.110000,,,1,1,0,0,1.3333333333333333,10.333333333333334,0.0,85.0,8.0,14.5,0.6666666666666666,12.166666666666666,12,0.0,10.333333333333334,10.0,-7.0,0.0,7.0,0.0,0.1494427585021052,1.0,0.0,0.0,6.0,3.0,-6.0
2023,14,ocon,alpine,18,19,R,Retired,0.0,39,Italian Grand Prix,Monza,2023-09-03,conventional,18,0 days 00:01:22.548000,,,0,0,0,0,0.3333333333333333,14.0,0.0,86.0,0.0,17.5,2.6666666666666665,13.166666666666666,17,1.0,14.0,16.0,-2.0,0.0,2.0,0.0,0.45468499223488656,0.0,0.0,1.0,2.0,3.0,-1.0
2023,15,ocon,alpine,8,18,R,Retired,0.0,42,Singapore Grand Prix,Marina Bay,2023-09-17,conventional,8,0 days 00:01:32.369000,0 days 00:01:32.089000,0 days 00:01:31.673000,0,0,0,0,0.3333333333333333,15.666666666666666,0.0,87.0,4.0,10.0,2.6666666666666665,15.166666666666666,18,0.0,15.666666666666666,17.0,9.0,9.0,0.0,2.0,3.334971503571264,0.0,2.0,1.0,2.0,3.0,-1.0
2023,16,ocon,alpine,14,9,9,Finished,2.0,53,Japanese Grand Prix,Suzuka,2023-09-24,conventional,14,0 days 00:01:30.960000,0 days 00:01:30.586000,,2,1,0,0,0.3333333333333333,14.333333333333334,0.0,88.0,1.5,13.0,4.0,14.0,8,0.0,14.333333333333334,15.0,1.0,1.0,0.0,0.0,0.15471412888877278,2.0,0.0,1.0,2.0,3.0,-1.0
2023,19,ocon,alpine,15,10,10,Finished,1.0,71,Mexico City Grand Prix,Mexico City,2023-10-29,conventional,16,0 days 00:01:19.080000,,,1,1,0,0,0.6666666666666666,13.333333333333334,0.0,89.0,0.5,13.5,1.8333333333333333,13.5,14,2.0,13.333333333333334,15.0,-1.0,0.0,1.0,0.0,0.8880729072331226,1.0,0.0,2.0,2.0,3.0,0.0
2023,21,ocon,alpine,16,4,4,Finished,12.0,50,Las Vegas Grand Prix,Las Vegas,2023-11-18,conventional,17,0 days 00:01:34.834000,,,12,1,0,0,1.0,12.666666666666666,0.0,90.0,6.0,11.0,2.0,12.166666666666666,16,1.0,12.666666666666666,13.0,-4.0,0.0,4.0,0.0,1.7878112908888397,12.0,0.0,3.0,2.0,3.0,1.0
2023,22,ocon,alpine,12,12,12,Finished,0.0,58,Abu Dhabi Grand Prix,Yas Island,2023-11-26,conventional,12,0 days 00:01:24.565000,0 days 00:01:24.391000,,0,0,0,0,5.0,15.666666666666666,0.0,91.0,0.0,11.0,2.6666666666666665,12.5,17,12.0,15.666666666666666,17.0,5.0,5.0,0.0,0.0,2.786340256513976,0.0,0.0,15.0,0.0,3.0,15.0
2024,1,ocon,alpine,19,17,17,Lapped,0.0,56,Bahrain Grand Prix,Sakhir,2024-03-02,conventional,19,0 days 00:01:30.793000,,,0,0,0,0,4.333333333333333,15.0,0.0,92.0,0.0,19.5,2.1666666666666665,11.833333333333334,12,0.0,15.0,15.0,-4.0,0.0,4.0,0.0,0.621989629749284,0.0,0.0,0.0,0.0,0.0,0.0
2024,2,ocon,alpine,17,13,13,Lapped,0.0,49,Saudi Arabian Grand Prix,Jeddah,2024-03-09,conventional,17,0 days 00:01:29.475000,,,0,0,0,0,4.0,16.0,0.0,93.0,0.0,17.5,2.0,13.833333333333334,19,0.0,16.0,18.0,1.0,1.0,0.0,0.0,0.5875728466499943,0.0,0.0,0.0,0.0,1.0,0.0
2024,3,ocon,alpine,15,16,16,Lapped,0.0,57,Australian Grand Prix,Melbourne,2024-03-24,conventional,15,0 days 00:01:17.617000,0 days 00:01:17.697000,,0,0,0,0,0.0,16.0,0.0,94.0,0.0,16.0,0.0,16.0,17,0.0,16.0,17.0,2.0,2.0,0.0,0.0,0.7391567259184857,0.0,0.0,0.0,0.0,2.0,0.0
2024,4,ocon,alpine,15,15,15,Lapped,0.0,52,Japanese Grand Prix,Suzuka,2024-04-07,conventional,15,0 days 00:01:29.811000,0 days 00:01:29.816000,,0,0,0,0,0.0,17.0,0.0,95.0,0.0,16.0,0.0,17.666666666666668,15,0.0,17.0,17.0,2.0,2.0,0.0,1.0,2.0290427988025184,0.0,1.0,0.0,0.0,3.0,0.0
2024,7,ocon,alpine,12,14,14,Lapped,0.0,62,Emilia Romagna Grand Prix,Imola,2024-05-19,conventional,12,0 days 00:01:16.361000,0 days 00:01:15.906000,,0,0,0,0,0.0,15.666666666666666,0.0,96.0,0.0,13.5,0.0,16.5,15,0.0,15.666666666666666,17.0,5.0,5.0,0.0,1.0,2.292536957778921,0.0,1.0,0.0,1.0,3.0,-1.0
2024,8,ocon,alpine,11,17,R,Retired,0.0,0,Monaco Grand Prix,Monaco,2024-05-26,conventional,11,0 days 00:01:11.887000,0 days 00:01:11.285000,,0,0,0,0,0.0,14.0,0.0,97.0,0.5,10.5,0.0,15.166666666666666,12,0.0,14.0,16.0,5.0,5.0,0.0,0.0,1.9573801096603813,0.0,0.0,0.0,2.0,3.0,-2.0
2024,9,ocon,alpine,18,10,10,Finished,1.0,70,Canadian Grand Prix,Montréal,2024-06-09,conventional,18,0 days 00:01:13.435000,,,1,1,0,0,0.0,12.666666666666666,0.0,98.0,1.5,16.5,0.16666666666666666,13.333333333333334,11,0.0,12.666666666666666,14.0,-4.0,0.0,4.0,0.0,0.07923222142435904,1.0,0.0,0.0,2.0,3.0,-2.0
2024,10,ocon,alpine,8,10,10,Finished,1.0,66,Spanish Grand Prix,Barcelona,2024-06-23,conventional,9,0 days 00:01:12.691000,0 days 00:01:12.109000,0 days 00:01:12.125000,1,1,0,0,0.3333333333333333,13.666666666666666,0.0,99.0,1.5,8.0,0.6666666666666666,13.5,18,1.0,13.666666666666666,14.0,5.0,5.0,0.0,0.0,2.5717370937557607,1.0,0.0,1.0,1.0,3.0,0.0
2024,12,ocon,alpine,18,16,16,Lapped,0.0,50,British Grand Prix,Silverstone,2024-07-07,conventional,18,0 days 00:01:34.557000,,,0,0,0,0,0.6666666666666666,12.666666666666666,0.0,100.0,0.0,18.0,1.1666666666666667,11.666666666666666,9,1.0,12.666666666666666,13.0,-5.0,0.0,5.0,0.0,0.6846431186792943,0.0,0.0,2.0,0.0,3.0,2.0
2024,13,ocon,alpine,19,18,18,Lapped,0.0,69,Hungarian Grand Prix,Budapest,2024-07-21,conventional,19,0 days 00:01:18.049000,,,0,0,0,0,0.6666666666666666,15.0,0.0,101.0,0.0,19.5,1.0,14.166666666666666,18,0.0,15.0,17.0,-2.0,0.0,2.0,0.0,0.0,0.0,0.0,2.0,0.0,3.0,2.0
2024,14,ocon,alpine,9,9,9,Finished,2.0,44,Belgian Grand Prix,Spa-Francorchamps,2024-07-28,conventional,10,0 days 00:01:55.417000,0 days 00:01:54.460000,0 days 00:01:54.810000,2,1,0,0,0.3333333333333333,15.333333333333334,0.0,102.0,1.0,11.0,0.5,15.166666666666666,19,0.0,15.333333333333334,17.0,7.0,7.0,0.0,0.0,1.4286931470884414,2.0,0.0,1.0,0.0,3.0,1.0
2024,15,ocon,alpine,15,15,15,Lapped,0.0,71,Dutch Grand Prix,Zandvoort,2024-08-25,conventional,16,0 days 00:01:11.995000,,,0,0,0,0,0.6666666666666666,15.666666666666666,0.0,103.0,1.0,12.5,0.3333333333333333,16.166666666666668,10,2.0,15.666666666666666,18.0,2.0,2.0,0.0,0.0,1.9648285790806024,0.0,0.0,2.0,0.0,3.0,2.0
2024,16,ocon,alpine,15,14,14,Lapped,0.0,52,Italian Grand Prix,Monza,2024-09-01,conventional,15,0 days 00:01:20.764000,0 days 00:01:20.766000,,0,0,0,0,0.6666666666666666,15.0,0.0,104.0,0.0,14.5,0.6666666666666666,14.333333333333334,16,0.0,15.0,17.0,2.0,2.0,0.0,0.0,1.0197044261875634,0.0,0.0,2.0,0.0,3.0,2.0
2024,17,ocon,alpine,20,15,15,Lapped,0.0,50,Azerbaijan Grand Prix,Baku,2024-09-15,conventional,19,0 days 00:01:44.504000,,,0,0,0,0,0.6666666666666666,13.666666666666666,0.0,105.0,0.0,17.0,0.6666666666666666,12.666666666666666,15,0.0,13.666666666666666,16.0,-3.0,0.0,3.0,0.0,0.5267196180208611,0.0,0.0,2.0,0.0,3.0,2.0
2024,18,ocon,alpine,15,13,13,Lapped,0.0,61,Singapore Grand Prix,Marina Bay,2024-09-22,conventional,15,0 days 00:01:30.958000,0 days 00:01:30.769000,,0,0,0,0,0.0,16.666666666666668,0.0,106.0,0.0,16.5,0.3333333333333333,14.666666666666666,19,0.0,16.666666666666668,18.0,3.0,3.0,0.0,0.0,1.4296370064532788,0.0,0.0,0.0,0.0,3.0,0.0
2024,20,ocon,alpine,0,13,13,Lapped,0.0,70,Mexico City Grand Prix,Mexico City,2024-10-27,conventional,19,0 days 00:01:17.617000,,,0,0,0,0,0.0,16.333333333333332,0.0,107.0,0.5,13.5,0.0,16.0,15,0.0,16.333333333333332,18.0,-1.0,0.0,1.0,0.0,0.17144946378260517,0.0,0.0,0.0,0.0,3.0,0.0
2024,22,ocon,alpine,11,17,17,Lapped,0.0,49,Las Vegas Grand Prix,Las Vegas,2024-11-23,conventional,11,0 days 00:01:33.968000,0 days 00:01:33.221000,,0,0,0,0,0.0,17.666666666666668,0.0,108.0,0.0,7.0,0.16666666666666666,15.666666666666666,19,0.0,17.666666666666668,19.0,8.0,8.0,0.0,0.0,2.1748582515845802,0.0,0.0,0.0,0.0,3.0,0.0
2025,1,ocon,haas,19,13,13,Finished,0.0,57,Australian Grand Prix,Melbourne,2025-03-16,conventional,19,0 days 00:01:17.147000,,,0,0,0,0,0.0,15.0,0.0,109.0,0.0,19.5,2.6666666666666665,9.5,11,0.0,15.0,15.0,-4.0,0.0,4.0,0.0,0.0,0.0,0.0,0.0,0.0,0.0,0.0
2025,3,ocon,haas,18,18,18,Finished,0.0,53,Japanese Grand Prix,Suzuka,2025-04-06,conventional,18,0 days 00:01:28.696000,,,0,0,0,0,0.0,16.333333333333332,0.0,110.0,0.5,14.0,1.3333333333333333,13.166666666666666,19,0.0,16.333333333333332,19.0,1.0,1.0,0.0,0.0,0.4806733000700518,0.0,0.0,0.0,0.0,1.0,0.0
2025,4,ocon,haas,14,8,8,Finished,4.0,57,Bahrain Grand Prix,Sakhir,2025-04-13,conventional,14,0 days 00:01:31.594000,,,4,1,0,0,0.0,16.0,0.0,111.0,2.5,17.0,0.8333333333333334,14.333333333333334,18,0.0,16.0,19.0,5.0,5.0,0.0,0.0,0.0,4.0,0.0,0.0,0.0,2.0,0.0
2025,5,ocon,haas,19,14,14,Finished,0.0,50,Saudi Arabian Grand Prix,Jeddah,2025-04-20,conventional,19,0 days 00:01:29.092000,,,0,0,0,0,1.3333333333333333,17.0,0.0,112.0,0.0,17.0,1.0,16.833333333333332,14,4.0,17.0,19.0,0.0,0.0,-0.0,0.0,0.0,0.0,0.0,4.0,0.0,3.0,4.0
2025,7,ocon,haas,18,20,R,Retired,0.0,27,Emilia Romagna Grand Prix,Imola,2025-05-18,conventional,18,0 days 00:01:16.613000,,,0,0,0,0,1.3333333333333333,17.0,0.0,113.0,0.0,18.5,1.0,16.0,19,0.0,17.0,18.0,0.0,0.0,-0.0,0.0,0.0,0.0,0.0,4.0,0.0,3.0,4.0
2025,8,ocon,haas,8,7,7,Lapped,6.0,77,Monaco Grand Prix,Monaco,2025-05-25,conventional,8,0 days 00:01:11.839000,0 days 00:01:11.262000,0 days 00:01:10.942000,6,1,0,0,1.3333333333333333,17.0,0.0,114.0,3.0,12.5,0.8333333333333334,17.5,18,0.0,17.0,18.0,10.0,10.0,0.0,1.0,2.129423105455112,5.0,0.0,4.0,0.0,3.0,4.0
2025,9,ocon,haas,16,16,16,Finished,0.0,66,Spanish Grand Prix,Barcelona,2025-06-01,conventional,17,0 days 00:01:13.201000,,,0,0,0,0,2.0,15.0,0.0,115.0,0.0,16.0,1.0,16.0,8,6.0,15.0,15.0,-2.0,0.0,2.0,0.0,0.0,0.0,0.0,5.0,0.0,3.0,5.0
2025,10,ocon,haas,14,9,9,Lapped,2.0,69,Canadian Grand Prix,Montréal,2025-06-15,conventional,15,0 days 00:01:12.378000,0 days 00:01:12.634000,,2,1,0,0,2.0,14.333333333333334,0.0,116.0,1.0,14.5,1.0,15.666666666666666,17,0.0,14.333333333333334,15.0,0.0,0.0,-0.0,0.0,0.87418068414045,2.0,0.0,5.0,0.0,3.0,5.0
2025,11,ocon,haas,17,10,10,Lapped,1.0,69,Austrian Grand Prix,Spielberg,2025-06-29,conventional,17,0 days 00:01:05.364000,,,1,1,0,0,2.6666666666666665,13.333333333333334,0.0,117.0,0.5,16.0,1.3333333333333333,14.333333333333334,15,2.0,13.333333333333334,11.0,-6.0,0.0,6.0,0.0,0.0,1.0,0.0,7.0,0.0,3.0,7.0
2025,12,ocon,haas,14,13,13,Finished,0.0,52,British Grand Prix,Silverstone,2025-07-06,conventional,15,0 days 00:01:26.136000,0 days 00:01:25.950000,,0,0,0,0,1.0,16.333333333333332,0.0,118.0,0.0,11.5,0.5,15.5,17,1.0,16.333333333333332,17.0,2.0,2.0,0.0,0.0,0.0,0.0,0.0,3.0,0.0,3.0,3.0
2025,14,ocon,haas,17,16,16,Lapped,0.0,69,Hungarian Grand Prix,Budapest,2025-08-03,conventional,18,0 days 00:01:16.023000,,,0,0,0,0,1.0,15.666666666666666,0.0,119.0,0.0,14.5,0.5,14.0,15,0.0,15.666666666666666,18.0,0.0,0.0,-0.0,0.0,0.8121110841068155,0.0,0.0,3.0,0.0,3.0,3.0
2025,15,ocon,haas,18,10,10,Finished,1.0,72,Dutch Grand Prix,Zandvoort,2025-08-31,conventional,18,0 days 00:01:10.197000,,,1,1,0,0,0.3333333333333333,16.666666666666668,0.0,120.0,4.5,18.5,0.16666666666666666,14.0,18,0.0,16.666666666666668,19.0,1.0,1.0,0.0,0.0,0.5178610635677785,1.0,0.0,1.0,0.0,3.0,1.0
2025,16,ocon,haas,15,15,15,Lapped,0.0,52,Italian Grand Prix,Monza,2025-09-07,conventional,15,0 days 00:01:19.816000,0 days 00:01:19.707000,,0,0,0,0,0.3333333333333333,17.0,0.0,121.0,0.0,13.0,1.5,14.833333333333334,18,1.0,17.0,19.0,4.0,4.0,0.0,0.0,0.0,0.0,0.0,1.0,0.0,3.0,1.0
2025,17,ocon,haas,20,14,14,Finished,0.0,51,Azerbaijan Grand Prix,Baku,2025-09-21,conventional,20,,,,0,0,0,0,0.3333333333333333,17.0,0.0,122.0,0.0,17.5,1.5,15.333333333333334,15,0.0,17.0,19.0,-1.0,0.0,1.0,0.0,0.0,0.0,0.0,1.0,0.0,3.0,1.0
2025,18,ocon,haas,17,18,18,Lapped,0.0,61,Singapore Grand Prix,Marina Bay,2025-10-05,conventional,17,0 days 00:01:30.989000,,,0,0,0,0,0.3333333333333333,17.666666666666668,0.0,123.0,1.0,13.0,1.5,16.333333333333332,20,0.0,17.666666666666668,20.0,3.0,3.0,0.0,0.0,0.9183295592695728,0.0,0.0,1.0,0.0,3.0,1.0
2025,20,ocon,haas,11,9,9,Finished,2.0,71,Mexico City Grand Prix,Mexico City,2025-10-26,conventional,12,0 days 00:01:16.948000,0 days 00:01:16.837000,,2,1,0,0,0.0,17.333333333333332,0.0,124.0,7.0,11.0,0.3333333333333333,14.5,17,0.0,17.333333333333332,19.0,7.0,7.0,0.0,0.0,1.0616093118657126,2.0,0.0,0.0,0.0,3.0,0.0
2025,22,ocon,haas,13,9,9,Finished,2.0,50,Las Vegas Grand Prix,Las Vegas,2025-11-22,conventional,13,0 days 00:01:54.635000,0 days 00:01:52.987000,,2,1,0,0,0.6666666666666666,16.333333333333332,0.0,125.0,1.5,13.5,2.6666666666666665,13.833333333333334,12,2.0,16.333333333333332,17.0,4.0,4.0,0.0,0.0,1.6024192335622942,2.0,0.0,2.0,0.0,3.0,2.0
2025,24,ocon,haas,8,7,7,Finished,6.0,58,Abu Dhabi Grand Prix,Yas Island,2025-12-07,conventional,8,0 days 00:01:23.334000,0 days 00:01:23.023000,0 days 00:01:22.913000,6,1,0,0,1.3333333333333333,14.0,0.0,126.0,3.0,9.5,3.1666666666666665,12.5,13,2.0,14.0,14.0,6.0,6.0,0.0,0.0,2.4360111101473336,6.0,0.0,4.0,0.0,3.0,4.0
2018,1,perez,force_india,12,11,11,Finished,0.0,58,Australian Grand Prix,Melbourne,2018-03-25,conventional,13,0 days 00:01:24.344000,0 days 00:01:24.005000,,0,0,0,0,,,,0.0,0.0,14.0,,,,,,,,,,,,,,0.0,0.0,0.0,0.0
2018,2,perez,force_india,12,16,16,+1 Lap,0.0,56,Bahrain Grand Prix,Sakhir,2018-04-08,conventional,12,0 days 00:01:30.218000,0 days 00:01:30.156000,,0,0,0,0,0.0,13.0,0.0,1.0,0.5,10.5,0.0,14.0,13,0.0,,,,,,,,,,0.0,0.0,0.0,0.0
2018,3,perez,force_india,8,12,12,Finished,0.0,56,Chinese Grand Prix,Shanghai,2018-04-15,conventional,8,0 days 00:01:33.464000,0 days 00:01:32.931000,0 days 00:01:32.758000,0,0,0,0,0.0,12.5,0.0,2.0,0.0,10.0,0.25,12.25,12,0.0,,,,,,,,,,0.0,0.0,0.0,0.0
2018,4,perez,force_india,8,3,3,Finished,15.0,51,Azerbaijan Grand Prix,Baku,2018-04-29,conventional,8,0 days 00:01:43.992000,0 days 00:01:43.366000,0 days 00:01:42.547000,15,1,1,0,0.0,11.0,0.0,3.0,7.5,7.5,0.16666666666666666,11.5,8,0.0,,,,,,,,,,0.0,0.0,0.0,0.0
2018,5,perez,force_india,15,9,9,+2 Laps,2.0,64,Spanish Grand Prix,Barcelona,2018-05-13,conventional,15,0 days 00:01:18.740000,0 days 00:01:19.098000,,2,1,0,0,5.0,9.333333333333334,0.0,4.0,1.0,14.0,2.6666666666666665,9.333333333333334,8,15.0,,,,,,,,,,0.0,0.0,0.0,0.0
2018,6,perez,force_india,9,12,12,Finished,0.0,78,Monaco Grand Prix,Monte Carlo,2018-05-27,conventional,9,0 days 00:01:12.848000,0 days 00:01:12.194000,0 days 00:01:12.154000,0,0,0,0,5.666666666666667,10.333333333333334,0.0,5.0,4.0,7.5,2.8333333333333335,10.5,15,2.0,,,,,,,,,,0.0,0.0,0.0,0.0
2018,7,perez,force_india,10,14,14,+1 Lap,0.0,67,Canadian Grand Prix,Montréal,2018-06-10,conventional,10,0 days 00:01:12.702000,0 days 00:01:12.395000,0 days 00:01:12.671000,0,0,0,0,5.666666666666667,10.666666666666666,0.0,6.0,1.0,9.0,4.166666666666667,9.666666666666666,9,0.0,,,,,,,,,,0.0,0.0,0.0,0.0
2018,8,perez,force_india,13,18,R,Engine,0.0,27,French Grand Prix,Le Castellet,2018-06-24,conventional,13,0 days 00:01:32.692000,0 days 00:01:32.454000,,0,0,0,0,0.6666666666666666,11.333333333333334,0.0,7.0,0.0,12.0,2.0,10.166666666666666,10,0.0,,,,,,,,,,0.0,0.0,0.0,0.0
2018,9,perez,force_india,16,7,7,+1 Lap,6.0,70,Austrian Grand Prix,Spielberg,2018-07-01,conventional,17,0 days 00:01:05.279000,,,6,1,0,0,0.0,10.666666666666666,0.0,8.0,7.0,14.0,1.6666666666666667,9.5,13,0.0,,,,,,,,,,0.0,0.0,0.0,0.0
2018,10,perez,force_india,12,10,10,Finished,1.0,52,British Grand Prix,Silverstone,2018-07-08,conventional,12,0 days 00:01:28.210000,0 days 00:01:27.928000,,1,1,0,0,2.0,13.333333333333334,0.0,9.0,3.5,11.0,2.6666666666666665,11.666666666666666,17,6.0,,,,,,,,,,0.0,0.0,0.0,0.0
2018,11,perez,force_india,10,7,7,Finished,6.0,67,German Grand Prix,Hockenheim,2018-07-22,conventional,10,0 days 00:01:13.427000,0 days 00:01:13.072000,0 days 00:01:12.774000,6,1,0,0,2.3333333333333335,14.0,0.0,10.0,5.0,13.0,3.5,12.333333333333334,12,1.0,,,,,,,,,,0.0,0.0,0.0,0.0
2018,12,perez,force_india,19,14,14,+1 Lap,0.0,69,Hungarian Grand Prix,Budapest,2018-07-29,conventional,19,0 days 00:01:19.200000,,,0,0,0,0,4.333333333333333,13.0,0.0,11.0,0.0,18.5,5.166666666666667,12.666666666666666,10,6.0,,,,,,,,,,0.0,0.0,0.0,0.0
2018,13,perez,force_india,4,5,5,Finished,10.0,44,Belgian Grand Prix,Spa-Francorchamps,2018-08-26,conventional,4,0 days 00:01:44.004000,0 days 00:01:43.014000,0 days 00:02:01.894000,10,1,0,0,2.3333333333333335,13.666666666666666,0.0,12.0,9.0,3.5,2.8333333333333335,14.166666666666666,19,0.0,,,,,,,,,,0.0,0.0,0.0,0.0
2018,14,perez,force_india,14,7,7,Finished,6.0,53,Italian Grand Prix,Monza,2018-09-02,conventional,16,0 days 00:01:21.888000,,,6,1,0,0,5.333333333333333,11.0,0.0,13.0,7.0,12.0,4.666666666666667,11.666666666666666,4,10.0,,,,,,,,,,0.0,0.0,0.0,0.0
2018,15,perez,force_india,7,16,16,+1 Lap,0.0,60,Singapore Grand Prix,Singapore,2018-09-16,conventional,7,0 days 00:01:38.814000,0 days 00:01:38.342000,0 days 00:01:37.985000,0,0,0,0,5.333333333333333,13.0,0.0,14.0,0.0,8.0,5.333333333333333,11.333333333333334,16,6.0,,,,,,,,,,0.0,0.0,0.0,0.0
2018,16,perez,force_india,8,10,10,+1 Lap,1.0,52,Russian Grand Prix,Sochi,2018-09-30,conventional,8,0 days 00:01:34.084000,0 days 00:01:33.923000,0 days 00:01:33.563000,1,1,0,0,5.333333333333333,9.0,0.0,15.0,1.5,7.0,5.333333333333333,7.833333333333333,7,0.0,,,,,,,,,,0.0,0.0,0.0,0.0
2018,17,perez,force_india,9,7,7,Finished,6.0,53,Japanese Grand Prix,Suzuka,2018-10-07,conventional,10,0 days 00:01:30.247000,0 days 00:01:29.567000,0 days 00:01:37.229000,6,1,0,0,2.3333333333333335,10.333333333333334,0.0,16.0,4.0,9.0,2.8333333333333335,9.0,8,1.0,,,,,,,,,,0.0,0.0,0.0,0.0
2018,18,perez,force_india,10,8,8,Finished,4.0,56,United States Grand Prix,Austin,2018-10-21,conventional,10,0 days 00:01:35.193000,0 days 00:01:34.525000,0 days 00:01:34.594000,4,1,0,0,2.3333333333333335,8.333333333333334,0.0,17.0,2.0,8.0,1.8333333333333333,8.0,10,6.0,,,,,,,,,,0.0,0.0,0.0,0.0
2018,19,perez,force_india,13,18,R,Brakes,0.0,38,Mexican Grand Prix,Mexico City,2018-10-28,conventional,13,0 days 00:01:16.242000,0 days 00:01:17.167000,,0,0,0,0,3.6666666666666665,9.333333333333334,0.0,18.0,0.0,12.0,2.5,8.0,10,4.0,,,,,,,,,,0.0,0.0,0.0,0.0
2018,20,perez,force_india,12,10,10,+1 Lap,1.0,70,Brazilian Grand Prix,São Paulo,2018-11-11,conventional,12,0 days 00:01:09.217000,0 days 00:01:08.741000,,1,1,0,0,3.3333333333333335,11.0,0.0,19.0,0.5,12.5,2.0,9.666666666666666,13,0.0,,,,,,,,,,0.0,0.0,0.0,0.0
2018,21,perez,force_india,14,8,8,Finished,4.0,55,Abu Dhabi Grand Prix,Yas Marina,2018-11-25,conventional,14,0 days 00:01:37.255000,0 days 00:01:37.541000,,4,1,0,0,1.6666666666666667,11.666666666666666,0.0,20.0,2.0,11.5,0.8333333333333334,10.833333333333334,12,1.0,,,,,,,,,,0.0,0.0,0.0,0.0
2019,1,perez,racing_point,10,13,13,+1 Lap,0.0,57,Australian Grand Prix,Melbourne,2019-03-17,conventional,10,0 days 00:01:22.908000,0 days 00:01:22.532000,0 days 00:01:22.781000,0,0,0,0,1.6666666666666667,13.0,0.0,21.0,1.0,13.0,,,14,4.0,,,,,,,,,,0.0,0.0,0.0,0.0
2019,2,perez,racing_point,14,10,10,Finished,1.0,57,Bahrain Grand Prix,Sakhir,2019-03-31,conventional,14,0 days 00:01:29.893000,0 days 00:01:29.756000,,1,1,0,0,1.6666666666666667,12.0,0.0,22.0,0.5,16.0,1.0,13.0,10,0.0,,,,,,,,,,0.0,0.0,0.0,0.0
2019,3,perez,racing_point,12,8,8,+1 Lap,4.0,55,Chinese Grand Prix,Shanghai,2019-04-14,conventional,12,0 days 00:01:34.026000,0 days 00:01:33.299000,,4,1,0,0,1.6666666666666667,12.666666666666666,0.0,23.0,2.0,14.0,0.75,14.5,14,1.0,,,,,,,,,,0.0,0.0,0.0,0.0
2019,4,perez,racing_point,5,6,6,Finished,8.0,51,Azerbaijan Grand Prix,Baku,2019-04-28,conventional,5,0 days 00:01:42.249000,0 days 00:01:41.870000,0 days 00:01:41.593000,8,1,0,0,1.6666666666666667,12.0,0.0,24.0,5.0,9.5,1.1666666666666667,14.333333333333334,12,4.0,,,,,,,,,,0.0,0.0,0.0,0.0
2019,5,perez,racing_point,15,15,15,Finished,0.0,66,Spanish Grand Prix,Barcelona,2019-05-12,conventional,15,0 days 00:01:18.286000,0 days 00:01:17.886000,,0,0,0,0,4.333333333333333,10.333333333333334,0.0,25.0,0.0,16.0,2.5,13.166666666666666,5,8.0,,,,,,,,,,0.0,0.0,0.0,0.0
2019,6,perez,racing_point,16,12,12,+1 Lap,0.0,77,Monaco Grand Prix,Monte Carlo,2019-05-26,conventional,17,0 days 00:01:12.233000,,,0,0,0,0,4.0,10.666666666666666,0.0,26.0,0.0,17.5,2.3333333333333335,13.166666666666666,15,0.0,,,,,,,,,,0.0,0.0,0.0,0.0
2019,7,perez,racing_point,15,12,12,+1 Lap,0.0,69,Canadian Grand Prix,Montréal,2019-06-09,conventional,16,0 days 00:01:12.197000,,,0,0,0,0,2.6666666666666665,12.333333333333334,0.0,27.0,1.0,17.0,1.6666666666666667,14.333333333333334,17,0.0,,,,,,,,,,0.0,0.0,0.0,0.0
2019,8,perez,racing_point,14,12,12,+1 Lap,0.0,52,French Grand Prix,Le Castellet,2019-06-23,conventional,14,0 days 00:01:30.964000,0 days 00:01:30.738000,,0,0,0,0,0.0,16.0,0.0,28.0,0.0,16.0,0.3333333333333333,16.833333333333332,16,0.0,,,,,,,,,,0.0,0.0,0.0,0.0
2019,9,perez,racing_point,13,11,11,+1 Lap,0.0,70,Austrian Grand Prix,Spielberg,2019-06-30,conventional,16,0 days 00:01:04.789000,,,0,0,0,0,0.0,15.666666666666666,0.0,29.0,0.0,16.5,0.3333333333333333,16.833333333333332,14,0.0,,,,,,,,,,0.0,0.0,0.0,0.0
2019,10,perez,racing_point,15,17,17,+1 Lap,0.0,51,British Grand Prix,Silverstone,2019-07-14,conventional,15,0 days 00:01:26.649000,0 days 00:01:26.928000,,0,0,0,0,0.0,15.333333333333334,0.0,30.0,0.0,16.5,0.3333333333333333,16.5,16,0.0,,,,,,,,,,0.0,0.0,0.0,0.0
2019,11,perez,racing_point,8,20,R,Spun off,0.0,1,German Grand Prix,Hockenheim,2019-07-28,conventional,8,0 days 00:01:13.194000,0 days 00:01:12.776000,0 days 00:01:13.065000,0,0,0,1,0.0,15.0,0.0,31.0,6.0,11.5,0.0,16.333333333333332,15,0.0,,,,,,,,,,0.0,0.0,0.0,0.0
2019,12,perez,racing_point,16,11,11,+1 Lap,0.0,69,Hungarian Grand Prix,Budapest,2019-08-04,conventional,17,0 days 00:01:17.109000,,,0,0,0,0,0.0,13.0,0.1,32.0,0.0,18.0,2.0,14.833333333333334,8,0.0,,,,,,,,,,0.0,0.0,0.0,0.0
2019,13,perez,racing_point,7,6,6,Finished,8.0,44,Belgian Grand Prix,Spa-Francorchamps,2019-09-01,conventional,9,0 days 00:01:45.732000,0 days 00:01:44.707000,0 days 00:01:44.706000,8,1,0,0,0.0,13.333333333333334,0.1,33.0,4.5,11.0,2.0,15.333333333333334,17,0.0,,,,,,,,,,0.0,0.0,0.0,0.0
2019,14,perez,racing_point,18,7,7,Finished,6.0,53,Italian Grand Prix,Monza,2019-09-08,conventional,17,0 days 00:01:21.291000,,,6,1,0,0,2.6666666666666665,11.333333333333334,0.1,34.0,3.0,13.0,3.5,13.5,9,8.0,,,,,,,,,,0.0,0.0,0.0,0.0
2019,15,perez,racing_point,15,19,R,Engine,0.0,42,Singapore Grand Prix,Singapore,2019-09-22,conventional,10,0 days 00:01:39.909000,0 days 00:01:38.520000,,0,0,0,0,4.666666666666667,14.333333333333334,0.1,35.0,0.0,13.0,2.5,14.0,17,6.0,,,,,,,,,,0.0,0.0,0.0,0.0
2019,16,perez,racing_point,11,7,7,Finished,6.0,53,Russian Grand Prix,Sochi,2019-09-29,conventional,12,0 days 00:01:34.336000,0 days 00:01:33.958000,,6,1,0,0,4.666666666666667,12.0,0.1,36.0,3.0,13.5,2.5,12.333333333333334,10,0.0,,,,,,,,,,0.0,0.0,0.0,0.0
2019,17,perez,racing_point,17,8,8,+1 Lap,4.0,51,Japanese Grand Prix,Suzuka,2019-10-13,conventional,17,0 days 00:01:30.344000,,,4,1,0,0,4.0,13.0,0.1,37.0,3.0,14.5,2.0,13.166666666666666,12,6.0,,,,,,,,,,0.0,0.0,0.0,0.0
2019,18,perez,racing_point,11,7,7,Finished,6.0,71,Mexican Grand Prix,Mexico City,2019-10-27,conventional,11,0 days 00:01:17.465000,0 days 00:01:16.687000,,6,1,0,0,3.3333333333333335,13.0,0.1,38.0,3.0,13.5,2.0,13.666666666666666,17,4.0,,,,,,,,,,0.0,0.0,0.0,0.0
2019,19,perez,racing_point,0,10,10,+1 Lap,1.0,55,United States Grand Prix,Austin,2019-11-03,conventional,19,0 days 00:01:35.808000,,,1,1,0,0,5.333333333333333,13.333333333333334,0.1,39.0,0.5,16.5,3.0,13.833333333333334,11,6.0,,,,,,,,,,0.0,0.0,0.0,0.0
2019,20,perez,racing_point,15,9,9,Finished,2.0,71,Brazilian Grand Prix,São Paulo,2019-11-17,conventional,15,0 days 00:01:09.288000,0 days 00:01:09.035000,,2,1,0,0,3.6666666666666665,15.666666666666666,0.1,40.0,1.0,16.0,2.1666666666666665,14.833333333333334,19,1.0,,,,,,,,,,0.0,0.0,0.0,0.0
2019,21,perez,racing_point,10,7,7,+1 Lap,6.0,54,Abu Dhabi Grand Prix,Yas Island,2019-12-01,conventional,11,0 days 00:01:36.961000,0 days 00:01:37.055000,,6,1,0,0,3.0,15.0,0.1,41.0,3.0,12.0,1.5,15.333333333333334,15,2.0,,,,,,,,,,0.0,0.0,0.0,0.0
2020,1,perez,racing_point,6,6,6,Finished,8.0,71,Austrian Grand Prix,Spielberg,2020-07-05,conventional,6,0 days 00:01:04.543000,0 days 00:01:03.860000,0 days 00:01:03.868000,8,1,0,0,3.0,15.0,0.0,42.0,4.0,7.5,1.5,14.833333333333334,11,6.0,15.0,15.0,9.0,9.0,0.0,8.0,7.1722925782939555,0.0,0.0,0.0,0.0,0.0,0.0
2020,2,perez,racing_point,17,6,6,Finished,8.0,71,Styrian Grand Prix,Spielberg,2020-07-12,conventional,17,0 days 00:01:21.607000,,,8,1,0,0,5.333333333333333,10.666666666666666,0.0,43.0,7.0,15.0,2.6666666666666665,11.833333333333334,6,8.0,10.666666666666666,10.0,-7.0,0.0,7.0,0.0,3.0022910710896706,8.0,0.0,0.0,0.0,1.0,0.0
2020,3,perez,racing_point,4,7,7,+1 Lap,6.0,69,Hungarian Grand Prix,Budapest,2020-07-19,conventional,4,0 days 00:01:14.681000,0 days 00:01:15.394000,0 days 00:01:14.545000,6,1,0,0,7.333333333333333,11.333333333333334,0.0,44.0,9.0,3.5,4.666666666666667,11.5,17,8.0,11.333333333333334,12.0,8.0,8.0,0.0,1.0,5.3404227737857,5.0,0.0,8.0,0.0,2.0,8.0
2020,6,perez,racing_point,4,5,5,+1 Lap,10.0,65,Spanish Grand Prix,Barcelona,2020-08-16,conventional,4,0 days 00:01:17.117000,0 days 00:01:16.936000,0 days 00:01:16.482000,10,1,0,0,7.333333333333333,9.0,0.0,45.0,11.0,4.5,5.666666666666667,5.833333333333333,4,6.0,9.0,8.0,4.0,4.0,0.0,12.0,7.846178561867496,0.0,2.0,13.0,0.0,3.0,13.0
2020,7,perez,racing_point,8,10,10,Finished,1.0,44,Belgian Grand Prix,Spa-Francorchamps,2020-08-30,conventional,8,0 days 00:01:43.349000,0 days 00:01:42.670000,0 days 00:01:42.532000,1,1,0,0,8.0,8.333333333333334,0.0,46.0,1.5,8.5,6.333333333333333,6.166666666666667,4,10.0,8.333333333333334,7.0,-1.0,0.0,1.0,0.0,2.1661323297431,1.0,0.0,13.0,2.0,3.0,11.0
2020,8,perez,racing_point,4,10,10,Finished,1.0,53,Italian Grand Prix,Monza,2020-09-06,conventional,4,0 days 00:01:20.048000,0 days 00:01:19.718000,0 days 00:01:19.720000,1,1,0,0,5.666666666666667,5.333333333333333,0.0,47.0,8.0,6.0,6.5,5.833333333333333,8,1.0,5.333333333333333,4.0,0.0,0.0,-0.0,15.0,11.01510349279462,0.0,14.0,6.0,2.0,3.0,4.0
2020,9,perez,racing_point,7,5,5,Finished,10.0,59,Tuscan Grand Prix,Mugello,2020-09-13,conventional,6,0 days 00:01:16.596000,0 days 00:01:16.489000,0 days 00:01:16.311000,10,1,0,0,4.0,5.333333333333333,0.0,48.0,5.0,6.5,6.833333333333333,6.333333333333333,4,1.0,5.333333333333333,4.0,-2.0,0.0,2.0,2.0,7.009167502303238,8.0,0.0,1.0,16.0,3.0,-15.0
2020,10,perez,racing_point,4,4,4,Finished,12.0,53,Russian Grand Prix,Sochi,2020-09-27,conventional,4,0 days 00:01:33.704000,0 days 00:01:33.038000,0 days 00:01:32.317000,12,1,0,0,4.0,6.0,0.0,49.0,6.0,8.5,4.833333333333333,7.0,6,10.0,6.0,5.0,1.0,1.0,0.0,12.0,8.666150240241103,0.0,0.0,9.0,14.0,3.0,-5.0
2020,11,perez,racing_point,9,4,4,Finished,12.0,60,Eifel Grand Prix,Nürburgring,2020-10-11,conventional,9,0 days 00:01:27.120000,0 days 00:01:26.330000,0 days 00:01:26.704000,12,1,0,0,7.666666666666667,4.666666666666667,0.0,50.0,8.0,14.5,6.333333333333333,7.0,4,12.0,4.666666666666667,4.0,-5.0,0.0,5.0,0.0,3.7425584713518285,12.0,0.0,8.0,14.0,3.0,-6.0
2020,12,perez,racing_point,5,7,7,+1 Lap,6.0,65,Portuguese Grand Prix,Portimão,2020-10-25,conventional,5,0 days 00:01:17.370000,0 days 00:01:17.129000,0 days 00:01:17.223000,6,1,0,0,11.333333333333334,6.333333333333333,0.0,51.0,3.0,8.5,6.333333333333333,9.833333333333334,9,12.0,6.333333333333333,5.0,0.0,0.0,-0.0,10.0,9.475640319617767,0.0,4.0,20.0,0.0,3.0,20.0
2020,13,perez,racing_point,11,6,6,Finished,8.0,63,Emilia Romagna Grand Prix,Imola,2020-11-01,conventional,11,0 days 00:01:15.407000,0 days 00:01:15.061000,,8,1,0,0,10.0,6.0,0.0,52.0,4.0,13.0,5.666666666666667,10.5,5,6.0,6.0,4.0,-7.0,0.0,7.0,2.0,3.0914995963851677,6.0,0.0,12.0,4.0,3.0,8.0
2020,14,perez,racing_point,3,2,2,Finished,18.0,58,Turkish Grand Prix,Istanbul,2020-11-15,conventional,3,0 days 00:02:07.614000,0 days 00:01:54.097000,0 days 00:01:49.321000,18,1,1,0,8.666666666666666,8.333333333333334,0.0,53.0,10.0,2.0,5.0,12.0,11,8.0,8.333333333333334,9.0,6.0,6.0,0.0,8.0,8.208477147942316,10.0,0.0,18.0,4.0,3.0,14.0
2020,15,perez,racing_point,5,18,18,Engine,0.0,53,Bahrain Grand Prix,Sakhir,2020-11-29,conventional,5,0 days 00:01:29.178000,0 days 00:01:28.894000,0 days 00:01:28.322000,0,0,0,0,10.666666666666666,6.333333333333333,0.0,54.0,0.0,9.0,5.666666666666667,7.833333333333333,3,18.0,6.333333333333333,5.0,0.0,0.0,-0.0,6.0,5.513974483862148,0.0,6.0,16.0,4.0,3.0,12.0
2020,16,perez,racing_point,5,1,1,Finished,25.0,87,Sakhir Grand Prix,Sakhir,2020-12-06,conventional,5,0 days 00:00:54.236000,0 days 00:00:53.787000,0 days 00:00:53.790000,25,1,1,0,8.666666666666666,6.333333333333333,0.0,55.0,20.0,7.5,4.666666666666667,8.0,5,0.0,6.333333333333333,5.0,0.0,0.0,-0.0,6.0,6.581110597498242,19.0,0.0,16.0,6.0,3.0,10.0
2020,17,perez,racing_point,19,20,R,Transmission,0.0,8,Abu Dhabi Grand Prix,Yas Island,2020-12-13,conventional,15,0 days 00:01:36.034000,,,0,0,0,0,14.333333333333334,4.333333333333333,0.0,56.0,0.5,11.5,10.0,6.166666666666667,5,25.0,4.333333333333333,4.0,-11.0,0.0,11.0,1.0,5.300855011133352,0.0,1.0,29.0,6.0,3.0,23.0
2021,1,perez,red_bull,0,5,5,Finished,10.0,56,Bahrain Grand Prix,Sakhir,2021-03-28,conventional,11,0 days 00:01:31.165000,0 days 00:01:30.659000,,10,1,0,0,8.333333333333334,8.333333333333334,0.0,57.0,14.0,6.0,13.0,4.666666666666667,15,0.0,8.333333333333334,5.0,-6.0,0.0,6.0,6.0,7.718848637326278,4.0,0.0,0.0,0.0,0.0,0.0
2021,2,perez,red_bull,2,11,11,Finished,0.0,63,Emilia Romagna Grand Prix,Imola,2021-04-18,conventional,2,0 days 00:01:15.395000,0 days 00:01:14.716000,0 days 00:01:14.446000,0,0,0,0,11.666666666666666,10.333333333333334,0.0,58.0,12.5,2.5,12.166666666666666,5.5,11,10.0,10.333333333333334,10.0,8.0,8.0,0.0,10.0,9.950899551206664,0.0,10.0,4.0,0.0,1.0,4.0
2021,3,perez,red_bull,4,4,4,Finished,12.0,66,Portuguese Grand Prix,Portimão,2021-05-02,conventional,4,0 days 00:01:19.337000,0 days 00:01:18.845000,0 days 00:01:18.890000,12,1,0,0,3.3333333333333335,9.333333333333334,0.0,59.0,15.0,3.5,15.0,3.8333333333333335,2,0.0,9.333333333333334,9.0,5.0,5.0,0.0,12.0,9.978705167430324,0.0,0.0,4.0,10.0,2.0,-6.0
2021,4,perez,red_bull,8,5,5,Finished,10.0,66,Spanish Grand Prix,Barcelona,2021-05-09,conventional,8,0 days 00:01:18.203000,0 days 00:01:17.669000,0 days 00:01:17.701000,10,1,0,0,7.333333333333333,5.666666666666667,0.0,60.0,14.0,5.0,13.833333333333334,4.0,4,12.0,5.666666666666667,5.0,-3.0,0.0,3.0,4.0,4.947367355923057,6.0,0.0,4.0,10.0,3.0,-6.0
2021,5,perez,red_bull,9,4,4,Finished,12.0,78,Monaco Grand Prix,Monte Carlo,2021-05-23,conventional,9,0 days 00:01:11.644000,0 days 00:01:11.019000,0 days 00:01:11.573000,12,1,0,0,7.333333333333333,4.666666666666667,0.0,61.0,18.5,5.5,13.833333333333334,3.6666666666666665,8,10.0,4.666666666666667,4.0,-5.0,0.0,5.0,10.0,8.245538732554213,2.0,0.0,6.0,10.0,3.0,-4.0
2021,6,perez,red_bull,6,1,1,Finished,25.0,51,Azerbaijan Grand Prix,Baku,2021-06-06,conventional,7,0 days 00:01:41.968000,0 days 00:01:41.630000,0 days 00:01:41.917000,25,1,1,0,11.333333333333334,7.0,0.0,62.0,12.5,5.0,15.833333333333334,4.666666666666667,9,12.0,7.0,7.0,0.0,0.0,-0.0,10.0,8.957240511014351,15.0,0.0,8.0,0.0,3.0,8.0
2021,7,perez,red_bull,4,3,3,Finished,15.0,53,French Grand Prix,Le Castellet,2021-06-20,conventional,4,0 days 00:01:31.560000,0 days 00:01:30.971000,0 days 00:01:30.445000,15,1,1,0,15.666666666666666,8.0,0.0,63.0,20.0,2.5,15.0,5.166666666666667,7,25.0,8.0,8.0,4.0,4.0,0.0,8.0,8.04658470758358,7.0,0.0,23.0,0.0,3.0,23.0
2021,8,perez,red_bull,4,4,4,Finished,12.0,71,Styrian Grand Prix,Spielberg,2021-06-27,conventional,5,0 days 00:01:04.638000,0 days 00:01:04.197000,0 days 00:01:04.168000,12,1,0,0,17.333333333333332,6.666666666666667,0.0,64.0,18.5,3.0,17.0,4.333333333333333,4,15.0,6.666666666666667,8.0,3.0,3.0,0.0,1.0,5.291348802330238,11.0,0.0,24.0,0.0,3.0,24.0
2021,9,perez,red_bull,3,6,6,Finished,8.0,71,Austrian Grand Prix,Spielberg,2021-07-04,conventional,3,0 days 00:01:04.833000,0 days 00:01:04.483000,0 days 00:01:03.990000,8,1,0,0,17.333333333333332,5.333333333333333,0.0,65.0,16.5,2.0,17.0,3.5,5,12.0,5.333333333333333,6.0,3.0,3.0,0.0,15.0,12.742052951955623,0.0,7.0,33.0,0.0,3.0,33.0
2021,11,perez,red_bull,4,17,R,Collision,0.0,0,Hungarian Grand Prix,Budapest,2021-08-01,conventional,4,0 days 00:01:17.233000,0 days 00:01:16.443000,0 days 00:01:16.421000,0,0,0,1,11.666666666666666,4.0,0.0,66.0,1.0,3.5,18.333333333333332,2.5,3,8.0,4.0,4.0,0.0,0.0,-0.0,10.0,7.412804454786983,0.0,10.0,18.0,7.0,3.0,11.0
2021,12,perez,red_bull,0,19,19,Finished,0.0,1,Belgian Grand Prix,Spa-Francorchamps,2021-08-29,conventional,7,0 days 00:01:59.334000,0 days 00:01:56.886000,0 days 00:02:02.112000,0,0,0,0,6.666666666666667,4.0,0.1,67.0,12.5,4.0,12.0,2.8333333333333335,4,0.0,4.0,5.0,-2.0,0.0,2.0,10.0,6.668586342939449,0.0,10.0,11.0,17.0,3.0,-6.0
2021,13,perez,red_bull,0,8,8,+1 Lap,4.0,71,Dutch Grand Prix,Zandvoort,2021-09-05,conventional,16,0 days 00:01:10.530000,,,4,1,0,0,2.6666666666666665,4.666666666666667,0.1,68.0,14.5,8.5,10.0,3.1666666666666665,7,0.0,4.666666666666667,3.0,-13.0,0.0,13.0,6.0,4.404918922873187,0.0,2.0,0.0,27.0,3.0,-27.0
2021,15,perez,red_bull,8,9,9,Finished,2.0,53,Russian Grand Prix,Sochi,2021-09-26,conventional,9,0 days 00:01:46.455000,0 days 00:01:45.834000,0 days 00:01:45.337000,2,1,0,0,1.3333333333333333,9.0,0.1,69.0,10.0,14.5,9.333333333333334,5.333333333333333,16,4.0,9.0,8.0,-1.0,0.0,1.0,10.0,6.920515841447188,0.0,8.0,0.0,22.0,3.0,-22.0
2021,16,perez,red_bull,6,3,3,Finished,15.0,58,Turkish Grand Prix,Istanbul,2021-10-10,conventional,7,0 days 00:01:24.963000,0 days 00:01:23.961000,0 days 00:01:23.706000,15,1,1,0,2.0,10.666666666666666,0.1,70.0,16.5,5.0,12.333333333333334,9.0,9,2.0,10.666666666666666,12.0,5.0,5.0,0.0,8.0,6.398772929809827,7.0,0.0,0.0,20.0,3.0,-20.0
2021,17,perez,red_bull,3,3,3,Finished,15.0,56,United States Grand Prix,Austin,2021-10-24,conventional,3,0 days 00:01:34.369000,0 days 00:01:34.178000,0 days 00:01:33.134000,15,1,1,0,7.0,10.666666666666666,0.1,71.0,20.0,2.0,13.666666666666666,9.333333333333334,7,15.0,10.666666666666666,13.0,10.0,10.0,0.0,12.0,10.954628755734092,3.0,0.0,7.0,10.0,3.0,-3.0
2021,18,perez,red_bull,4,3,3,Finished,15.0,71,Mexico City Grand Prix,Mexico City,2021-11-07,conventional,4,0 days 00:01:17.003000,0 days 00:01:17.055000,0 days 00:01:16.342000,15,1,1,0,10.666666666666666,6.333333333333333,0.1,72.0,20.0,3.5,15.5,7.166666666666667,3,15.0,6.333333333333333,4.0,0.0,0.0,-0.0,12.0,11.717463003954517,3.0,0.0,10.0,8.0,3.0,2.0
2021,20,perez,red_bull,11,4,4,Finished,12.0,57,Qatar Grand Prix,Lusail,2021-11-21,conventional,11,0 days 00:01:22.398000,0 days 00:01:22.346000,,12,1,0,0,15.0,4.666666666666667,0.1,73.0,15.0,6.5,18.833333333333332,3.5,4,15.0,4.666666666666667,4.0,-7.0,0.0,7.0,6.0,7.157748639877183,6.0,0.0,13.0,0.0,3.0,13.0
2021,21,perez,red_bull,5,17,R,Collision,0.0,14,Saudi Arabian Grand Prix,Jeddah,2021-12-05,conventional,5,0 days 00:01:28.021000,0 days 00:01:27.946000,0 days 00:01:28.123000,0,0,0,1,14.0,6.0,0.1,74.0,9.0,4.0,18.333333333333332,4.0,11,12.0,6.0,5.0,0.0,0.0,-0.0,15.0,11.88421838608018,0.0,15.0,12.0,0.0,3.0,12.0
2021,22,perez,red_bull,4,15,15,Engine,0.0,55,Abu Dhabi Grand Prix,Yas Island,2021-12-12,conventional,4,0 days 00:01:23.350000,0 days 00:01:23.135000,0 days 00:01:22.947000,0,0,0,0,9.0,6.666666666666667,0.2,75.0,12.5,2.5,14.666666666666666,4.666666666666667,5,0.0,6.666666666666667,5.0,1.0,1.0,0.0,15.0,13.764838881414583,0.0,15.0,9.0,15.0,3.0,-6.0
2022,1,perez,red_bull,4,18,18,Fuel pressure,0.0,56,Bahrain Grand Prix,Sakhir,2022-03-20,conventional,4,0 days 00:01:32.311000,0 days 00:01:31.008000,0 days 00:01:30.921000,0,0,0,0,4.0,6.666666666666667,0.2,76.0,0.0,3.0,12.166666666666666,4.333333333333333,4,0.0,6.666666666666667,5.0,1.0,1.0,0.0,15.0,12.406934304582144,0.0,15.0,0.0,0.0,0.0,0.0
2022,2,perez,red_bull,1,4,4,Finished,12.0,50,Saudi Arabian Grand Prix,Jeddah,2022-03-27,conventional,1,0 days 00:01:29.705000,0 days 00:01:28.924000,0 days 00:01:28.200000,12,1,0,0,0.0,4.333333333333333,0.1,77.0,18.5,2.5,7.166666666666667,3.1666666666666665,4,0.0,4.333333333333333,4.0,3.0,3.0,0.0,25.0,12.298744590487331,0.0,13.0,0.0,15.0,1.0,-15.0
2022,3,perez,red_bull,3,2,2,Finished,18.0,58,Australian Grand Prix,Melbourne,2022-04-10,conventional,3,0 days 00:01:18.834000,0 days 00:01:18.340000,0 days 00:01:18.240000,18,1,1,0,4.0,3.0,0.1,78.0,9.0,2.5,10.333333333333334,2.6666666666666665,1,12.0,3.0,2.0,-1.0,0.0,1.0,12.0,13.605722916001723,6.0,0.0,0.0,28.0,2.0,-28.0
2022,5,perez,red_bull,4,4,4,Finished,12.0,57,Miami Grand Prix,Miami,2022-05-08,conventional,4,0 days 00:01:30.055000,0 days 00:01:29.673000,0 days 00:01:29.036000,12,1,0,0,10.0,2.6666666666666665,0.1,79.0,18.5,3.5,9.166666666666666,2.6666666666666665,3,18.0,2.6666666666666665,3.0,-1.0,0.0,1.0,15.0,11.106823808696852,0.0,3.0,6.0,28.0,3.0,-22.0
2022,6,perez,red_bull,5,2,2,Finished,19.0,66,Spanish Grand Prix,Barcelona,2022-05-22,conventional,5,0 days 00:01:20.447000,0 days 00:01:19.830000,0 days 00:01:19.420000,18,1,1,0,14.0,2.6666666666666665,0.1,80.0,21.5,3.5,15.333333333333334,2.8333333333333335,4,12.0,2.6666666666666665,2.0,-3.0,0.0,3.0,8.0,9.852621421613149,10.0,0.0,6.0,16.0,3.0,-10.0
2022,7,perez,red_bull,3,1,1,Finished,25.0,64,Monaco Grand Prix,Monaco,2022-05-29,conventional,3,0 days 00:01:13.004000,0 days 00:01:11.954000,0 days 00:01:11.629000,25,1,1,0,16.0,4.0,0.1,81.0,20.0,3.5,16.333333333333332,3.1666666666666665,5,18.0,4.0,3.0,0.0,0.0,-0.0,12.0,11.990416741016016,13.0,0.0,16.0,3.0,3.0,13.0
2022,8,perez,red_bull,2,2,2,Finished,19.0,51,Azerbaijan Grand Prix,Baku,2022-06-12,conventional,2,0 days 00:01:42.733000,0 days 00:01:41.955000,0 days 00:01:41.641000,18,1,1,0,18.333333333333332,4.0,0.1,82.0,21.5,2.5,20.0,3.5,3,25.0,4.0,4.0,2.0,2.0,0.0,12.0,10.794517529538016,6.0,0.0,23.0,3.0,3.0,20.0
2022,9,perez,red_bull,13,20,R,Gearbox,0.0,7,Canadian Grand Prix,Montréal,2022-06-19,conventional,13,0 days 00:01:33.929000,0 days 00:01:33.127000,,0,0,0,0,20.333333333333332,3.3333333333333335,0.1,83.0,12.5,7.0,21.0,3.1666666666666665,2,18.0,3.3333333333333335,4.0,-9.0,0.0,9.0,15.0,12.416533892749477,0.0,15.0,29.0,0.0,3.0,29.0
2022,10,perez,red_bull,4,2,2,Finished,18.0,52,British Grand Prix,Silverstone,2022-07-03,conventional,4,0 days 00:01:40.521000,0 days 00:01:42.513000,0 days 00:01:41.616000,18,1,1,0,14.333333333333334,6.0,0.1,84.0,12.0,3.0,18.0,4.333333333333333,13,0.0,6.0,4.0,0.0,0.0,-0.0,10.0,10.444869650850208,8.0,0.0,19.0,15.0,3.0,4.0
2022,12,perez,red_bull,3,4,4,Finished,12.0,53,French Grand Prix,Le Castellet,2022-07-24,conventional,3,0 days 00:01:32.354000,0 days 00:01:32.120000,0 days 00:01:31.335000,12,1,0,0,12.0,6.333333333333333,0.0,85.0,18.5,2.5,15.333333333333334,4.166666666666667,4,18.0,6.333333333333333,6.0,3.0,3.0,0.0,15.0,14.0368514952035,0.0,3.0,14.0,15.0,3.0,-1.0
2022,13,perez,red_bull,11,5,5,Finished,10.0,70,Hungarian Grand Prix,Budapest,2022-07-31,conventional,11,0 days 00:01:19.118000,0 days 00:01:18.516000,,10,1,0,0,10.0,6.666666666666667,0.0,86.0,17.5,10.5,14.333333333333334,4.166666666666667,3,12.0,6.666666666666667,6.0,-5.0,0.0,5.0,8.0,8.330114556803162,2.0,0.0,8.0,18.0,3.0,-10.0
2022,14,perez,red_bull,2,2,2,Finished,18.0,44,Belgian Grand Prix,Spa-Francorchamps,2022-08-28,conventional,3,0 days 00:01:45.377000,0 days 00:01:44.794000,0 days 00:01:44.462000,18,1,1,0,13.333333333333334,6.0,0.0,87.0,21.5,2.0,16.0,5.333333333333333,11,10.0,6.0,7.0,4.0,4.0,0.0,12.0,12.419942376476047,6.0,0.0,10.0,3.0,3.0,7.0
2022,15,perez,red_bull,5,5,5,Finished,10.0,72,Dutch Grand Prix,Zandvoort,2022-09-04,conventional,5,0 days 00:01:11.641000,0 days 00:01:11.314000,0 days 00:01:11.077000,10,1,0,0,13.333333333333334,5.666666666666667,0.0,88.0,17.5,3.0,19.166666666666668,5.0,3,18.0,5.666666666666667,5.0,0.0,0.0,-0.0,8.0,8.964050215467294,2.0,0.0,8.0,3.0,3.0,5.0
2022,16,perez,red_bull,13,6,6,Finished,9.0,53,Italian Grand Prix,Monza,2022-09-11,conventional,4,0 days 00:01:21.495000,0 days 00:01:21.358000,0 days 00:01:21.206000,8,1,0,0,12.666666666666666,6.333333333333333,0.0,89.0,16.5,3.0,18.833333333333332,5.166666666666667,5,10.0,6.333333333333333,6.0,2.0,2.0,0.0,15.0,12.106865631353653,0.0,7.0,10.0,0.0,3.0,10.0
2022,17,perez,red_bull,2,1,1,Finished,25.0,59,Singapore Grand Prix,Marina Bay,2022-10-02,conventional,2,0 days 00:01:54.404000,0 days 00:01:52.818000,0 days 00:01:49.434000,25,1,1,0,12.0,4.0,0.0,90.0,15.5,5.0,18.5,2.6666666666666665,4,8.0,4.0,4.0,2.0,2.0,0.0,15.0,10.501619640092022,10.0,0.0,8.0,7.0,3.0,1.0
2022,18,perez,red_bull,4,2,2,Finished,18.0,28,Japanese Grand Prix,Suzuka,2022-10-09,conventional,4,0 days 00:01:30.622000,0 days 00:01:29.925000,0 days 00:01:29.709000,18,1,1,0,14.333333333333334,3.6666666666666665,0.0,91.0,21.5,2.5,16.5,3.6666666666666665,2,25.0,3.6666666666666665,4.0,0.0,0.0,-0.0,15.0,12.064796239069643,3.0,0.0,12.0,7.0,3.0,5.0
2022,19,perez,red_bull,9,4,4,Finished,12.0,56,United States Grand Prix,Austin,2022-10-23,conventional,4,0 days 00:01:36.163000,0 days 00:01:35.864000,0 days 00:01:34.645000,12,1,0,0,17.0,3.3333333333333335,0.0,92.0,18.5,3.5,17.833333333333332,3.5,4,18.0,3.3333333333333335,2.0,-2.0,0.0,2.0,18.0,12.462110905353871,0.0,6.0,13.0,7.0,3.0,6.0
2022,20,perez,red_bull,4,3,3,Finished,15.0,71,Mexico City Grand Prix,Mexico City,2022-10-30,conventional,4,0 days 00:01:19.706000,0 days 00:01:18.615000,0 days 00:01:18.128000,15,1,1,0,18.333333333333332,3.3333333333333335,0.0,93.0,20.0,2.5,18.5,3.6666666666666665,4,12.0,3.3333333333333335,3.0,-1.0,0.0,1.0,15.0,11.230230014939877,0.0,0.0,13.0,6.0,3.0,7.0
2022,22,perez,red_bull,2,3,3,Finished,15.0,58,Abu Dhabi Grand Prix,Yas Island,2022-11-20,conventional,2,0 days 00:01:24.820000,0 days 00:01:24.419000,0 days 00:01:24.052000,15,1,1,0,15.0,4.0,0.0,94.0,20.0,1.5,20.0,2.8333333333333335,4,15.0,4.0,4.0,2.0,2.0,0.0,15.0,13.238552978528912,0.0,0.0,3.0,6.0,3.0,-3.0
2023,1,perez,red_bull,2,2,2,Finished,18.0,57,Bahrain Grand Prix,Sakhir,2023-03-05,conventional,2,0 days 00:01:31.479000,0 days 00:01:30.746000,0 days 00:01:29.846000,18,1,1,0,14.0,3.3333333333333335,0.0,95.0,21.5,1.5,19.5,2.5,2,15.0,3.3333333333333335,2.0,0.0,0.0,-0.0,18.0,15.214432943315087,0.0,0.0,0.0,0.0,0.0,0.0
2023,2,perez,red_bull,1,1,1,Finished,25.0,50,Saudi Arabian Grand Prix,Jeddah,2023-03-19,conventional,1,0 days 00:01:29.244000,0 days 00:01:28.635000,0 days 00:01:28.265000,25,1,1,0,16.0,2.6666666666666665,0.0,96.0,21.5,8.0,20.5,1.8333333333333333,2,18.0,2.6666666666666665,2.0,1.0,1.0,0.0,18.0,14.839739999558759,7.0,0.0,0.0,0.0,1.0,0.0
2023,3,perez,red_bull,20,5,5,Finished,11.0,58,Australian Grand Prix,Melbourne,2023-04-02,conventional,20,,,,10,1,0,0,19.333333333333332,1.6666666666666667,0.0,97.0,17.5,10.5,21.0,3.6666666666666665,1,25.0,1.6666666666666667,1.0,-19.0,0.0,19.0,10.0,6.78609373091271,0.0,0.0,7.0,0.0,2.0,7.0
2023,5,perez,red_bull,1,2,2,Finished,18.0,57,Miami Grand Prix,Miami,2023-05-07,conventional,1,0 days 00:01:27.713000,0 days 00:01:27.328000,0 days 00:01:26.841000,18,1,1,0,17.666666666666668,7.666666666666667,0.0,98.0,21.5,5.0,20.166666666666668,6.666666666666667,20,10.0,7.666666666666667,8.0,7.0,7.0,0.0,25.0,20.268504091720338,0.0,7.0,7.0,0.0,3.0,7.0
2023,6,perez,red_bull,20,16,16,Lapped,0.0,76,Monaco Grand Prix,Monaco,2023-05-28,conventional,20,0 days 00:01:13.850000,,,0,0,0,0,17.666666666666668,7.333333333333333,0.0,99.0,12.5,10.5,20.166666666666668,7.833333333333333,1,18.0,7.333333333333333,5.0,-15.0,0.0,15.0,18.0,14.888679348128752,0.0,18.0,7.0,7.0,3.0,0.0
2023,7,perez,red_bull,11,4,4,Finished,12.0,66,Spanish Grand Prix,Barcelona,2023-06-04,conventional,11,0 days 00:01:13.874000,0 days 00:01:13.334000,,12,1,0,0,9.333333333333334,13.666666666666666,0.0,100.0,18.5,6.0,17.166666666666668,8.666666666666666,20,0.0,13.666666666666666,15.0,4.0,4.0,0.0,4.0,5.722038235054818,8.0,0.0,0.0,25.0,3.0,-25.0
2023,8,perez,red_bull,12,6,6,Finished,9.0,70,Canadian Grand Prix,Montréal,2023-06-18,conventional,12,0 days 00:01:22.151000,0 days 00:01:20.959000,,8,1,0,0,10.0,10.666666666666666,0.0,101.0,16.5,6.5,17.5,7.166666666666667,11,12.0,10.666666666666666,10.0,-2.0,0.0,2.0,12.0,9.608317110902068,0.0,4.0,8.0,25.0,3.0,-17.0
2023,10,perez,red_bull,15,6,6,Finished,8.0,52,British Grand Prix,Silverstone,2023-07-09,conventional,15,0 days 00:01:29.968000,,,8,1,0,0,6.666666666666667,14.333333333333334,0.0,102.0,16.5,8.0,15.833333333333334,7.666666666666667,12,8.0,14.333333333333334,15.0,0.0,0.0,-0.0,4.0,7.043083646224151,4.0,0.0,8.0,22.0,3.0,-14.0
2023,11,perez,red_bull,9,3,3,Finished,15.0,70,Hungarian Grand Prix,Budapest,2023-07-23,conventional,9,0 days 00:01:18.360000,0 days 00:01:17.675000,0 days 00:01:17.045000,15,1,1,0,9.333333333333334,12.666666666666666,0.0,103.0,20.0,5.5,17.166666666666668,6.833333333333333,15,8.0,12.666666666666666,14.0,5.0,5.0,0.0,12.0,9.658195654417622,3.0,0.0,12.0,4.0,3.0,8.0
2023,13,perez,red_bull,7,4,4,Finished,12.0,72,Dutch Grand Prix,Zandvoort,2023-08-27,conventional,7,0 days 00:01:21.972000,0 days 00:01:19.856000,0 days 00:01:11.880000,12,1,0,0,10.333333333333334,12.0,0.0,104.0,18.5,4.0,17.666666666666668,6.666666666666667,9,15.0,12.0,12.0,5.0,5.0,0.0,12.0,11.29297094944361,0.0,0.0,7.0,4.0,3.0,3.0
2023,14,perez,red_bull,5,2,2,Finished,18.0,51,Italian Grand Prix,Monza,2023-09-03,conventional,5,0 days 00:01:21.911000,0 days 00:01:21.240000,0 days 00:01:20.688000,18,1,1,0,11.666666666666666,10.333333333333334,0.0,105.0,21.5,3.5,18.333333333333332,5.833333333333333,7,12.0,10.333333333333334,10.0,5.0,5.0,0.0,10.0,8.62860495509691,8.0,0.0,7.0,0.0,3.0,7.0
2023,15,perez,red_bull,13,8,8,Finished,4.0,62,Singapore Grand Prix,Marina Bay,2023-09-17,conventional,13,0 days 00:01:32.099000,0 days 00:01:32.310000,,4,1,0,0,15.0,7.0,0.0,106.0,7.0,12.0,20.0,4.333333333333333,5,18.0,7.0,6.0,-7.0,0.0,7.0,4.0,7.412887671474072,0.0,0.0,11.0,0.0,3.0,11.0
2023,16,perez,red_bull,5,19,R,Retired,0.0,15,Japanese Grand Prix,Suzuka,2023-09-24,conventional,5,0 days 00:01:30.652000,0 days 00:01:29.965000,0 days 00:01:29.650000,0,0,0,0,11.333333333333334,8.333333333333334,0.0,107.0,12.5,3.0,15.666666666666666,6.5,13,4.0,8.333333333333334,8.0,3.0,3.0,0.0,18.0,15.137052560384308,0.0,18.0,8.0,0.0,3.0,8.0
2023,19,perez,red_bull,5,20,R,Collision damage,0.0,1,Mexico City Grand Prix,Mexico City,2023-10-29,conventional,5,0 days 00:01:18.553000,0 days 00:01:18.124000,0 days 00:01:17.423000,0,0,0,1,7.333333333333333,7.666666666666667,0.0,108.0,12.5,4.0,13.666666666666666,6.166666666666667,5,0.0,7.666666666666667,7.0,2.0,2.0,0.0,6.0,5.787997982171077,0.0,6.0,8.0,18.0,3.0,-10.0
2023,21,perez,red_bull,11,3,3,Finished,15.0,50,Las Vegas Grand Prix,Las Vegas,2023-11-18,conventional,12,0 days 00:01:34.574000,0 days 00:01:33.855000,,15,1,1,0,1.3333333333333333,7.666666666666667,0.1,109.0,20.0,7.5,10.666666666666666,6.333333333333333,5,0.0,7.666666666666667,6.0,-6.0,0.0,6.0,2.0,5.194244110555179,13.0,0.0,0.0,24.0,3.0,-24.0
2023,22,perez,red_bull,9,4,4,Finished,12.0,58,Abu Dhabi Grand Prix,Yas Island,2023-11-26,conventional,9,0 days 00:01:24.209000,0 days 00:01:24.116000,0 days 00:01:24.171000,12,1,0,0,5.0,7.333333333333333,0.1,110.0,18.5,5.0,15.0,4.833333333333333,12,15.0,7.333333333333333,5.0,-4.0,0.0,4.0,10.0,8.070656453991043,2.0,0.0,13.0,24.0,3.0,-11.0
2024,1,perez,red_bull,5,2,2,Finished,18.0,57,Bahrain Grand Prix,Sakhir,2024-03-02,conventional,5,0 days 00:01:30.221000,0 days 00:01:29.932000,0 days 00:01:29.537000,18,1,1,0,9.0,8.666666666666666,0.1,111.0,21.5,3.0,17.0,5.5,9,12.0,8.666666666666666,6.0,1.0,1.0,0.0,18.0,11.474301070399655,0.0,0.0,0.0,0.0,0.0,0.0
2024,2,perez,red_bull,3,2,2,Finished,18.0,50,Saudi Arabian Grand Prix,Jeddah,2024-03-09,conventional,3,0 days 00:01:28.638000,0 days 00:01:28.467000,0 days 00:01:27.807000,18,1,1,0,15.0,8.666666666666666,0.1,112.0,21.5,2.0,20.0,5.166666666666667,5,18.0,8.666666666666666,5.0,2.0,2.0,0.0,18.0,19.271449678182485,0.0,0.0,0.0,0.0,1.0,0.0
2024,3,perez,red_bull,6,5,5,Finished,10.0,58,Australian Grand Prix,Melbourne,2024-03-24,conventional,3,0 days 00:01:16.805000,0 days 00:01:16.631000,0 days 00:01:16.274000,10,1,0,0,16.0,5.666666666666667,0.1,113.0,5.0,2.0,20.5,3.3333333333333335,3,18.0,5.666666666666667,6.0,3.0,3.0,0.0,18.0,17.16414203180613,0.0,8.0,0.0,0.0,2.0,0.0
2024,4,perez,red_bull,2,2,2,Finished,18.0,53,Japanese Grand Prix,Suzuka,2024-04-07,conventional,2,0 days 00:01:29.303000,0 days 00:01:28.752000,0 days 00:01:28.263000,18,1,1,0,15.333333333333334,3.6666666666666665,0.1,114.0,21.5,1.5,16.0,2.3333333333333335,3,10.0,3.6666666666666665,3.0,1.0,1.0,0.0,25.0,19.787458445576924,0.0,7.0,0.0,8.0,3.0,-8.0
2024,7,perez,red_bull,11,8,8,Finished,4.0,63,Emilia Romagna Grand Prix,Imola,2024-05-19,conventional,11,0 days 00:01:16.404000,0 days 00:01:15.706000,,4,1,0,0,15.333333333333334,2.6666666666666665,0.1,115.0,14.5,6.0,16.0,1.8333333333333333,2,18.0,2.6666666666666665,2.0,-9.0,0.0,9.0,8.0,7.273335909932662,0.0,4.0,0.0,15.0,3.0,-15.0
2024,8,perez,red_bull,16,18,R,Retired,0.0,0,Monaco Grand Prix,Monaco,2024-05-26,conventional,16,0 days 00:01:12.060000,,,0,0,0,0,10.666666666666666,5.333333333333333,0.1,116.0,4.0,11.0,13.666666666666666,3.1666666666666665,11,4.0,5.333333333333333,5.0,-11.0,0.0,11.0,4.0,5.756908270173907,0.0,4.0,0.0,19.0,3.0,-19.0
2024,9,perez,red_bull,16,18,R,Retired,0.0,51,Canadian Grand Prix,Montréal,2024-06-09,conventional,16,0 days 00:01:13.326000,,,0,0,0,0,7.333333333333333,9.666666666666666,0.1,117.0,12.5,9.0,13.333333333333334,6.166666666666667,16,0.0,9.666666666666666,9.0,-7.0,0.0,7.0,2.0,5.801453463976582,0.0,2.0,0.0,15.0,3.0,-15.0
2024,10,perez,red_bull,11,8,8,Finished,4.0,66,Spanish Grand Prix,Barcelona,2024-06-23,conventional,8,0 days 00:01:12.477000,0 days 00:01:12.054000,0 days 00:01:12.061000,4,1,0,0,1.3333333333333333,14.333333333333334,0.1,118.0,14.5,5.0,10.333333333333334,8.666666666666666,16,0.0,14.333333333333334,16.0,8.0,8.0,0.0,6.0,3.8575504089265147,0.0,2.0,0.0,10.0,3.0,-10.0
2024,12,perez,red_bull,20,17,17,Lapped,0.0,50,British Grand Prix,Silverstone,2024-07-07,conventional,19,0 days 00:01:38.348000,,,0,0,0,0,1.3333333333333333,13.333333333333334,0.0,119.0,9.0,11.5,10.333333333333334,8.333333333333334,8,4.0,13.333333333333334,14.0,-5.0,0.0,5.0,4.0,3.6908054132531594,0.0,4.0,0.0,8.0,3.0,-8.0
2024,13,perez,red_bull,16,7,7,Finished,6.0,70,Hungarian Grand Prix,Budapest,2024-07-21,conventional,16,0 days 00:01:17.886000,,,6,1,0,0,1.3333333333333333,14.333333333333334,0.0,120.0,8.0,9.5,12.0,8.5,19,0.0,14.333333333333334,15.0,-1.0,0.0,1.0,2.0,4.011132388366761,4.0,0.0,0.0,8.0,3.0,-8.0
2024,14,perez,red_bull,2,7,7,Finished,7.0,44,Belgian Grand Prix,Spa-Francorchamps,2024-07-28,conventional,3,0 days 00:01:55.139000,0 days 00:01:54.470000,0 days 00:01:53.765000,6,1,0,0,3.3333333333333335,14.333333333333334,0.0,121.0,9.0,2.0,10.5,8.666666666666666,16,6.0,14.333333333333334,16.0,13.0,13.0,0.0,8.0,10.435783439887526,0.0,2.0,4.0,6.0,3.0,-2.0
2024,15,perez,red_bull,5,6,6,Finished,8.0,72,Dutch Grand Prix,Zandvoort,2024-08-25,conventional,5,0 days 00:01:11.006000,0 days 00:01:10.678000,0 days 00:01:10.416000,8,1,0,0,4.0,12.666666666666666,0.0,122.0,13.0,3.5,8.666666666666666,7.666666666666667,3,6.0,12.666666666666666,13.0,8.0,8.0,0.0,4.0,7.059653359254072,4.0,0.0,4.0,6.0,3.0,-2.0
2024,16,perez,red_bull,8,8,8,Finished,4.0,53,Italian Grand Prix,Monza,2024-09-01,conventional,8,0 days 00:01:20.598000,0 days 00:01:20.216000,0 days 00:01:20.062000,4,1,0,0,6.666666666666667,8.0,0.0,123.0,6.0,7.5,10.0,5.0,5,8.0,8.0,8.0,0.0,0.0,-0.0,4.0,4.181234507544394,0.0,0.0,8.0,2.0,3.0,6.0
2024,17,perez,red_bull,4,17,17,Retired,0.0,49,Azerbaijan Grand Prix,Baku,2024-09-15,conventional,4,0 days 00:01:43.213000,0 days 00:01:42.263000,0 days 00:01:41.813000,0,0,0,0,6.0,5.333333333333333,0.0,124.0,5.0,5.0,9.333333333333334,4.333333333333333,8,4.0,5.333333333333333,6.0,2.0,2.0,0.0,6.0,7.0463814942339065,0.0,6.0,4.0,2.0,3.0,2.0
2024,18,perez,red_bull,13,10,10,Lapped,1.0,61,Singapore Grand Prix,Marina Bay,2024-09-22,conventional,13,0 days 00:01:30.624000,0 days 00:01:30.579000,,1,1,0,0,4.0,5.666666666666667,0.0,125.0,9.5,7.5,8.0,5.333333333333333,4,0.0,5.666666666666667,5.0,-8.0,0.0,8.0,4.0,3.896152776728539,0.0,3.0,4.0,6.0,3.0,-2.0
2024,20,perez,red_bull,18,17,17,Lapped,0.0,70,Mexico City Grand Prix,Mexico City,2024-10-27,conventional,18,0 days 00:01:17.611000,,,0,0,0,0,1.6666666666666667,8.333333333333334,0.0,126.0,4.0,10.0,6.833333333333333,6.666666666666667,13,1.0,8.333333333333334,8.0,-10.0,0.0,10.0,2.0,2.555738343295662,0.0,2.0,0.0,9.0,3.0,-9.0
2024,22,perez,red_bull,15,10,10,Finished,1.0,50,Las Vegas Grand Prix,Las Vegas,2024-11-23,conventional,16,0 days 00:01:34.155000,,,1,1,0,0,0.3333333333333333,11.666666666666666,0.0,127.0,5.5,10.5,6.166666666666667,7.5,18,0.0,11.666666666666666,14.0,-2.0,0.0,2.0,4.0,4.302601567406833,0.0,3.0,0.0,11.0,3.0,-11.0
2024,24,perez,red_bull,10,20,R,Retired,0.0,0,Abu Dhabi Grand Prix,Yas Island,2024-12-08,conventional,10,0 days 00:01:23.559000,0 days 00:01:23.379000,0 days 00:01:23.264000,0,0,0,0,0.6666666666666666,15.666666666666666,0.0,128.0,4.0,7.5,6.333333333333333,9.333333333333334,16,1.0,15.666666666666666,16.0,6.0,6.0,0.0,0.0,2.115490576466398,0.0,0.0,0.0,8.0,3.0,-8.0
2023,1,piastri,mclaren,18,20,R,Retired,0.0,13,Bahrain Grand Prix,Sakhir,2023-03-05,conventional,18,0 days 00:01:32.101000,,,0,0,0,0,,,,0.0,0.0,14.5,4.333333333333333,10.166666666666666,,,,,,,,,,,,0.0,0.0,0.0,0.0
2023,2,piastri,mclaren,8,15,15,Finished,0.0,50,Saudi Arabian Grand Prix,Jeddah,2023-03-19,conventional,9,0 days 00:01:29.706000,0 days 00:01:29.378000,0 days 00:01:29.243000,0,0,0,0,0.0,18.0,0.0,1.0,0.0,14.0,3.0,10.833333333333334,18,0.0,18.0,20.0,11.0,11.0,0.0,0.0,1.279170944961971,0.0,0.0,0.0,0.0,0.0,0.0
2023,3,piastri,mclaren,16,8,8,Finished,4.0,58,Australian Grand Prix,Melbourne,2023-04-02,conventional,16,0 days 00:01:18.517000,,,4,1,0,0,0.0,13.5,0.0,2.0,6.0,14.5,1.6666666666666667,12.333333333333334,9,0.0,13.5,13.0,-3.0,0.0,3.0,0.0,0.0,4.0,0.0,0.0,0.0,1.0,0.0
2023,5,piastri,mclaren,19,19,19,Lapped,0.0,56,Miami Grand Prix,Miami,2023-05-07,conventional,19,0 days 00:01:28.484000,,,0,0,0,0,1.3333333333333333,14.333333333333334,0.0,3.0,0.0,17.5,2.0,14.333333333333334,16,4.0,14.333333333333334,16.0,-3.0,0.0,3.0,0.0,0.870977058563736,0.0,0.0,4.0,0.0,2.0,4.0
2023,6,piastri,mclaren,11,10,10,Lapped,1.0,77,Monaco Grand Prix,Monaco,2023-05-28,conventional,11,0 days 00:01:13.006000,0 days 00:01:12.395000,,1,1,0,0,1.3333333333333333,14.666666666666666,0.0,4.0,1.5,10.5,2.0,15.333333333333334,19,0.0,14.666666666666666,16.0,5.0,5.0,0.0,0.0,0.9533701089605406,1.0,0.0,4.0,0.0,3.0,4.0
2023,7,piastri,mclaren,9,13,13,Lapped,0.0,65,Spanish Grand Prix,Barcelona,2023-06-04,conventional,10,0 days 00:01:13.691000,0 days 00:01:13.059000,0 days 00:01:13.682000,0,0,0,0,1.6666666666666667,15.333333333333334,0.0,5.0,0.0,6.5,2.5,14.166666666666666,11,1.0,15.333333333333334,18.0,8.0,8.0,0.0,0.0,1.7734794767680637,0.0,0.0,5.0,0.0,3.0,5.0
2023,8,piastri,mclaren,8,11,11,Finished,0.0,70,Canadian Grand Prix,Montréal,2023-06-18,conventional,9,0 days 00:01:22.190000,0 days 00:01:19.659000,0 days 00:01:31.349000,0,0,0,0,0.3333333333333333,13.333333333333334,0.0,6.0,0.0,8.0,0.5,11.5,10,0.0,13.333333333333334,14.0,5.0,5.0,0.0,0.0,1.85406506491034,0.0,0.0,1.0,0.0,3.0,1.0
2023,10,piastri,mclaren,3,4,4,Finished,12.0,52,British Grand Prix,Silverstone,2023-07-09,conventional,3,0 days 00:01:29.874000,0 days 00:01:27.845000,0 days 00:01:27.092000,12,1,0,0,0.3333333333333333,10.0,0.0,7.0,15.0,2.5,0.5,8.333333333333334,9,0.0,10.0,10.0,7.0,7.0,0.0,2.0,5.8304507196931015,10.0,0.0,1.0,0.0,3.0,1.0
2023,11,piastri,mclaren,4,5,5,Finished,10.0,70,Hungarian Grand Prix,Budapest,2023-07-23,conventional,4,0 days 00:01:18.464000,0 days 00:01:17.571000,0 days 00:01:16.905000,10,1,0,0,4.0,7.333333333333333,0.0,8.0,14.0,3.5,5.0,5.666666666666667,3,12.0,7.333333333333333,7.0,3.0,3.0,0.0,10.0,7.533830710197172,0.0,0.0,10.0,0.0,3.0,10.0
2023,13,piastri,mclaren,8,9,9,Finished,2.0,72,Dutch Grand Prix,Zandvoort,2023-08-27,conventional,8,0 days 00:01:21.231000,0 days 00:01:19.392000,0 days 00:01:11.938000,2,1,0,0,7.333333333333333,5.333333333333333,0.0,9.0,4.0,5.0,9.666666666666666,4.666666666666667,4,10.0,5.333333333333333,4.0,-4.0,0.0,4.0,2.0,5.968846364216091,0.0,0.0,10.0,0.0,3.0,10.0
2023,14,piastri,mclaren,7,12,12,Finished,0.0,51,Italian Grand Prix,Monza,2023-09-03,conventional,7,0 days 00:01:22.106000,0 days 00:01:21.527000,0 days 00:01:20.785000,0,0,0,0,8.0,5.0,0.0,10.0,2.0,8.0,11.0,3.6666666666666665,8,2.0,5.0,3.0,-4.0,0.0,4.0,2.0,5.58326935496481,0.0,2.0,10.0,0.0,3.0,10.0
2023,15,piastri,mclaren,17,7,7,Finished,6.0,62,Singapore Grand Prix,Marina Bay,2023-09-17,conventional,17,0 days 00:01:32.902000,,,6,1,0,0,4.0,6.333333333333333,0.0,11.0,12.0,10.5,6.666666666666667,5.5,7,0.0,6.333333333333333,5.0,-12.0,0.0,12.0,0.0,1.7495327156656324,6.0,0.0,0.0,2.0,3.0,-2.0
2023,16,piastri,mclaren,2,3,3,Finished,15.0,53,Japanese Grand Prix,Suzuka,2023-09-24,conventional,2,0 days 00:01:30.439000,0 days 00:01:30.122000,0 days 00:01:29.458000,15,1,1,0,2.6666666666666665,10.666666666666666,0.0,12.0,16.5,2.5,6.0,7.833333333333333,17,6.0,10.666666666666666,10.0,8.0,8.0,0.0,4.0,8.401365671584692,11.0,0.0,6.0,2.0,3.0,4.0
2023,19,piastri,mclaren,7,8,8,Finished,4.0,71,Mexico City Grand Prix,Mexico City,2023-10-29,conventional,7,0 days 00:01:18.241000,0 days 00:01:17.874000,0 days 00:01:17.623000,4,1,0,0,7.0,8.666666666666666,0.0,13.0,7.0,13.0,10.166666666666666,7.0,2,15.0,8.666666666666666,8.0,1.0,1.0,0.0,8.0,6.705519369713138,0.0,4.0,17.0,2.0,3.0,15.0
2023,21,piastri,mclaren,18,10,10,Finished,2.0,50,Las Vegas Grand Prix,Las Vegas,2023-11-18,conventional,19,0 days 00:01:34.850000,,,1,1,0,0,8.333333333333334,8.666666666666666,0.0,14.0,0.5,17.5,11.833333333333334,8.666666666666666,7,4.0,8.666666666666666,8.0,-11.0,0.0,11.0,6.0,5.4824160810077185,0.0,5.0,17.0,4.0,3.0,13.0
2023,22,piastri,mclaren,3,6,6,Finished,8.0,58,Abu Dhabi Grand Prix,Yas Island,2023-11-26,conventional,3,0 days 00:01:24.487000,0 days 00:01:24.278000,0 days 00:01:23.782000,8,1,0,0,6.666666666666667,9.333333333333334,0.0,15.0,9.0,4.0,8.0,11.0,19,1.0,9.333333333333334,8.0,5.0,5.0,0.0,15.0,8.929773443607507,0.0,7.0,11.0,9.0,3.0,2.0
2024,1,piastri,mclaren,8,8,8,Finished,4.0,57,Bahrain Grand Prix,Sakhir,2024-03-02,conventional,8,0 days 00:01:30.531000,0 days 00:01:30.122000,0 days 00:01:29.683000,4,1,0,0,4.333333333333333,9.666666666666666,0.0,16.0,6.0,7.5,5.5,11.5,3,8.0,9.666666666666666,8.0,0.0,0.0,-0.0,2.0,3.9317573990325627,2.0,0.0,0.0,0.0,0.0,0.0
2024,2,piastri,mclaren,5,4,4,Finished,12.0,50,Saudi Arabian Grand Prix,Jeddah,2024-03-09,conventional,5,0 days 00:01:28.755000,0 days 00:01:28.343000,0 days 00:01:28.089000,12,1,0,0,4.333333333333333,10.0,0.0,17.0,8.0,5.5,5.166666666666667,9.666666666666666,8,4.0,10.0,7.0,2.0,2.0,0.0,6.0,6.667117480609674,6.0,0.0,2.0,0.0,1.0,2.0
2024,3,piastri,mclaren,5,4,4,Finished,12.0,58,Australian Grand Prix,Melbourne,2024-03-24,conventional,6,0 days 00:01:17.369000,0 days 00:01:16.601000,0 days 00:01:16.572000,12,1,0,0,8.0,5.333333333333333,0.0,18.0,13.5,5.0,7.666666666666667,5.666666666666667,5,12.0,5.333333333333333,4.0,-2.0,0.0,2.0,8.0,7.957494096439819,4.0,0.0,8.0,0.0,2.0,8.0
2024,4,piastri,mclaren,6,8,8,Finished,4.0,53,Japanese Grand Prix,Suzuka,2024-04-07,conventional,6,0 days 00:01:29.425000,0 days 00:01:29.148000,0 days 00:01:28.760000,4,1,0,0,9.333333333333334,6.333333333333333,0.0,19.0,7.0,4.5,9.166666666666666,6.0,6,12.0,6.333333333333333,6.0,0.0,0.0,-0.0,10.0,9.652171910111182,0.0,6.0,12.0,0.0,3.0,12.0
2024,7,piastri,mclaren,5,4,4,Finished,12.0,63,Emilia Romagna Grand Prix,Imola,2024-05-19,conventional,2,0 days 00:01:15.940000,0 days 00:01:15.407000,0 days 00:01:14.820000,12,1,0,0,9.333333333333334,5.666666666666667,0.0,20.0,15.0,2.5,9.5,5.0,6,4.0,5.666666666666667,6.0,4.0,4.0,0.0,12.0,11.381192551250752,0.0,0.0,10.0,6.0,3.0,4.0
2024,8,piastri,mclaren,2,2,2,Finished,18.0,78,Monaco Grand Prix,Monaco,2024-05-26,conventional,2,0 days 00:01:11.500000,0 days 00:01:10.756000,0 days 00:01:10.424000,18,1,1,0,9.333333333333334,4.666666666666667,0.0,21.0,15.0,3.0,11.833333333333334,4.0,2,12.0,4.666666666666667,4.0,2.0,2.0,0.0,12.0,14.094037920616325,6.0,0.0,4.0,6.0,3.0,-2.0
2024,9,piastri,mclaren,4,5,5,Finished,10.0,70,Canadian Grand Prix,Montréal,2024-06-09,conventional,4,0 days 00:01:12.907000,0 days 00:01:12.462000,0 days 00:01:12.103000,10,1,0,0,11.333333333333334,3.3333333333333335,0.0,22.0,14.0,3.5,12.333333333333334,3.3333333333333335,2,18.0,3.3333333333333335,3.0,-1.0,0.0,1.0,15.0,12.82102911964769,0.0,5.0,6.0,6.0,3.0,0.0
2024,10,piastri,mclaren,9,7,7,Finished,6.0,66,Spanish Grand Prix,Barcelona,2024-06-23,conventional,10,0 days 00:01:12.460000,0 days 00:01:12.011000,,6,1,0,0,13.333333333333334,2.6666666666666665,0.0,23.0,12.0,5.5,14.666666666666666,3.0,4,10.0,2.6666666666666665,1.0,-9.0,0.0,9.0,4.0,3.803895975565849,2.0,0.0,6.0,5.0,3.0,1.0
2024,12,piastri,mclaren,5,4,4,Finished,12.0,52,British Grand Prix,Silverstone,2024-07-07,conventional,5,0 days 00:01:30.895000,0 days 00:01:26.733000,0 days 00:01:26.237000,12,1,0,0,11.333333333333334,5.333333333333333,0.0,24.0,13.5,4.0,13.666666666666666,4.0,10,6.0,5.333333333333333,4.0,-1.0,0.0,1.0,6.0,5.829628255950427,6.0,0.0,8.0,5.0,3.0,3.0
2024,13,piastri,mclaren,2,1,1,Finished,25.0,70,Hungarian Grand Prix,Budapest,2024-07-21,conventional,2,0 days 00:01:17.504000,0 days 00:01:15.785000,0 days 00:01:15.249000,25,1,1,0,9.333333333333334,6.333333333333333,0.0,25.0,21.5,1.5,13.166666666666666,4.333333333333333,5,12.0,6.333333333333333,5.0,3.0,3.0,0.0,12.0,12.660305769445294,13.0,0.0,8.0,5.0,3.0,3.0
2024,14,piastri,mclaren,5,2,2,Finished,18.0,44,Belgian Grand Prix,Spa-Francorchamps,2024-07-28,conventional,6,0 days 00:01:54.835000,0 days 00:01:54.136000,0 days 00:01:54.027000,18,1,1,0,14.333333333333334,5.666666666666667,0.0,26.0,14.0,5.5,15.666666666666666,3.6666666666666665,2,25.0,5.666666666666667,4.0,-2.0,0.0,2.0,12.0,15.222423871783652,6.0,0.0,21.0,0.0,3.0,21.0
2024,15,piastri,mclaren,3,4,4,Finished,12.0,72,Dutch Grand Prix,Zandvoort,2024-08-25,conventional,3,0 days 00:01:11.541000,0 days 00:01:10.505000,0 days 00:01:10.172000,12,1,0,0,18.333333333333332,4.333333333333333,0.0,27.0,18.5,2.0,16.333333333333332,3.6666666666666665,6,18.0,4.333333333333333,4.0,1.0,1.0,0.0,15.0,15.875398836395531,0.0,3.0,25.0,0.0,3.0,25.0
2024,16,piastri,mclaren,2,2,2,Finished,18.0,53,Italian Grand Prix,Monza,2024-09-01,conventional,2,0 days 00:01:20.076000,0 days 00:01:19.808000,0 days 00:01:19.436000,18,1,1,0,18.333333333333332,3.6666666666666665,0.0,28.0,16.5,1.5,18.0,3.0,3,12.0,3.6666666666666665,3.0,1.0,1.0,0.0,12.0,15.621569046077154,6.0,0.0,19.0,3.0,3.0,16.0
2024,17,piastri,mclaren,2,1,1,Finished,25.0,51,Azerbaijan Grand Prix,Baku,2024-09-15,conventional,2,0 days 00:01:43.033000,0 days 00:01:42.598000,0 days 00:01:41.686000,25,1,1,0,16.0,3.6666666666666665,0.0,29.0,18.5,9.0,16.333333333333332,3.0,2,18.0,3.6666666666666665,3.0,1.0,1.0,0.0,18.0,17.308783011929116,7.0,0.0,12.0,3.0,3.0,9.0
2024,18,piastri,mclaren,5,3,3,Finished,15.0,62,Singapore Grand Prix,Marina Bay,2024-09-22,conventional,5,0 days 00:01:30.258000,0 days 00:01:29.640000,0 days 00:01:29.953000,15,1,1,0,18.333333333333332,2.3333333333333335,0.0,30.0,20.0,3.0,17.833333333333332,4.166666666666667,2,25.0,2.3333333333333335,1.0,-4.0,0.0,4.0,10.0,12.050944306724883,5.0,0.0,13.0,3.0,3.0,10.0
2024,20,piastri,mclaren,17,8,8,Finished,4.0,71,Mexico City Grand Prix,Mexico City,2024-10-27,conventional,17,0 days 00:01:17.597000,,,4,1,0,0,19.333333333333332,3.0,0.0,31.0,11.0,10.0,18.333333333333332,4.5,5,15.0,3.0,1.0,-16.0,0.0,16.0,12.0,8.333986672035389,0.0,8.0,18.0,0.0,3.0,18.0
2024,22,piastri,mclaren,8,7,7,Finished,6.0,50,Las Vegas Grand Prix,Las Vegas,2024-11-23,conventional,8,0 days 00:01:33.450000,0 days 00:01:33.024000,0 days 00:01:33.033000,6,1,0,0,14.666666666666666,8.0,0.0,32.0,7.0,7.0,16.5,7.333333333333333,17,4.0,8.0,7.0,-1.0,0.0,1.0,10.0,9.856610306474401,0.0,4.0,12.0,8.0,3.0,4.0
2024,24,piastri,mclaren,2,10,10,Finished,1.0,58,Abu Dhabi Grand Prix,Yas Island,2024-12-08,conventional,2,0 days 00:01:23.640000,0 days 00:01:23.199000,0 days 00:01:22.804000,1,1,0,0,8.333333333333334,10.0,0.0,33.0,13.0,1.5,12.666666666666666,6.666666666666667,8,6.0,10.0,10.0,8.0,8.0,0.0,15.0,14.86000294139726,0.0,14.0,5.0,12.0,3.0,-7.0
2025,1,piastri,mclaren,2,9,9,Finished,2.0,57,Australian Grand Prix,Melbourne,2025-03-16,conventional,2,0 days 00:01:16.062000,0 days 00:01:15.468000,0 days 00:01:15.180000,2,1,0,0,3.6666666666666665,9.0,0.0,34.0,13.5,1.5,10.333333333333334,6.166666666666667,2,1.0,9.0,8.0,6.0,6.0,0.0,12.0,13.089615236090172,0.0,10.0,0.0,0.0,0.0,0.0
2025,3,piastri,mclaren,3,3,3,Finished,15.0,53,Japanese Grand Prix,Suzuka,2025-04-06,conventional,3,0 days 00:01:27.687000,0 days 00:01:27.507000,0 days 00:01:27.027000,15,1,1,0,3.0,4.0,0.0,35.0,16.5,2.5,11.166666666666666,3.3333333333333335,2,2.0,4.0,2.0,-1.0,0.0,1.0,15.0,12.222542678992383,0.0,0.0,0.0,10.0,1.0,-10.0
2025,4,piastri,mclaren,1,1,1,Finished,25.0,57,Bahrain Grand Prix,Sakhir,2025-04-13,conventional,1,0 days 00:01:31.392000,0 days 00:01:30.454000,0 days 00:01:29.841000,25,1,1,0,6.0,2.3333333333333335,0.0,36.0,20.0,3.5,14.333333333333334,1.8333333333333333,3,15.0,2.3333333333333335,2.0,1.0,1.0,0.0,25.0,13.202914580428173,0.0,0.0,0.0,10.0,2.0,-10.0
2025,5,piastri,mclaren,2,1,1,Finished,25.0,50,Saudi Arabian Grand Prix,Jeddah,2025-04-20,conventional,2,0 days 00:01:27.901000,0 days 00:01:27.545000,0 days 00:01:27.304000,25,1,1,0,14.0,2.0,0.0,37.0,18.5,6.0,16.666666666666668,2.5,1,25.0,2.0,1.0,-1.0,0.0,1.0,25.0,19.848142105144074,0.0,0.0,0.0,10.0,3.0,-10.0
2025,7,piastri,mclaren,1,3,3,Finished,15.0,63,Emilia Romagna Grand Prix,Imola,2025-05-18,conventional,1,0 days 00:01:15.500000,0 days 00:01:15.214000,0 days 00:01:14.670000,15,1,1,0,21.666666666666668,2.0,0.0,38.0,16.5,2.5,18.333333333333332,4.0,2,25.0,2.0,1.0,0.0,0.0,-0.0,25.0,20.326191883014168,0.0,10.0,0.0,0.0,3.0,0.0
2025,8,piastri,mclaren,3,3,3,Finished,15.0,78,Monaco Grand Prix,Monaco,2025-05-25,conventional,3,0 days 00:01:11.308000,0 days 00:01:10.858000,0 days 00:01:10.129000,15,1,1,0,21.666666666666668,1.3333333333333333,0.0,39.0,20.0,2.0,18.333333333333332,4.0,1,15.0,1.3333333333333333,1.0,-2.0,0.0,2.0,18.0,16.22940881713916,0.0,3.0,0.0,10.0,3.0,-10.0
2025,9,piastri,mclaren,1,1,1,Finished,25.0,66,Spanish Grand Prix,Barcelona,2025-06-01,conventional,1,0 days 00:01:12.551000,0 days 00:01:11.998000,0 days 00:01:11.546000,25,1,1,0,18.333333333333332,2.0,0.0,40.0,21.5,1.5,18.333333333333332,3.5,3,15.0,2.0,1.0,0.0,0.0,-0.0,18.0,16.368381451443568,7.0,0.0,0.0,13.0,3.0,-13.0
2025,10,piastri,mclaren,3,4,4,Finished,12.0,70,Canadian Grand Prix,Montréal,2025-06-15,conventional,3,0 days 00:01:11.939000,0 days 00:01:11.715000,0 days 00:01:11.120000,12,1,0,0,18.333333333333332,1.6666666666666667,0.0,41.0,6.0,5.0,19.333333333333332,2.0,1,25.0,1.6666666666666667,1.0,-2.0,0.0,2.0,25.0,15.051956566294466,0.0,13.0,7.0,13.0,3.0,-6.0
2025,11,piastri,mclaren,3,2,2,Finished,18.0,70,Austrian Grand Prix,Spielberg,2025-06-29,conventional,3,0 days 00:01:04.966000,0 days 00:01:04.556000,0 days 00:01:04.554000,18,1,1,0,17.333333333333332,2.3333333333333335,0.0,42.0,21.5,2.0,15.833333333333334,2.8333333333333335,3,12.0,2.3333333333333335,1.0,-2.0,0.0,2.0,25.0,16.507277440280888,0.0,7.0,7.0,16.0,3.0,-9.0
2025,12,piastri,mclaren,2,2,2,Finished,18.0,52,British Grand Prix,Silverstone,2025-07-06,conventional,2,0 days 00:01:25.963000,0 days 00:01:25.316000,0 days 00:01:24.995000,18,1,1,0,18.333333333333332,2.3333333333333335,0.0,43.0,21.5,2.5,16.333333333333332,2.8333333333333335,3,18.0,2.3333333333333335,1.0,-1.0,0.0,1.0,18.0,19.623085041170995,0.0,0.0,7.0,20.0,3.0,-13.0
2025,14,piastri,mclaren,2,2,2,Finished,18.0,70,Hungarian Grand Prix,Budapest,2025-08-03,conventional,2,0 days 00:01:15.211000,0 days 00:01:14.941000,0 days 00:01:15.398000,18,1,1,0,16.0,2.6666666666666665,0.0,44.0,21.5,2.5,16.333333333333332,3.1666666666666665,2,18.0,2.6666666666666665,1.0,-1.0,0.0,1.0,25.0,21.541146296231428,0.0,7.0,0.0,20.0,3.0,-20.0
2025,15,piastri,mclaren,1,1,1,Finished,25.0,72,Dutch Grand Prix,Zandvoort,2025-08-31,conventional,1,0 days 00:01:09.338000,0 days 00:01:08.964000,0 days 00:01:08.662000,25,1,1,0,18.0,2.3333333333333335,0.0,45.0,12.5,1.5,21.5,2.3333333333333335,2,18.0,2.3333333333333335,2.0,1.0,1.0,0.0,25.0,19.060405048825682,0.0,0.0,0.0,14.0,3.0,-14.0
2025,16,piastri,mclaren,3,3,3,Finished,15.0,53,Italian Grand Prix,Monza,2025-09-07,conventional,3,0 days 00:01:19.711000,0 days 00:01:19.286000,0 days 00:01:18.982000,15,1,1,0,20.333333333333332,1.6666666666666667,0.0,46.0,16.5,2.5,18.5,2.1666666666666665,1,25.0,1.6666666666666667,1.0,-2.0,0.0,2.0,15.0,14.972653534787561,0.0,0.0,0.0,7.0,3.0,-7.0
2025,17,piastri,mclaren,9,20,R,Retired,0.0,0,Azerbaijan Grand Prix,Baku,2025-09-21,conventional,9,0 days 00:01:41.839000,0 days 00:01:41.414000,,0,0,0,0,19.333333333333332,2.0,0.0,47.0,3.0,8.0,16.833333333333332,2.1666666666666665,3,15.0,2.0,1.0,-8.0,0.0,8.0,12.0,9.401896833777325,0.0,12.0,0.0,7.0,3.0,-7.0
2025,18,piastri,mclaren,3,4,4,Finished,12.0,62,Singapore Grand Prix,Marina Bay,2025-10-05,conventional,3,0 days 00:01:30.313000,0 days 00:01:29.813000,0 days 00:01:29.524000,12,1,0,0,13.333333333333334,4.333333333333333,0.0,48.0,13.5,4.0,10.666666666666666,4.0,9,0.0,4.333333333333333,3.0,0.0,0.0,-0.0,15.0,15.80410306255543,0.0,3.0,0.0,12.0,3.0,-12.0
2025,20,piastri,mclaren,7,5,5,Finished,10.0,71,Mexico City Grand Prix,Mexico City,2025-10-26,conventional,8,0 days 00:01:17.158000,0 days 00:01:16.737000,0 days 00:01:16.174000,10,1,0,0,9.0,5.0,0.0,49.0,17.5,4.5,11.0,4.833333333333333,3,12.0,5.0,5.0,-3.0,0.0,3.0,6.0,6.913958191164845,4.0,0.0,0.0,15.0,3.0,-15.0
2025,22,piastri,mclaren,5,20,D,Disqualified,0.0,50,Las Vegas Grand Prix,Las Vegas,2025-11-22,conventional,5,0 days 00:01:54.544000,0 days 00:01:52.126000,0 days 00:01:48.961000,0,0,0,0,7.333333333333333,6.666666666666667,0.0,50.0,0.0,3.0,11.333333333333334,5.5,8,10.0,6.666666666666667,6.0,1.0,1.0,0.0,12.0,6.73798259529031,0.0,12.0,4.0,15.0,3.0,-11.0
2025,24,piastri,mclaren,3,2,2,Finished,18.0,58,Abu Dhabi Grand Prix,Yas Island,2025-12-07,conventional,3,0 days 00:01:22.605000,0 days 00:01:23.021000,0 days 00:01:22.437000,18,1,1,0,7.333333333333333,5.333333333333333,0.0,51.0,16.5,2.5,10.333333333333334,3.8333333333333335,5,0.0,5.333333333333333,4.0,1.0,1.0,0.0,12.0,14.336741320957513,6.0,0.0,4.0,15.0,3.0,-11.0
2020,16,pietro_fittipaldi,haas,20,17,17,Finished,0.0,87,Sakhir Grand Prix,Sakhir,2020-12-06,conventional,20,0 days 00:00:55.426000,,,0,0,0,0,,,,0.0,0.0,18.0,0.0,17.5,,,,,,,,,,,,0.0,0.0,0.0,0.0
2020,17,pietro_fittipaldi,haas,17,19,19,+2 Laps,0.0,53,Abu Dhabi Grand Prix,Yas Island,2020-12-13,conventional,19,0 days 00:01:38.173000,,,0,0,0,0,0.0,20.0,0.0,1.0,0.0,18.0,0.0,18.0,20,0.0,20.0,20.0,1.0,1.0,0.0,0.0,1.832023776102497,0.0,0.0,0.0,0.0,0.0,0.0
2018,1,raikkonen,ferrari,2,3,3,Finished,15.0,58,Australian Grand Prix,Melbourne,2018-03-25,conventional,2,0 days 00:01:23.096000,0 days 00:01:22.507000,0 days 00:01:21.828000,15,1,1,0,,,,0.0,20.0,2.5,,,,,,,,,,,,,,0.0,0.0,0.0,0.0
2018,2,raikkonen,ferrari,2,18,R,Wheel,0.0,35,Bahrain Grand Prix,Sakhir,2018-04-08,conventional,2,0 days 00:01:28.951000,0 days 00:01:28.515000,0 days 00:01:28.101000,0,0,0,0,15.0,2.0,0.0,1.0,12.5,1.5,20.0,2.5,2,15.0,,,,,,,,,,0.0,0.0,0.0,0.0
2018,3,raikkonen,ferrari,2,3,3,Finished,15.0,56,Chinese Grand Prix,Shanghai,2018-04-15,conventional,2,0 days 00:01:32.474000,0 days 00:01:32.286000,0 days 00:01:31.182000,15,1,1,0,7.5,2.0,0.0,2.0,9.5,1.5,16.25,2.0,2,0.0,,,,,,,,,,0.0,0.0,0.0,0.0
2018,4,raikkonen,ferrari,6,2,2,Finished,18.0,51,Azerbaijan Grand Prix,Baku,2018-04-29,conventional,6,0 days 00:01:42.538000,0 days 00:01:42.510000,0 days 00:01:42.490000,18,1,1,0,10.0,2.0,0.0,3.0,15.0,3.5,14.0,1.8333333333333333,2,15.0,,,,,,,,,,0.0,0.0,0.0,0.0
2018,5,raikkonen,ferrari,4,17,R,Turbo,0.0,25,Spanish Grand Prix,Barcelona,2018-05-13,conventional,4,0 days 00:01:17.483000,0 days 00:01:17.071000,0 days 00:01:16.612000,0,0,0,0,11.0,3.3333333333333335,0.0,4.0,6.0,3.5,12.333333333333334,2.1666666666666665,6,18.0,,,,,,,,,,0.0,0.0,0.0,0.0
2018,6,raikkonen,ferrari,4,4,4,Finished,12.0,78,Monaco Grand Prix,Monte Carlo,2018-05-27,conventional,4,0 days 00:01:12.639000,0 days 00:01:11.391000,0 days 00:01:11.266000,12,1,0,0,11.0,4.0,0.0,5.0,15.0,3.0,10.166666666666666,2.8333333333333335,4,0.0,,,,,,,,,,0.0,0.0,0.0,0.0
2018,7,raikkonen,ferrari,5,6,6,Finished,8.0,68,Canadian Grand Prix,Montréal,2018-06-10,conventional,5,0 days 00:01:11.725000,0 days 00:01:11.620000,0 days 00:01:11.095000,8,1,0,0,10.0,4.666666666666667,0.0,6.0,16.5,3.0,12.0,3.3333333333333335,4,12.0,,,,,,,,,,0.0,0.0,0.0,0.0
2018,8,raikkonen,ferrari,6,3,3,Finished,15.0,53,French Grand Prix,Le Castellet,2018-06-24,conventional,6,0 days 00:01:31.567000,0 days 00:01:30.772000,0 days 00:01:31.057000,15,1,1,0,6.666666666666667,4.333333333333333,0.0,7.0,12.5,4.5,12.5,3.1666666666666665,5,8.0,,,,,,,,,,0.0,0.0,0.0,0.0
2018,9,raikkonen,ferrari,3,2,2,Finished,18.0,71,Austrian Grand Prix,Spielberg,2018-07-01,conventional,4,0 days 00:01:04.234000,0 days 00:01:03.975000,0 days 00:01:03.660000,18,1,1,0,11.666666666666666,5.0,0.0,8.0,16.5,3.5,14.666666666666666,3.5,6,15.0,,,,,,,,,,0.0,0.0,0.0,0.0
2018,10,raikkonen,ferrari,3,3,3,Finished,15.0,52,British Grand Prix,Silverstone,2018-07-08,conventional,3,0 days 00:01:27.549000,0 days 00:01:26.483000,0 days 00:01:25.990000,15,1,1,0,13.666666666666666,5.0,0.0,9.0,20.0,2.5,15.166666666666666,3.6666666666666665,4,18.0,,,,,,,,,,0.0,0.0,0.0,0.0
2018,11,raikkonen,ferrari,3,3,3,Finished,15.0,67,German Grand Prix,Hockenheim,2018-07-22,conventional,3,0 days 00:01:12.505000,0 days 00:01:12.336000,0 days 00:01:11.547000,15,1,1,0,16.0,4.333333333333333,0.0,10.0,7.5,2.0,16.333333333333332,3.5,3,15.0,,,,,,,,,,0.0,0.0,0.0,0.0
2018,12,raikkonen,ferrari,3,3,3,Finished,15.0,70,Hungarian Grand Prix,Budapest,2018-07-29,conventional,3,0 days 00:01:17.526000,0 days 00:01:32.762000,0 days 00:01:36.186000,15,1,1,0,16.0,3.3333333333333335,0.0,11.0,16.5,3.5,14.666666666666666,2.6666666666666665,3,15.0,,,,,,,,,,0.0,0.0,0.0,0.0
2018,13,raikkonen,ferrari,6,17,R,Brakes,0.0,8,Belgian Grand Prix,Spa-Francorchamps,2018-08-26,conventional,6,0 days 00:01:42.585000,0 days 00:01:41.533000,0 days 00:02:02.671000,0,0,0,0,15.0,3.0,0.0,12.0,12.5,4.0,14.666666666666666,2.6666666666666665,3,15.0,,,,,,,,,,0.0,0.0,0.0,0.0
2018,14,raikkonen,ferrari,1,2,2,Finished,18.0,53,Italian Grand Prix,Monza,2018-09-02,conventional,1,0 days 00:01:20.722000,0 days 00:01:19.846000,0 days 00:01:19.119000,18,1,1,0,10.0,4.0,0.0,13.0,15.0,1.5,12.166666666666666,3.1666666666666665,6,0.0,,,,,,,,,,0.0,0.0,0.0,0.0
2018,15,raikkonen,ferrari,5,5,5,Finished,10.0,61,Singapore Grand Prix,Singapore,2018-09-16,conventional,5,0 days 00:01:38.534000,0 days 00:01:37.194000,0 days 00:01:36.794000,10,1,0,0,11.0,3.3333333333333335,0.0,14.0,12.5,4.0,14.666666666666666,3.0,1,18.0,,,,,,,,,,0.0,0.0,0.0,0.0
2018,16,raikkonen,ferrari,4,4,4,Finished,12.0,53,Russian Grand Prix,Sochi,2018-09-30,conventional,4,0 days 00:01:33.341000,0 days 00:01:33.065000,0 days 00:01:32.237000,12,1,0,0,9.333333333333334,4.0,0.0,15.0,13.5,3.5,13.333333333333334,3.1666666666666665,5,10.0,,,,,,,,,,0.0,0.0,0.0,0.0
2018,17,raikkonen,ferrari,4,5,5,Finished,10.0,53,Japanese Grand Prix,Suzuka,2018-10-07,conventional,4,0 days 00:01:29.631000,0 days 00:01:28.595000,0 days 00:01:29.521000,10,1,0,0,13.333333333333334,3.3333333333333335,0.0,16.0,9.0,6.5,13.666666666666666,3.0,4,12.0,,,,,,,,,,0.0,0.0,0.0,0.0
2018,18,raikkonen,ferrari,2,1,1,Finished,25.0,56,United States Grand Prix,Austin,2018-10-21,conventional,3,0 days 00:01:34.703000,0 days 00:01:32.884000,0 days 00:01:32.307000,25,1,1,0,10.666666666666666,4.333333333333333,0.0,17.0,18.5,2.5,11.666666666666666,4.666666666666667,4,10.0,,,,,,,,,,0.0,0.0,0.0,0.0
2018,19,raikkonen,ferrari,6,3,3,Finished,15.0,71,Mexican Grand Prix,Mexico City,2018-10-28,conventional,6,0 days 00:01:16.446000,0 days 00:01:15.996000,0 days 00:01:15.330000,15,1,1,0,15.666666666666666,3.6666666666666665,0.0,18.0,16.5,5.0,13.666666666666666,4.166666666666667,3,25.0,,,,,,,,,,0.0,0.0,0.0,0.0
2018,20,raikkonen,ferrari,4,3,3,Finished,15.0,71,Brazilian Grand Prix,São Paulo,2018-11-11,conventional,4,0 days 00:01:08.452000,0 days 00:01:08.028000,0 days 00:01:07.456000,15,1,1,0,16.666666666666668,4.333333333333333,0.0,19.0,11.5,3.0,14.666666666666666,4.666666666666667,6,15.0,,,,,,,,,,0.0,0.0,0.0,0.0
2018,21,raikkonen,ferrari,4,19,R,Power loss,0.0,6,Abu Dhabi Grand Prix,Yas Marina,2018-11-25,conventional,4,0 days 00:01:37.010000,0 days 00:01:36.735000,0 days 00:01:35.365000,0,0,0,0,18.333333333333332,4.333333333333333,0.0,20.0,9.0,3.5,15.5,3.5,4,15.0,,,,,,,,,,0.0,0.0,0.0,0.0
2019,1,raikkonen,alfa,9,8,8,+1 Lap,4.0,57,Australian Grand Prix,Melbourne,2019-03-17,conventional,9,0 days 00:01:22.966000,0 days 00:01:22.349000,0 days 00:01:22.314000,4,1,0,0,10.0,4.666666666666667,0.0,21.0,2.0,11.5,,,4,0.0,,,,,,,,,,0.0,0.0,0.0,0.0
2019,2,raikkonen,alfa,8,7,7,Finished,6.0,57,Bahrain Grand Prix,Sakhir,2019-03-31,conventional,9,0 days 00:01:29.959000,0 days 00:01:29.471000,0 days 00:01:29.022000,6,1,0,0,6.333333333333333,5.666666666666667,0.0,22.0,3.0,12.5,2.0,11.5,9,4.0,,,,,,,,,,0.0,0.0,0.0,0.0
2019,3,raikkonen,alfa,13,9,9,+1 Lap,2.0,55,Chinese Grand Prix,Shanghai,2019-04-14,conventional,13,0 days 00:01:34.125000,0 days 00:01:33.419000,,2,1,0,0,3.3333333333333335,7.333333333333333,0.0,23.0,2.0,13.0,2.5,12.0,9,6.0,,,,,,,,,,0.0,0.0,0.0,0.0
2019,4,raikkonen,alfa,0,10,10,+1 Lap,1.0,50,Azerbaijan Grand Prix,Baku,2019-04-28,conventional,19,,,,1,1,0,0,4.0,10.333333333333334,0.0,24.0,0.5,13.5,2.3333333333333335,12.333333333333334,13,2.0,,,,,,,,,,0.0,0.0,0.0,0.0
2019,5,raikkonen,alfa,14,14,14,Finished,0.0,66,Spanish Grand Prix,Barcelona,2019-05-12,conventional,14,0 days 00:01:18.132000,0 days 00:01:17.788000,,0,0,0,0,3.0,13.666666666666666,0.0,25.0,0.0,16.0,1.8333333333333333,13.0,19,1.0,,,,,,,,,,0.0,0.0,0.0,0.0
2019,6,raikkonen,alfa,14,17,17,+1 Lap,0.0,77,Monaco Grand Prix,Monte Carlo,2019-05-26,conventional,14,0 days 00:01:11.993000,0 days 00:01:12.115000,,0,0,0,0,1.0,15.333333333333334,0.0,26.0,0.0,14.5,0.8333333333333334,14.166666666666666,14,0.0,,,,,,,,,,0.0,0.0,0.0,0.0
2019,7,raikkonen,alfa,16,15,15,+1 Lap,0.0,69,Canadian Grand Prix,Montréal,2019-06-09,conventional,17,0 days 00:01:12.230000,,,0,0,0,0,0.3333333333333333,15.666666666666666,0.0,27.0,0.0,15.0,0.16666666666666666,14.666666666666666,14,0.0,,,,,,,,,,0.0,0.0,0.0,0.0
2019,8,raikkonen,alfa,12,7,7,+1 Lap,6.0,52,French Grand Prix,Le Castellet,2019-06-23,conventional,12,0 days 00:01:30.972000,0 days 00:01:30.533000,,6,1,0,0,0.0,15.0,0.0,28.0,3.0,11.0,0.0,15.166666666666666,17,0.0,,,,,,,,,,0.0,0.0,0.0,0.0
2019,9,raikkonen,alfa,6,9,9,+1 Lap,2.0,70,Austrian Grand Prix,Spielberg,2019-06-30,conventional,7,0 days 00:01:04.615000,0 days 00:01:04.056000,0 days 00:01:04.166000,2,1,0,0,2.0,14.333333333333334,0.0,29.0,1.5,7.5,1.0,13.5,12,6.0,,,,,,,,,,0.0,0.0,0.0,0.0
2019,10,raikkonen,alfa,12,8,8,Finished,4.0,52,British Grand Prix,Silverstone,2019-07-14,conventional,12,0 days 00:01:26.558000,0 days 00:01:26.546000,,4,1,0,0,2.6666666666666665,12.0,0.0,30.0,2.0,11.5,1.5,11.166666666666666,7,2.0,,,,,,,,,,0.0,0.0,0.0,0.0
2019,11,raikkonen,alfa,5,12,12,Finished,0.0,64,German Grand Prix,Hockenheim,2019-07-28,conventional,5,0 days 00:01:13.066000,0 days 00:01:12.519000,0 days 00:01:12.538000,0,0,0,0,4.0,10.333333333333334,0.0,31.0,0.0,8.0,2.1666666666666665,10.0,12,4.0,,,,,,,,,,0.0,0.0,0.0,0.0
2019,12,raikkonen,alfa,10,7,7,+1 Lap,6.0,69,Hungarian Grand Prix,Budapest,2019-08-04,conventional,10,0 days 00:01:16.506000,0 days 00:01:16.518000,0 days 00:01:16.041000,6,1,0,0,2.0,8.0,0.0,32.0,3.0,12.0,1.1666666666666667,9.0,5,0.0,,,,,,,,,,0.0,0.0,0.0,0.0
2019,13,raikkonen,alfa,6,16,16,+1 Lap,0.0,43,Belgian Grand Prix,Spa-Francorchamps,2019-09-01,conventional,8,0 days 00:01:45.842000,0 days 00:01:44.140000,0 days 00:01:44.557000,0,0,0,0,3.3333333333333335,9.0,0.0,33.0,0.0,11.5,1.6666666666666667,10.5,10,6.0,,,,,,,,,,0.0,0.0,0.0,0.0
2019,14,raikkonen,alfa,0,15,15,+1 Lap,0.0,52,Italian Grand Prix,Monza,2019-09-08,conventional,10,0 days 00:01:20.634000,0 days 00:01:20.515000,,0,0,0,0,2.0,7.666666666666667,0.0,34.0,1.0,10.5,1.0,10.5,8,0.0,,,,,,,,,,0.0,0.0,0.0,0.0
2019,15,raikkonen,alfa,12,18,R,Collision,0.0,49,Singapore Grand Prix,Singapore,2019-09-22,conventional,13,0 days 00:01:39.454000,0 days 00:01:38.858000,,0,0,0,1,2.0,9.333333333333334,0.0,35.0,0.5,12.0,1.3333333333333333,11.333333333333334,10,0.0,,,,,,,,,,0.0,0.0,0.0,0.0
2019,16,raikkonen,alfa,15,13,13,Finished,0.0,53,Russian Grand Prix,Sochi,2019-09-29,conventional,16,0 days 00:01:34.840000,,,0,0,0,0,0.0,10.333333333333334,0.1,36.0,0.0,14.5,0.5,11.333333333333334,13,0.0,,,,,,,,,,0.0,0.0,0.0,0.0
2019,17,raikkonen,alfa,13,12,12,+1 Lap,0.0,51,Japanese Grand Prix,Suzuka,2019-10-13,conventional,13,0 days 00:01:29.636000,0 days 00:01:29.358000,,0,0,0,0,0.0,13.0,0.1,37.0,0.0,12.0,0.5,12.333333333333334,16,0.0,,,,,,,,,,0.0,0.0,0.0,0.0
2019,18,raikkonen,alfa,14,19,R,Overheating,0.0,58,Mexican Grand Prix,Mexico City,2019-10-27,conventional,14,0 days 00:01:17.225000,0 days 00:01:16.967000,,0,0,0,0,0.0,14.0,0.1,38.0,0.0,14.5,0.16666666666666666,12.833333333333334,13,0.0,,,,,,,,,,0.0,0.0,0.0,0.0
2019,19,raikkonen,alfa,17,11,11,+1 Lap,0.0,55,United States Grand Prix,Austin,2019-11-03,conventional,17,0 days 00:01:34.369000,,,0,0,0,0,0.0,14.333333333333334,0.1,39.0,0.0,16.5,0.0,13.666666666666666,14,0.0,,,,,,,,,,0.0,0.0,0.0,0.0
2019,20,raikkonen,alfa,8,4,4,Finished,12.0,71,Brazilian Grand Prix,São Paulo,2019-11-17,conventional,9,0 days 00:01:09.276000,0 days 00:01:08.858000,0 days 00:01:08.984000,12,1,0,0,0.0,14.666666666666666,0.1,40.0,11.0,11.0,0.0,14.333333333333334,17,0.0,,,,,,,,,,0.0,0.0,0.0,0.0
2019,21,raikkonen,alfa,17,13,13,+1 Lap,0.0,54,Abu Dhabi Grand Prix,Yas Island,2019-12-01,conventional,18,0 days 00:01:38.383000,,,0,0,0,0,4.0,13.333333333333334,0.1,41.0,0.0,17.5,3.6666666666666665,14.0,9,12.0,,,,,,,,,,0.0,0.0,0.0,0.0
2020,1,raikkonen,alfa,19,14,R,Wheel,0.0,53,Austrian Grand Prix,Spielberg,2020-07-05,conventional,19,0 days 00:01:05.224000,,,0,0,0,0,4.0,14.666666666666666,0.1,42.0,1.0,18.5,3.6666666666666665,15.0,18,0.0,14.666666666666666,13.0,-6.0,0.0,6.0,0.0,2.5756854676850987,0.0,0.0,0.0,0.0,0.0,0.0
2020,2,raikkonen,alfa,16,11,11,+1 Lap,0.0,70,Styrian Grand Prix,Spielberg,2020-07-12,conventional,16,0 days 00:01:21.140000,,,0,0,0,0,4.0,15.333333333333334,0.1,43.0,0.0,17.5,4.0,15.666666666666666,19,0.0,15.333333333333334,17.0,1.0,1.0,0.0,0.0,1.6805027254020803,0.0,0.0,0.0,0.0,1.0,0.0
2020,3,raikkonen,alfa,20,15,15,+1 Lap,0.0,69,Hungarian Grand Prix,Budapest,2020-07-19,conventional,20,0 days 00:01:16.614000,,,0,0,0,0,0.0,17.666666666666668,0.1,44.0,0.0,19.5,0.3333333333333333,17.833333333333332,16,0.0,17.666666666666668,18.0,-2.0,0.0,2.0,0.0,1.6548393639007126,0.0,0.0,0.0,0.0,2.0,0.0
2020,4,raikkonen,alfa,16,17,17,+1 Lap,0.0,51,British Grand Prix,Silverstone,2020-08-02,conventional,18,0 days 00:01:27.366000,,,0,0,0,0,0.0,18.333333333333332,0.1,45.0,0.0,17.5,0.3333333333333333,18.5,20,0.0,18.333333333333332,19.0,1.0,1.0,0.0,0.0,0.5330660952591018,0.0,0.0,0.0,0.0,3.0,0.0
2020,5,raikkonen,alfa,20,15,15,+1 Lap,0.0,51,70th Anniversary Grand Prix,Silverstone,2020-08-09,conventional,20,0 days 00:01:28.493000,,,0,0,0,0,0.0,18.0,0.0,46.0,0.0,19.5,0.0,18.166666666666668,18,0.0,18.0,18.0,-2.0,0.0,2.0,0.0,1.1426521265053418,0.0,0.0,0.0,0.0,3.0,0.0
2020,6,raikkonen,alfa,14,14,14,+1 Lap,0.0,65,Spanish Grand Prix,Barcelona,2020-08-16,conventional,14,0 days 00:01:17.797000,0 days 00:01:17.386000,,0,0,0,0,0.0,19.333333333333332,0.0,47.0,0.0,17.0,0.0,18.833333333333332,20,0.0,19.333333333333332,20.0,6.0,6.0,0.0,0.0,1.0399227085860776,0.0,0.0,0.0,0.0,3.0,0.0
2020,7,raikkonen,alfa,16,12,12,Finished,0.0,44,Belgian Grand Prix,Spa-Francorchamps,2020-08-30,conventional,16,0 days 00:01:43.743000,,,0,0,0,0,0.0,17.333333333333332,0.0,48.0,0.0,17.0,0.0,18.0,14,0.0,17.333333333333332,18.0,2.0,2.0,0.0,0.0,0.41126722749074407,0.0,0.0,0.0,0.0,3.0,0.0
2020,8,raikkonen,alfa,14,13,13,Finished,0.0,53,Italian Grand Prix,Monza,2020-09-06,conventional,14,0 days 00:01:21.010000,0 days 00:01:20.926000,,0,0,0,0,0.0,16.666666666666668,0.0,49.0,0.0,16.0,0.0,17.833333333333332,16,0.0,16.666666666666668,17.0,3.0,3.0,0.0,0.0,0.13499961422896956,0.0,0.0,0.0,0.0,3.0,0.0
2020,9,raikkonen,alfa,13,9,9,Finished,2.0,59,Tuscan Grand Prix,Mugello,2020-09-13,conventional,13,0 days 00:01:17.059000,0 days 00:01:16.854000,,2,1,0,0,0.0,14.666666666666666,0.0,50.0,1.0,15.0,0.0,16.666666666666668,14,0.0,14.666666666666666,15.0,2.0,2.0,0.0,0.0,0.7572484141258888,2.0,0.0,0.0,0.0,3.0,0.0
2020,10,raikkonen,alfa,19,14,14,+1 Lap,0.0,52,Russian Grand Prix,Sochi,2020-09-27,conventional,20,0 days 00:01:35.267000,,,0,0,0,0,0.6666666666666666,14.333333333333334,0.0,51.0,0.0,18.5,0.3333333333333333,16.0,13,2.0,14.333333333333334,14.0,-6.0,0.0,6.0,0.0,1.9420133308545617,0.0,0.0,2.0,0.0,3.0,2.0
2020,11,raikkonen,alfa,19,12,12,Finished,0.0,60,Eifel Grand Prix,Nürburgring,2020-10-11,conventional,19,0 days 00:01:27.817000,,,0,0,0,0,0.6666666666666666,15.666666666666666,0.0,52.0,0.5,16.5,0.3333333333333333,16.5,20,0.0,15.666666666666666,16.0,-3.0,0.0,3.0,0.0,0.5068968003861167,0.0,0.0,2.0,0.0,3.0,2.0
2020,12,raikkonen,alfa,16,11,11,+1 Lap,0.0,65,Portuguese Grand Prix,Portimão,2020-10-25,conventional,16,0 days 00:01:18.201000,,,0,0,0,0,0.6666666666666666,17.333333333333332,0.0,53.0,0.0,16.5,0.5,16.666666666666668,19,0.0,17.333333333333332,18.0,2.0,2.0,0.0,0.0,0.8117158331385701,0.0,0.0,2.0,0.0,3.0,2.0
2020,13,raikkonen,alfa,18,9,9,Finished,2.0,63,Emilia Romagna Grand Prix,Imola,2020-11-01,conventional,18,0 days 00:01:15.953000,,,2,1,0,0,0.0,18.333333333333332,0.0,54.0,1.5,19.0,0.16666666666666666,17.166666666666668,16,0.0,18.333333333333332,19.0,1.0,1.0,0.0,0.0,0.42737733228987196,2.0,0.0,0.0,0.0,3.0,0.0
2020,14,raikkonen,alfa,8,15,15,+1 Lap,0.0,57,Turkish Grand Prix,Istanbul,2020-11-15,conventional,8,0 days 00:02:01.249000,0 days 00:01:53.793000,0 days 00:01:52.745000,0,0,0,0,0.6666666666666666,17.666666666666668,0.0,55.0,0.0,9.0,0.6666666666666666,17.333333333333332,18,2.0,17.666666666666668,19.0,11.0,11.0,0.0,0.0,2.2232944519693807,0.0,0.0,2.0,0.0,3.0,2.0
2020,15,raikkonen,alfa,17,15,15,+1 Lap,0.0,56,Bahrain Grand Prix,Sakhir,2020-11-29,conventional,17,0 days 00:01:29.810000,,,0,0,0,0,0.6666666666666666,14.0,0.0,56.0,0.0,16.5,0.5,14.833333333333334,8,0.0,14.0,15.0,-2.0,0.0,2.0,0.0,0.0,0.0,0.0,2.0,0.0,3.0,2.0
2020,16,raikkonen,alfa,18,14,14,Finished,0.0,87,Sakhir Grand Prix,Sakhir,2020-12-06,conventional,19,0 days 00:00:54.963000,,,0,0,0,0,0.6666666666666666,14.333333333333334,0.0,57.0,0.0,16.5,0.5,14.833333333333334,17,0.0,14.333333333333334,14.0,-5.0,0.0,5.0,0.0,1.1414014283595648,0.0,0.0,2.0,0.0,3.0,2.0
2020,17,raikkonen,alfa,15,12,12,+1 Lap,0.0,54,Abu Dhabi Grand Prix,Yas Island,2020-12-13,conventional,16,0 days 00:01:37.555000,,,0,0,0,0,0.0,14.666666666666666,0.0,58.0,0.0,15.0,0.0,14.0,19,0.0,14.666666666666666,17.0,1.0,1.0,0.0,0.0,0.0,0.0,0.0,0.0,0.0,3.0,0.0
2021,1,raikkonen,alfa,14,11,11,Finished,0.0,56,Bahrain Grand Prix,Sakhir,2021-03-28,conventional,14,0 days 00:01:31.547000,0 days 00:01:31.238000,,0,0,0,0,0.0,17.333333333333332,0.0,59.0,0.0,13.0,0.0,16.0,16,0.0,17.333333333333332,12.0,-2.0,0.0,2.0,0.0,0.9775773388199536,0.0,0.0,0.0,0.0,0.0,0.0
2021,2,raikkonen,alfa,16,13,13,Finished,0.0,63,Emilia Romagna Grand Prix,Imola,2021-04-18,conventional,16,0 days 00:01:15.974000,,,0,0,0,0,0.0,16.333333333333332,0.0,60.0,0.0,16.5,0.0,14.833333333333334,14,0.0,16.333333333333332,17.0,1.0,1.0,0.0,0.0,0.0,0.0,0.0,0.0,0.0,1.0,0.0
2021,3,raikkonen,alfa,15,20,R,Collision damage,0.0,1,Portuguese Grand Prix,Portimão,2021-05-02,conventional,15,0 days 00:01:19.748000,0 days 00:01:19.812000,,0,0,0,1,0.0,15.333333333333334,0.0,61.0,0.0,13.5,0.0,14.833333333333334,16,0.0,15.333333333333334,16.0,1.0,1.0,0.0,0.0,0.0,0.0,0.0,0.0,0.0,2.0,0.0
2021,4,raikkonen,alfa,17,12,12,+1 Lap,0.0,65,Spanish Grand Prix,Barcelona,2021-05-09,conventional,17,0 days 00:01:18.917000,,,0,0,0,0,0.0,15.0,0.1,62.0,0.0,15.5,0.0,14.333333333333334,15,0.0,15.0,16.0,-1.0,0.0,1.0,0.0,0.09749804769819903,0.0,0.0,0.0,0.0,3.0,0.0
2021,5,raikkonen,alfa,14,11,11,+1 Lap,0.0,77,Monaco Grand Prix,Monte Carlo,2021-05-23,conventional,14,0 days 00:01:11.899000,0 days 00:01:11.642000,,0,0,0,0,0.0,16.0,0.1,63.0,0.5,12.0,0.0,15.166666666666666,17,0.0,16.0,16.0,2.0,2.0,0.0,0.0,0.15475510658394587,0.0,0.0,0.0,0.0,3.0,0.0
2021,6,raikkonen,alfa,14,10,10,Finished,1.0,51,Azerbaijan Grand Prix,Baku,2021-06-06,conventional,14,0 days 00:01:42.923000,0 days 00:01:42.587000,,1,1,0,0,0.0,15.333333333333334,0.1,64.0,0.5,17.0,0.16666666666666666,13.666666666666666,14,0.0,15.333333333333334,16.0,2.0,2.0,0.0,0.0,2.3790561702482313,1.0,0.0,0.0,0.0,3.0,0.0
2021,7,raikkonen,alfa,17,17,17,+1 Lap,0.0,52,French Grand Prix,Le Castellet,2021-06-20,conventional,17,0 days 00:01:33.354000,,,0,0,0,0,0.3333333333333333,15.0,0.1,65.0,0.0,15.0,0.3333333333333333,14.833333333333334,14,1.0,15.0,16.0,-1.0,0.0,1.0,0.0,0.8074645957687627,0.0,0.0,1.0,0.0,3.0,1.0
2021,8,raikkonen,alfa,18,11,11,+1 Lap,0.0,70,Styrian Grand Prix,Spielberg,2021-06-27,conventional,18,0 days 00:01:05.429000,,,0,0,0,0,0.3333333333333333,15.0,0.1,66.0,0.0,16.5,0.3333333333333333,14.666666666666666,17,0.0,15.0,16.0,-2.0,0.0,2.0,0.0,1.4024570183409284,0.0,0.0,1.0,0.0,3.0,1.0
2021,9,raikkonen,alfa,16,15,15,+1 Lap,0.0,70,Austrian Grand Prix,Spielberg,2021-07-04,conventional,16,0 days 00:01:05.009000,,,0,0,0,0,0.3333333333333333,16.333333333333332,0.1,67.0,0.0,15.5,0.16666666666666666,16.166666666666668,18,0.0,16.333333333333332,18.0,2.0,2.0,0.0,0.0,0.5947394557024923,0.0,0.0,1.0,0.0,3.0,1.0
2021,11,raikkonen,alfa,13,10,10,+1 Lap,1.0,69,Hungarian Grand Prix,Budapest,2021-08-01,conventional,13,0 days 00:01:17.553000,0 days 00:01:17.564000,,1,1,0,0,0.0,17.0,0.1,68.0,0.5,13.5,0.0,15.666666666666666,16,0.0,17.0,18.0,5.0,5.0,0.0,0.0,0.9586935678094717,1.0,0.0,0.0,0.0,3.0,0.0
2021,12,raikkonen,alfa,0,18,18,Finished,0.0,1,Belgian Grand Prix,Spa-Francorchamps,2021-08-29,conventional,19,0 days 00:02:04.452000,,,0,0,0,0,0.3333333333333333,15.666666666666666,0.1,69.0,0.0,17.5,0.16666666666666666,15.166666666666666,13,1.0,15.666666666666666,17.0,-2.0,0.0,2.0,0.0,1.417780007292762,0.0,0.0,1.0,0.0,3.0,1.0
2021,15,raikkonen,alfa,13,8,8,Finished,4.0,53,Russian Grand Prix,Sochi,2021-09-26,conventional,16,0 days 00:01:49.586000,,,4,1,0,0,0.3333333333333333,16.0,0.1,70.0,2.0,17.0,0.16666666666666666,14.5,19,0.0,16.0,17.0,1.0,1.0,0.0,0.0,0.0,4.0,0.0,1.0,0.0,3.0,1.0
2021,16,raikkonen,alfa,17,12,12,+1 Lap,0.0,57,Turkish Grand Prix,Istanbul,2021-10-10,conventional,19,0 days 00:01:27.525000,,,0,0,0,0,1.6666666666666667,16.0,0.1,71.0,0.0,18.5,0.6666666666666666,15.666666666666666,16,4.0,16.0,18.0,-1.0,0.0,1.0,0.0,0.0,0.0,0.0,5.0,0.0,3.0,5.0
2021,17,raikkonen,alfa,15,13,13,+1 Lap,0.0,55,United States Grand Prix,Austin,2021-10-24,conventional,18,0 days 00:01:36.311000,,,0,0,0,0,1.3333333333333333,18.0,0.0,72.0,0.0,15.5,0.6666666666666666,16.0,19,0.0,18.0,19.0,1.0,1.0,0.0,0.0,0.6663782974097483,0.0,0.0,4.0,0.0,3.0,4.0
2021,18,raikkonen,alfa,10,8,8,+1 Lap,4.0,70,Mexico City Grand Prix,Mexico City,2021-11-07,conventional,12,0 days 00:01:17.606000,0 days 00:01:17.958000,,4,1,0,0,1.3333333333333333,17.666666666666668,0.0,73.0,2.0,13.0,0.6666666666666666,17.0,18,0.0,17.666666666666668,19.0,7.0,7.0,0.0,0.0,1.4052176657282338,4.0,0.0,4.0,0.0,3.0,4.0
2021,20,raikkonen,alfa,16,14,14,+1 Lap,0.0,56,Qatar Grand Prix,Lusail,2021-11-21,conventional,16,0 days 00:01:23.156000,,,0,0,0,0,1.3333333333333333,16.333333333333332,0.0,74.0,0.0,17.0,0.6666666666666666,15.666666666666666,12,4.0,16.333333333333332,17.0,1.0,1.0,0.0,0.0,0.8952945889262205,0.0,0.0,4.0,0.0,3.0,4.0
2021,21,raikkonen,alfa,12,15,15,+1 Lap,0.0,49,Saudi Arabian Grand Prix,Jeddah,2021-12-05,conventional,12,0 days 00:01:28.856000,0 days 00:01:28.885000,,0,0,0,0,1.3333333333333333,15.333333333333334,0.0,75.0,1.0,11.0,0.6666666666666666,15.166666666666666,16,0.0,15.333333333333334,16.0,4.0,4.0,0.0,0.0,2.021712607201062,0.0,0.0,4.0,0.0,3.0,4.0
2021,22,raikkonen,alfa,18,19,R,Brakes,0.0,25,Abu Dhabi Grand Prix,Yas Island,2021-12-12,conventional,18,0 days 00:01:24.779000,,,0,0,0,0,1.3333333333333333,13.333333333333334,0.0,76.0,0.0,16.0,1.0,13.666666666666666,12,0.0,13.333333333333334,14.0,-4.0,0.0,4.0,0.0,0.2750201395592038,0.0,0.0,4.0,0.0,3.0,4.0
2018,1,ricciardo,red_bull,8,4,4,Finished,12.0,58,Australian Grand Prix,Melbourne,2018-03-25,conventional,5,0 days 00:01:23.494000,0 days 00:01:22.897000,0 days 00:01:22.152000,12,1,0,0,,,,0.0,10.0,4.5,,,,,,,,,,,,,,0.0,0.0,0.0,0.0
2018,2,ricciardo,red_bull,4,20,R,Electrical,0.0,1,Bahrain Grand Prix,Sakhir,2018-04-08,conventional,5,0 days 00:01:29.552000,0 days 00:01:28.962000,0 days 00:01:28.398000,0,0,0,0,12.0,5.0,0.0,1.0,0.0,10.0,10.0,4.5,5,12.0,,,,,,,,,,0.0,0.0,0.0,0.0
2018,3,ricciardo,red_bull,6,1,1,Finished,25.0,56,Chinese Grand Prix,Shanghai,2018-04-15,conventional,6,0 days 00:01:33.877000,0 days 00:01:32.688000,0 days 00:01:31.948000,25,1,1,0,6.0,5.0,0.0,2.0,17.5,5.5,5.0,7.25,5,0.0,,,,,,,,,,0.0,0.0,0.0,0.0
2018,4,ricciardo,red_bull,4,17,R,Collision,0.0,39,Azerbaijan Grand Prix,Baku,2018-04-29,conventional,4,0 days 00:01:42.857000,0 days 00:01:43.482000,0 days 00:01:41.911000,0,0,0,1,12.333333333333334,5.333333333333333,0.0,3.0,0.0,4.5,9.166666666666666,6.666666666666667,6,25.0,,,,,,,,,,0.0,0.0,0.0,0.0
2018,5,ricciardo,red_bull,6,5,5,Finished,10.0,66,Spanish Grand Prix,Barcelona,2018-05-13,conventional,6,0 days 00:01:17.623000,0 days 00:01:17.638000,0 days 00:01:16.818000,10,1,0,0,8.333333333333334,5.0,0.25,4.0,12.5,5.5,5.833333333333333,6.666666666666667,4,0.0,,,,,,,,,,0.0,0.0,0.0,0.0
2018,6,ricciardo,red_bull,1,1,1,Finished,25.0,78,Monaco Grand Prix,Monte Carlo,2018-05-27,conventional,1,0 days 00:01:12.013000,0 days 00:01:11.278000,0 days 00:01:10.810000,25,1,1,0,11.666666666666666,5.333333333333333,0.2,5.0,13.5,10.5,10.0,5.166666666666667,6,10.0,,,,,,,,,,0.0,0.0,0.0,0.0
2018,7,ricciardo,red_bull,6,4,4,Finished,12.0,68,Canadian Grand Prix,Montréal,2018-06-10,conventional,6,0 days 00:01:12.459000,0 days 00:01:11.434000,0 days 00:01:11.116000,12,1,0,0,11.666666666666666,3.6666666666666665,0.16666666666666666,6.0,13.5,4.5,8.666666666666666,6.833333333333333,1,25.0,,,,,,,,,,0.0,0.0,0.0,0.0
2018,8,ricciardo,red_bull,5,4,4,Finished,12.0,53,French Grand Prix,Le Castellet,2018-06-24,conventional,5,0 days 00:01:31.910000,0 days 00:01:31.538000,0 days 00:01:30.895000,12,1,0,0,15.666666666666666,4.333333333333333,0.14285714285714285,7.0,15.0,4.5,13.166666666666666,6.833333333333333,6,12.0,,,,,,,,,,0.0,0.0,0.0,0.0
2018,9,ricciardo,red_bull,7,18,R,Exhaust,0.0,53,Austrian Grand Prix,Spielberg,2018-07-01,conventional,7,0 days 00:01:04.723000,0 days 00:01:04.403000,0 days 00:01:03.996000,0,0,0,0,16.333333333333332,4.0,0.125,8.0,12.5,6.0,14.0,6.5,5,12.0,,,,,,,,,,0.0,0.0,0.0,0.0
2018,10,ricciardo,red_bull,6,5,5,Finished,10.0,52,British Grand Prix,Silverstone,2018-07-08,conventional,6,0 days 00:01:27.979000,0 days 00:01:27.369000,0 days 00:01:27.099000,10,1,0,0,8.0,6.0,0.1111111111111111,9.0,5.0,5.5,13.666666666666666,5.0,7,0.0,,,,,,,,,,0.0,0.0,0.0,0.0
2018,11,ricciardo,red_bull,20,20,R,Engine,0.0,27,German Grand Prix,Hockenheim,2018-07-22,conventional,15,0 days 00:01:13.318000,,,0,0,0,0,7.333333333333333,6.0,0.1,10.0,6.0,9.5,10.833333333333334,5.333333333333333,6,10.0,,,,,,,,,,0.0,0.0,0.0,0.0
2018,12,ricciardo,red_bull,12,4,4,Finished,12.0,70,Hungarian Grand Prix,Budapest,2018-07-29,conventional,12,0 days 00:01:18.540000,0 days 00:01:36.442000,,12,1,0,0,3.3333333333333335,9.333333333333334,0.1,11.0,6.0,9.5,7.833333333333333,7.0,15,0.0,,,,,,,,,,0.0,0.0,0.0,0.0
2018,13,ricciardo,red_bull,8,16,R,Retired,0.0,28,Belgian Grand Prix,Spa-Francorchamps,2018-08-26,conventional,8,0 days 00:01:43.604000,0 days 00:01:43.126000,0 days 00:02:02.939000,0,0,0,0,7.333333333333333,11.0,0.1,12.0,7.5,7.5,5.666666666666667,8.166666666666666,12,12.0,,,,,,,,,,0.0,0.0,0.0,0.0
2018,14,ricciardo,red_bull,19,17,R,Engine,0.0,23,Italian Grand Prix,Monza,2018-09-02,conventional,15,0 days 00:01:21.280000,,,0,0,0,0,4.0,11.666666666666666,0.1,13.0,5.0,10.0,6.5,8.833333333333334,8,0.0,,,,,,,,,,0.0,0.0,0.0,0.0
2018,15,ricciardo,red_bull,6,6,6,Finished,8.0,61,Singapore Grand Prix,Singapore,2018-09-16,conventional,6,0 days 00:01:38.153000,0 days 00:01:37.406000,0 days 00:01:36.996000,8,1,0,0,4.0,11.666666666666666,0.0,14.0,13.0,4.0,6.166666666666667,9.0,15,0.0,,,,,,,,,,0.0,0.0,0.0,0.0
2018,16,ricciardo,red_bull,18,6,6,Finished,8.0,53,Russian Grand Prix,Sochi,2018-09-30,conventional,12,0 days 00:01:33.247000,,,8,1,0,0,2.6666666666666665,9.666666666666666,0.0,15.0,9.0,11.5,8.5,7.166666666666667,6,8.0,,,,,,,,,,0.0,0.0,0.0,0.0
2018,17,ricciardo,red_bull,15,4,4,Finished,12.0,53,Japanese Grand Prix,Suzuka,2018-10-07,conventional,15,0 days 00:01:29.806000,,,12,1,0,0,5.333333333333333,11.0,0.0,16.0,13.5,9.0,9.0,8.5,12,8.0,,,,,,,,,,0.0,0.0,0.0,0.0
2018,18,ricciardo,red_bull,4,16,R,Battery,0.0,8,United States Grand Prix,Austin,2018-10-21,conventional,5,0 days 00:01:34.755000,0 days 00:01:34.185000,0 days 00:01:33.494000,0,0,0,0,9.333333333333334,11.0,0.0,17.0,9.0,10.0,11.833333333333334,8.166666666666666,15,12.0,,,,,,,,,,0.0,0.0,0.0,0.0
2018,19,ricciardo,red_bull,1,17,R,Engine,0.0,61,Mexican Grand Prix,Mexico City,2018-10-28,conventional,1,0 days 00:01:15.866000,0 days 00:01:15.845000,0 days 00:01:14.759000,0,0,0,0,6.666666666666667,10.666666666666666,0.0,18.0,12.5,1.5,10.5,10.166666666666666,5,0.0,,,,,,,,,,0.0,0.0,0.0,0.0
2018,20,ricciardo,red_bull,11,4,4,Finished,12.0,71,Brazilian Grand Prix,São Paulo,2018-11-11,conventional,6,0 days 00:01:08.544000,0 days 00:01:08.055000,0 days 00:01:07.780000,12,1,0,0,4.0,7.0,0.0,19.0,15.0,5.5,11.666666666666666,6.833333333333333,1,0.0,,,,,,,,,,0.0,0.0,0.0,0.0
2018,21,ricciardo,red_bull,5,4,4,Finished,12.0,55,Abu Dhabi Grand Prix,Yas Marina,2018-11-25,conventional,5,0 days 00:01:37.117000,0 days 00:01:36.964000,0 days 00:01:35.401000,12,1,0,0,4.0,4.0,0.0,20.0,13.5,5.5,12.166666666666666,5.666666666666667,6,12.0,,,,,,,,,,0.0,0.0,0.0,0.0
2019,1,ricciardo,renault,12,19,R,Damage,0.0,28,Australian Grand Prix,Melbourne,2019-03-17,conventional,12,0 days 00:01:22.921000,0 days 00:01:22.570000,,0,0,0,0,8.0,4.0,0.0,21.0,3.0,11.5,2.6666666666666665,11.0,5,12.0,,,,,,,,,,0.0,0.0,0.0,0.0
2019,2,ricciardo,renault,10,18,R,Out of fuel,0.0,53,Bahrain Grand Prix,Sakhir,2019-03-31,conventional,11,0 days 00:01:29.859000,0 days 00:01:29.488000,,0,0,0,0,8.0,7.666666666666667,0.0,22.0,0.0,14.0,2.3333333333333335,12.333333333333334,12,0.0,,,,,,,,,,0.0,0.0,0.0,0.0
2019,3,ricciardo,renault,7,7,7,+1 Lap,6.0,55,Chinese Grand Prix,Shanghai,2019-04-14,conventional,7,0 days 00:01:33.709000,0 days 00:01:33.214000,0 days 00:01:32.958000,6,1,0,0,4.0,9.333333333333334,0.0,23.0,3.0,7.5,2.3333333333333335,12.0,11,0.0,,,,,,,,,,0.0,0.0,0.0,0.0
2019,4,ricciardo,renault,10,20,R,Collision,0.0,31,Azerbaijan Grand Prix,Baku,2019-04-28,conventional,11,0 days 00:01:42.486000,0 days 00:01:42.477000,,0,0,0,1,2.0,10.0,0.0,24.0,0.0,13.5,2.0,11.0,7,6.0,,,,,,,,,,0.0,0.0,0.0,0.0
2019,5,ricciardo,renault,13,12,12,Finished,0.0,66,Spanish Grand Prix,Barcelona,2019-05-12,conventional,10,0 days 00:01:18.385000,0 days 00:01:17.299000,0 days 00:01:18.106000,0,0,0,0,2.0,9.666666666666666,0.1,25.0,0.0,13.0,1.0,11.666666666666666,11,0.0,,,,,,,,,,0.0,0.0,0.0,0.0
2019,6,ricciardo,renault,6,9,9,Finished,2.0,78,Monaco Grand Prix,Monte Carlo,2019-05-26,conventional,7,0 days 00:01:11.767000,0 days 00:01:11.543000,0 days 00:01:11.218000,2,1,0,0,2.0,9.333333333333334,0.1,26.0,1.0,9.0,1.0,11.333333333333334,10,0.0,,,,,,,,,,0.0,0.0,0.0,0.0
2019,7,ricciardo,renault,4,6,6,+1 Lap,8.0,69,Canadian Grand Prix,Montréal,2019-06-09,conventional,4,0 days 00:01:11.837000,0 days 00:01:11.532000,0 days 00:01:11.071000,8,1,0,0,0.6666666666666666,9.333333333333334,0.1,27.0,7.0,5.5,0.3333333333333333,11.833333333333334,7,2.0,,,,,,,,,,0.0,0.0,0.0,0.0
2019,8,ricciardo,renault,8,11,11,+1 Lap,0.0,52,French Grand Prix,Le Castellet,2019-06-23,conventional,8,0 days 00:01:30.954000,0 days 00:01:30.369000,0 days 00:01:29.918000,0,0,0,0,3.3333333333333335,7.0,0.1,28.0,2.0,10.5,2.6666666666666665,9.166666666666666,4,8.0,,,,,,,,,,0.0,0.0,0.0,0.0
2019,9,ricciardo,renault,12,12,12,+1 Lap,0.0,70,Austrian Grand Prix,Spielberg,2019-06-30,conventional,14,0 days 00:01:04.647000,0 days 00:01:04.790000,,0,0,0,0,3.3333333333333335,6.333333333333333,0.1,29.0,0.0,13.0,3.3333333333333335,8.333333333333334,8,0.0,,,,,,,,,,0.0,0.0,0.0,0.0
2019,10,ricciardo,renault,7,7,7,Finished,6.0,52,British Grand Prix,Silverstone,2019-07-14,conventional,7,0 days 00:01:26.428000,0 days 00:01:26.283000,0 days 00:01:26.182000,6,1,0,0,2.6666666666666665,8.666666666666666,0.1,30.0,3.5,8.5,3.0,9.666666666666666,14,0.0,,,,,,,,,,0.0,0.0,0.0,0.0
2019,11,ricciardo,renault,13,19,R,Exhaust,0.0,13,German Grand Prix,Hockenheim,2019-07-28,conventional,13,0 days 00:01:13.131000,0 days 00:01:12.799000,,0,0,0,0,2.0,9.666666666666666,0.1,31.0,0.0,11.0,1.8333333333333333,10.666666666666666,7,6.0,,,,,,,,,,0.0,0.0,0.0,0.0
2019,12,ricciardo,renault,20,14,14,+1 Lap,0.0,69,Hungarian Grand Prix,Budapest,2019-08-04,conventional,18,0 days 00:01:17.257000,,,0,0,0,0,2.0,11.333333333333334,0.1,32.0,0.0,14.5,1.1666666666666667,10.833333333333334,13,0.0,,,,,,,,,,0.0,0.0,0.0,0.0
2019,13,ricciardo,renault,10,14,14,+1 Lap,0.0,43,Belgian Grand Prix,Spa-Francorchamps,2019-09-01,conventional,6,0 days 00:01:45.560000,0 days 00:01:44.103000,0 days 00:01:44.257000,0,0,0,0,2.0,12.666666666666666,0.1,33.0,2.0,6.5,1.1666666666666667,11.333333333333334,18,0.0,,,,,,,,,,0.0,0.0,0.0,0.0
2019,14,ricciardo,renault,5,4,4,Finished,12.0,53,Italian Grand Prix,Monza,2019-09-08,conventional,5,0 days 00:01:20.374000,0 days 00:01:19.833000,0 days 00:01:19.839000,12,1,0,0,0.0,12.333333333333334,0.1,34.0,11.0,5.5,0.6666666666666666,10.666666666666666,6,0.0,,,,,,,,,,0.0,0.0,0.0,0.0
2019,15,ricciardo,renault,20,14,14,Finished,0.0,61,Singapore Grand Prix,Singapore,2019-09-22,conventional,20,,,,0,0,0,0,4.0,9.666666666666666,0.0,35.0,1.0,14.0,4.333333333333333,8.833333333333334,5,12.0,,,,,,,,,,0.0,0.0,0.0,0.0
2019,16,ricciardo,renault,10,19,R,Collision,0.0,24,Russian Grand Prix,Sochi,2019-09-29,conventional,10,0 days 00:01:34.138000,0 days 00:01:33.862000,0 days 00:01:33.661000,0,0,0,1,4.0,10.333333333333334,0.0,36.0,0.5,8.5,4.666666666666667,8.666666666666666,20,0.0,,,,,,,,,,0.0,0.0,0.0,0.0
2019,17,ricciardo,renault,16,19,D,Disqualified,0.0,51,Japanese Grand Prix,Suzuka,2019-10-13,conventional,16,0 days 00:01:29.822000,,,0,0,0,0,4.0,11.666666666666666,0.1,37.0,0.0,15.5,4.166666666666667,9.333333333333334,10,0.0,,,,,,,,,,0.0,0.0,0.0,0.0
2019,18,ricciardo,renault,13,8,8,Finished,4.0,71,Mexican Grand Prix,Mexico City,2019-10-27,conventional,13,0 days 00:01:17.270000,0 days 00:01:16.933000,,4,1,0,0,0.0,15.333333333333334,0.1,38.0,2.5,12.5,0.5,12.666666666666666,16,0.0,,,,,,,,,,0.0,0.0,0.0,0.0
2019,19,ricciardo,renault,9,6,6,Finished,8.0,56,United States Grand Prix,Austin,2019-11-03,conventional,9,0 days 00:01:33.835000,0 days 00:01:33.608000,0 days 00:01:33.488000,8,1,0,0,1.3333333333333333,13.0,0.1,39.0,5.0,10.0,1.0,12.166666666666666,13,4.0,,,,,,,,,,0.0,0.0,0.0,0.0
2019,20,ricciardo,renault,11,6,6,Finished,8.0,71,Brazilian Grand Prix,São Paulo,2019-11-17,conventional,12,0 days 00:01:09.086000,0 days 00:01:08.903000,,8,1,0,0,4.0,12.666666666666666,0.1,40.0,4.0,13.0,2.5,12.666666666666666,9,8.0,,,,,,,,,,0.0,0.0,0.0,0.0
2019,21,ricciardo,renault,7,11,11,+1 Lap,0.0,54,Abu Dhabi Grand Prix,Yas Island,2019-12-01,conventional,8,0 days 00:01:37.106000,0 days 00:01:36.785000,0 days 00:01:36.456000,0,0,0,0,6.666666666666667,11.333333333333334,0.1,41.0,0.0,9.0,3.8333333333333335,11.833333333333334,12,8.0,,,,,,,,,,0.0,0.0,0.0,0.0
2020,1,ricciardo,renault,10,19,R,Overheating,0.0,17,Austrian Grand Prix,Spielberg,2020-07-05,conventional,10,0 days 00:01:04.556000,0 days 00:01:04.023000,0 days 00:01:04.239000,0,0,0,0,5.333333333333333,9.666666666666666,0.1,42.0,2.0,12.0,3.0,10.666666666666666,8,0.0,9.666666666666666,8.0,-2.0,0.0,2.0,0.0,1.251889749856021,0.0,0.0,0.0,0.0,0.0,0.0
2020,2,ricciardo,renault,8,8,8,Finished,4.0,71,Styrian Grand Prix,Spielberg,2020-07-12,conventional,9,0 days 00:01:19.662000,0 days 00:01:19.229000,0 days 00:01:21.192000,4,1,0,0,2.6666666666666665,10.0,0.1,43.0,2.0,7.0,2.0,11.333333333333334,10,0.0,10.0,8.0,-1.0,0.0,1.0,0.0,2.3584240220733497,4.0,0.0,0.0,0.0,1.0,0.0
2020,3,ricciardo,renault,11,8,8,+1 Lap,4.0,69,Hungarian Grand Prix,Budapest,2020-07-19,conventional,11,0 days 00:01:15.848000,0 days 00:01:15.661000,,4,1,0,0,1.3333333333333333,9.0,0.1,44.0,2.0,12.5,1.3333333333333333,9.333333333333334,9,4.0,9.0,9.0,-2.0,0.0,2.0,0.0,2.9298331646011766,4.0,0.0,4.0,0.0,2.0,4.0
2020,4,ricciardo,renault,8,4,4,Finished,12.0,52,British Grand Prix,Silverstone,2020-08-02,conventional,8,0 days 00:01:26.677000,0 days 00:01:26.339000,0 days 00:01:26.009000,12,1,0,0,2.6666666666666665,10.0,0.1,45.0,10.0,8.5,2.0,10.5,11,4.0,10.0,11.0,3.0,3.0,0.0,0.0,2.657096628241678,12.0,0.0,8.0,0.0,3.0,8.0
2020,5,ricciardo,renault,5,14,14,+1 Lap,0.0,51,70th Anniversary Grand Prix,Silverstone,2020-08-09,conventional,5,0 days 00:01:27.442000,0 days 00:01:26.636000,0 days 00:01:26.297000,0,0,0,0,6.666666666666667,9.333333333333334,0.1,46.0,2.0,8.0,4.666666666666667,9.333333333333334,8,12.0,9.333333333333334,10.0,5.0,5.0,0.0,0.0,2.726717289541421,0.0,0.0,20.0,0.0,3.0,20.0
2020,6,ricciardo,renault,13,11,11,+1 Lap,0.0,65,Spanish Grand Prix,Barcelona,2020-08-16,conventional,13,0 days 00:01:17.667000,0 days 00:01:17.198000,,0,0,0,0,5.333333333333333,8.0,0.0,47.0,0.0,14.0,4.666666666666667,9.666666666666666,5,0.0,8.0,7.0,-6.0,0.0,6.0,2.0,2.5281887578752533,0.0,2.0,16.0,0.0,3.0,16.0
2020,7,ricciardo,renault,4,4,4,Finished,13.0,44,Belgian Grand Prix,Spa-Francorchamps,2020-08-30,conventional,4,0 days 00:01:43.309000,0 days 00:01:42.487000,0 days 00:01:42.061000,12,1,0,0,4.0,8.666666666666666,0.0,48.0,11.0,5.0,4.0,10.166666666666666,13,0.0,8.666666666666666,8.0,4.0,4.0,0.0,12.0,7.968021276465629,0.0,0.0,12.0,2.0,3.0,10.0
2020,8,ricciardo,renault,7,6,6,Finished,8.0,53,Italian Grand Prix,Monza,2020-09-06,conventional,7,0 days 00:01:20.548000,0 days 00:01:20.031000,0 days 00:01:19.864000,8,1,0,0,4.0,7.333333333333333,0.0,49.0,6.0,9.5,4.333333333333333,9.0,4,12.0,7.333333333333333,7.0,0.0,0.0,-0.0,1.0,3.0586505905786483,7.0,0.0,0.0,2.0,3.0,-2.0
2020,9,ricciardo,renault,8,4,4,Finished,12.0,59,Tuscan Grand Prix,Mugello,2020-09-13,conventional,8,0 days 00:01:16.981000,0 days 00:01:16.243000,0 days 00:01:16.543000,12,1,0,0,6.666666666666667,8.0,0.0,50.0,6.0,9.0,5.666666666666667,9.5,7,8.0,8.0,9.0,1.0,1.0,0.0,1.0,6.332239545788346,11.0,0.0,7.0,2.0,3.0,5.0
2020,10,ricciardo,renault,5,5,5,Finished,10.0,53,Russian Grand Prix,Sochi,2020-09-27,conventional,5,0 days 00:01:33.650000,0 days 00:01:32.218000,0 days 00:01:32.364000,10,1,0,0,10.666666666666666,6.333333333333333,0.0,51.0,8.0,6.0,7.666666666666667,7.833333333333333,8,12.0,6.333333333333333,6.0,1.0,1.0,0.0,10.0,6.634040643796159,0.0,0.0,18.0,0.0,3.0,18.0
2020,11,ricciardo,renault,6,3,3,Finished,15.0,60,Eifel Grand Prix,Nürburgring,2020-10-11,conventional,6,0 days 00:01:26.836000,0 days 00:01:26.096000,0 days 00:01:26.223000,15,1,1,0,10.0,6.666666666666667,0.0,52.0,7.5,6.5,6.666666666666667,8.166666666666666,5,10.0,6.666666666666667,6.0,0.0,0.0,-0.0,4.0,4.404206491137925,11.0,0.0,18.0,0.0,3.0,18.0
2020,12,ricciardo,renault,10,9,9,+1 Lap,2.0,65,Portuguese Grand Prix,Portimão,2020-10-25,conventional,10,0 days 00:01:17.621000,0 days 00:01:17.481000,,2,1,0,0,12.333333333333334,6.333333333333333,0.0,53.0,3.0,10.5,7.166666666666667,7.166666666666667,6,15.0,6.333333333333333,6.0,-4.0,0.0,4.0,6.0,8.610211094818098,0.0,4.0,22.0,0.0,3.0,22.0
2020,13,ricciardo,renault,5,3,3,Finished,15.0,63,Emilia Romagna Grand Prix,Imola,2020-11-01,conventional,5,0 days 00:01:15.474000,0 days 00:01:14.953000,0 days 00:01:14.520000,15,1,1,0,9.0,7.0,0.0,54.0,7.5,8.5,6.166666666666667,7.666666666666667,10,2.0,7.0,7.0,2.0,2.0,0.0,10.0,7.299653611186127,5.0,0.0,11.0,4.0,3.0,7.0
2020,14,ricciardo,renault,5,10,10,Finished,1.0,58,Turkish Grand Prix,Istanbul,2020-11-15,conventional,5,0 days 00:02:05.598000,0 days 00:01:54.278000,0 days 00:01:51.595000,1,1,0,0,10.666666666666666,7.0,0.0,55.0,0.5,6.0,6.0,8.5,5,15.0,7.0,6.0,1.0,1.0,0.0,10.0,8.22187434576445,0.0,9.0,16.0,4.0,3.0,12.0
2020,15,ricciardo,renault,6,7,7,Finished,6.0,57,Bahrain Grand Prix,Sakhir,2020-11-29,conventional,6,0 days 00:01:29.005000,0 days 00:01:28.648000,0 days 00:01:28.417000,6,1,0,0,6.0,6.666666666666667,0.0,56.0,4.0,6.5,3.6666666666666665,8.333333333333334,5,1.0,6.666666666666667,6.0,0.0,0.0,-0.0,2.0,4.519543659692118,4.0,0.0,5.0,13.0,3.0,-8.0
2020,16,ricciardo,renault,7,5,5,Finished,10.0,87,Sakhir Grand Prix,Sakhir,2020-12-06,conventional,7,0 days 00:00:54.388000,0 days 00:00:53.871000,0 days 00:00:53.957000,10,1,0,0,7.333333333333333,5.333333333333333,0.0,57.0,14.0,9.0,4.0,7.0,6,6.0,5.333333333333333,4.0,-3.0,0.0,3.0,10.0,6.87223305180132,0.0,0.0,9.0,9.0,3.0,0.0
2020,17,ricciardo,renault,11,7,7,Finished,7.0,55,Abu Dhabi Grand Prix,Yas Island,2020-12-13,conventional,12,0 days 00:01:36.704000,0 days 00:01:36.406000,,6,1,0,0,5.666666666666667,6.0,0.0,58.0,4.0,11.5,6.166666666666667,7.166666666666667,7,10.0,6.0,5.0,-7.0,0.0,7.0,4.0,5.632510892447921,2.0,0.0,4.0,9.0,3.0,-5.0
2021,1,ricciardo,mclaren,6,7,7,Finished,6.0,56,Bahrain Grand Prix,Sakhir,2021-03-28,conventional,6,0 days 00:01:30.795000,0 days 00:01:30.222000,0 days 00:01:29.927000,6,1,0,0,7.333333333333333,8.333333333333334,0.0,59.0,9.0,6.5,8.833333333333334,9.5,12,6.0,8.333333333333334,6.0,0.0,0.0,-0.0,10.0,8.583347359722321,0.0,4.0,0.0,0.0,0.0,0.0
2021,2,ricciardo,mclaren,6,6,6,Finished,8.0,63,Emilia Romagna Grand Prix,Imola,2021-04-18,conventional,6,0 days 00:01:15.669000,0 days 00:01:15.033000,0 days 00:01:14.826000,8,1,0,0,7.333333333333333,8.333333333333334,0.0,60.0,11.5,6.5,8.166666666666666,7.666666666666667,6,6.0,8.333333333333334,7.0,1.0,1.0,0.0,6.0,5.238324186812387,2.0,0.0,0.0,4.0,1.0,-4.0
2021,3,ricciardo,mclaren,16,9,9,Finished,2.0,66,Portuguese Grand Prix,Portimão,2021-05-02,conventional,16,0 days 00:01:19.839000,,,2,1,0,0,6.666666666666667,8.0,0.0,61.0,6.0,11.5,9.833333333333334,6.0,6,8.0,8.0,7.0,-9.0,0.0,9.0,1.0,3.568721857257443,1.0,0.0,2.0,4.0,2.0,-2.0
2021,4,ricciardo,mclaren,7,6,6,Finished,8.0,66,Spanish Grand Prix,Barcelona,2021-05-09,conventional,7,0 days 00:01:18.264000,0 days 00:01:17.719000,0 days 00:01:17.622000,8,1,0,0,5.333333333333333,9.333333333333334,0.0,62.0,6.0,8.0,8.833333333333334,8.166666666666666,16,2.0,9.333333333333334,9.0,2.0,2.0,0.0,6.0,5.653180551617883,2.0,0.0,3.0,4.0,3.0,-1.0
2021,5,ricciardo,mclaren,12,12,12,+1 Lap,0.0,77,Monaco Grand Prix,Monte Carlo,2021-05-23,conventional,12,0 days 00:01:11.747000,0 days 00:01:11.598000,,0,0,0,0,6.0,9.666666666666666,0.0,63.0,7.5,8.5,7.833333333333333,8.666666666666666,7,8.0,9.666666666666666,10.0,-2.0,0.0,2.0,1.0,2.860138467535079,0.0,1.0,5.0,0.0,3.0,5.0
2021,6,ricciardo,mclaren,13,9,9,Finished,2.0,51,Azerbaijan Grand Prix,Baku,2021-06-06,conventional,13,0 days 00:01:42.304000,0 days 00:01:42.558000,,2,1,0,0,3.3333333333333335,11.666666666666666,0.0,64.0,6.0,9.5,6.5,9.333333333333334,12,0.0,11.666666666666666,11.0,-2.0,0.0,2.0,0.0,1.609058507148295,2.0,0.0,3.0,1.0,3.0,2.0
2021,7,ricciardo,mclaren,10,6,6,Finished,8.0,53,French Grand Prix,Le Castellet,2021-06-20,conventional,10,0 days 00:01:32.181000,0 days 00:01:31.615000,0 days 00:01:31.382000,8,1,0,0,3.3333333333333335,10.666666666666666,0.0,65.0,9.0,9.0,6.5,8.666666666666666,13,2.0,10.666666666666666,10.0,0.0,0.0,-0.0,0.0,2.0965464331768544,8.0,0.0,4.0,1.0,3.0,3.0
2021,8,ricciardo,mclaren,13,13,13,+1 Lap,0.0,70,Styrian Grand Prix,Spielberg,2021-06-27,conventional,13,0 days 00:01:05.142000,0 days 00:01:04.808000,,0,0,0,0,3.3333333333333335,11.666666666666666,0.0,66.0,5.0,8.5,7.5,9.0,10,8.0,11.666666666666666,12.0,-1.0,0.0,1.0,4.0,5.889119858182398,0.0,4.0,10.0,1.0,3.0,9.0
2021,9,ricciardo,mclaren,13,7,7,Finished,6.0,71,Austrian Grand Prix,Spielberg,2021-07-04,conventional,13,0 days 00:01:04.977000,0 days 00:01:04.719000,,6,1,0,0,3.3333333333333335,12.0,0.0,67.0,10.5,7.5,6.666666666666667,9.0,13,0.0,12.0,10.0,-3.0,0.0,3.0,2.0,5.363488939525243,4.0,0.0,10.0,4.0,3.0,6.0
2021,11,ricciardo,mclaren,11,11,11,+1 Lap,0.0,69,Hungarian Grand Prix,Budapest,2021-08-01,conventional,11,0 days 00:01:17.664000,0 days 00:01:16.871000,,0,0,0,0,4.666666666666667,12.0,0.0,68.0,0.0,8.5,8.166666666666666,8.333333333333334,13,6.0,12.0,13.0,2.0,2.0,0.0,6.0,5.563562950303709,0.0,6.0,12.0,4.0,3.0,8.0
2021,12,ricciardo,mclaren,4,4,4,Finished,6.0,1,Belgian Grand Prix,Spa-Francorchamps,2021-08-29,conventional,4,0 days 00:02:01.583000,0 days 00:01:57.127000,0 days 00:02:00.864000,12,1,0,0,2.0,12.333333333333334,0.0,69.0,6.0,7.0,5.166666666666667,8.166666666666666,11,0.0,12.333333333333334,12.0,8.0,8.0,0.0,12.0,7.310105798836918,0.0,0.0,4.0,10.0,3.0,-6.0
2021,13,ricciardo,mclaren,10,11,11,+1 Lap,0.0,71,Dutch Grand Prix,Zandvoort,2021-09-05,conventional,10,0 days 00:01:10.255000,0 days 00:01:09.865000,0 days 00:01:10.166000,0,0,0,0,6.0,9.333333333333334,0.0,70.0,0.5,11.5,5.5,7.666666666666667,4,12.0,9.333333333333334,8.0,-2.0,0.0,2.0,8.0,4.441872154789587,0.0,8.0,4.0,6.0,3.0,-2.0
2021,15,ricciardo,mclaren,5,4,4,Finished,12.0,53,Russian Grand Prix,Sochi,2021-09-26,conventional,5,0 days 00:01:48.345000,0 days 00:01:46.361000,0 days 00:01:44.156000,12,1,0,0,4.0,8.333333333333334,0.0,71.0,9.0,3.0,2.1666666666666665,9.0,10,0.0,8.333333333333334,7.0,2.0,2.0,0.0,2.0,5.319682989579396,10.0,0.0,0.0,14.0,3.0,-14.0
2021,16,ricciardo,mclaren,20,13,13,+1 Lap,0.0,57,Turkish Grand Prix,Istanbul,2021-10-10,conventional,16,0 days 00:01:25.881000,,,0,0,0,0,8.0,6.333333333333333,0.0,72.0,3.0,12.0,5.166666666666667,7.166666666666667,5,12.0,6.333333333333333,4.0,-12.0,0.0,12.0,2.0,4.845847147734809,0.0,2.0,10.0,8.0,3.0,2.0
2021,17,ricciardo,mclaren,6,5,5,Finished,10.0,56,United States Grand Prix,Austin,2021-10-24,conventional,7,0 days 00:01:34.407000,0 days 00:01:34.643000,0 days 00:01:33.808000,10,1,0,0,4.0,10.333333333333334,0.0,73.0,7.0,7.5,4.166666666666667,8.833333333333334,16,0.0,10.333333333333334,12.0,5.0,5.0,0.0,6.0,6.325102446923257,4.0,0.0,10.0,10.0,3.0,0.0
2021,18,ricciardo,mclaren,7,12,12,+1 Lap,0.0,70,Mexico City Grand Prix,Mexico City,2021-11-07,conventional,7,0 days 00:01:17.719000,0 days 00:01:17.092000,0 days 00:01:16.763000,0,0,0,0,7.333333333333333,9.333333333333334,0.0,74.0,0.5,8.5,6.333333333333333,7.5,7,10.0,9.333333333333334,10.0,3.0,3.0,0.0,6.0,6.44121191459371,0.0,6.0,14.0,2.0,3.0,12.0
2021,20,ricciardo,mclaren,14,12,12,+1 Lap,0.0,56,Qatar Grand Prix,Lusail,2021-11-21,conventional,14,0 days 00:01:22.688000,0 days 00:01:22.597000,,0,0,0,0,3.3333333333333335,10.0,0.0,75.0,1.0,10.0,3.5,9.333333333333334,7,0.0,10.0,10.0,-4.0,0.0,4.0,0.0,2.0966316187916627,0.0,0.0,4.0,8.0,3.0,-4.0
2021,21,ricciardo,mclaren,11,5,5,Finished,10.0,50,Saudi Arabian Grand Prix,Jeddah,2021-12-05,conventional,11,0 days 00:01:28.216000,0 days 00:01:28.668000,,10,1,0,0,3.3333333333333335,9.333333333333334,0.0,76.0,5.5,9.0,2.8333333333333335,8.666666666666666,14,0.0,9.333333333333334,10.0,-1.0,0.0,1.0,0.0,3.046026442919167,10.0,0.0,4.0,6.0,3.0,-2.0
2021,22,ricciardo,mclaren,10,12,12,+1 Lap,0.0,57,Abu Dhabi Grand Prix,Yas Island,2021-12-12,conventional,10,0 days 00:01:23.829000,0 days 00:01:23.448000,0 days 00:01:23.409000,0,0,0,0,3.3333333333333335,10.666666666666666,0.0,77.0,3.0,6.5,2.3333333333333335,9.166666666666666,11,10.0,10.666666666666666,10.0,0.0,0.0,-0.0,2.0,4.055564843667892,0.0,2.0,10.0,6.0,3.0,4.0
2022,1,ricciardo,mclaren,18,14,14,Finished,0.0,57,Bahrain Grand Prix,Sakhir,2022-03-20,conventional,18,0 days 00:01:32.945000,,,0,0,0,0,3.3333333333333335,11.666666666666666,0.0,78.0,0.0,15.5,3.1666666666666665,8.5,10,0.0,11.666666666666666,13.0,-5.0,0.0,5.0,0.0,3.0227541645714187,0.0,0.0,0.0,0.0,0.0,0.0
2022,2,ricciardo,mclaren,14,17,R,Gearbox,0.0,35,Saudi Arabian Grand Prix,Jeddah,2022-03-27,conventional,12,0 days 00:01:30.009000,0 days 00:01:29.773000,,0,0,0,0,3.3333333333333335,13.0,0.0,79.0,3.0,11.5,2.8333333333333335,10.333333333333334,18,0.0,13.0,13.0,1.0,1.0,0.0,1.0,4.241460930834207,0.0,1.0,0.0,0.0,1.0,0.0
2022,3,ricciardo,mclaren,7,6,6,Finished,8.0,58,Australian Grand Prix,Melbourne,2022-04-10,conventional,7,0 days 00:01:19.665000,0 days 00:01:19.130000,0 days 00:01:19.032000,8,1,0,0,0.0,13.333333333333334,0.0,80.0,9.0,5.5,2.0,11.166666666666666,12,0.0,13.333333333333334,14.0,7.0,7.0,0.0,4.0,5.345467005139422,4.0,0.0,0.0,1.0,2.0,-1.0
2022,5,ricciardo,mclaren,14,13,13,Finished,0.0,57,Miami Grand Prix,Miami,2022-05-08,conventional,14,0 days 00:01:30.583000,0 days 00:01:30.310000,,0,0,0,0,2.6666666666666665,12.333333333333334,0.0,81.0,0.0,11.0,4.0,10.833333333333334,7,8.0,12.333333333333334,13.0,-1.0,0.0,1.0,0.0,2.7736828100544244,0.0,0.0,4.0,1.0,3.0,3.0
2022,6,ricciardo,mclaren,9,12,12,+1 Lap,0.0,65,Spanish Grand Prix,Barcelona,2022-05-22,conventional,9,0 days 00:01:20.549000,0 days 00:01:20.287000,0 days 00:01:20.297000,0,0,0,0,2.6666666666666665,11.0,0.0,82.0,2.0,10.0,4.0,9.333333333333334,14,0.0,11.0,12.0,3.0,3.0,0.0,1.0,3.5129532437091244,0.0,1.0,4.0,1.0,3.0,3.0
2022,7,ricciardo,mclaren,14,13,13,Finished,0.0,64,Monaco Grand Prix,Monaco,2022-05-29,conventional,14,0 days 00:01:13.338000,0 days 00:01:12.964000,,0,0,0,0,2.6666666666666665,10.0,0.0,83.0,4.0,9.5,3.6666666666666665,8.833333333333334,9,0.0,10.0,9.0,-5.0,0.0,5.0,0.0,1.6171388422085977,0.0,0.0,4.0,1.0,3.0,3.0
2022,8,ricciardo,mclaren,12,8,8,Finished,4.0,51,Azerbaijan Grand Prix,Baku,2022-06-12,conventional,12,0 days 00:01:44.437000,0 days 00:01:43.574000,,4,1,0,0,0.0,12.333333333333334,0.0,84.0,3.0,11.5,2.0,10.166666666666666,14,0.0,12.333333333333334,12.0,0.0,0.0,-0.0,0.0,1.7280984934839547,4.0,0.0,0.0,1.0,3.0,-1.0
2022,9,ricciardo,mclaren,9,11,11,Finished,0.0,70,Canadian Grand Prix,Montréal,2022-06-19,conventional,9,0 days 00:01:33.636000,0 days 00:01:26.375000,0 days 00:01:23.749000,0,0,0,0,1.3333333333333333,11.666666666666666,0.0,85.0,0.0,11.5,3.0,10.333333333333334,12,4.0,11.666666666666666,13.0,4.0,4.0,0.0,4.0,4.379682783248069,0.0,4.0,4.0,1.0,3.0,3.0
2022,10,ricciardo,mclaren,14,13,13,Finished,0.0,52,British Grand Prix,Silverstone,2022-07-03,conventional,14,0 days 00:01:41.933000,0 days 00:01:44.355000,,0,0,0,0,1.3333333333333333,11.666666666666666,0.0,86.0,4.0,10.0,2.3333333333333335,10.833333333333334,9,0.0,11.666666666666666,11.0,-3.0,0.0,3.0,0.0,1.06706698973397,0.0,0.0,4.0,4.0,3.0,0.0
2022,12,ricciardo,mclaren,9,9,9,Finished,2.0,53,French Grand Prix,Le Castellet,2022-07-24,conventional,11,0 days 00:01:33.404000,0 days 00:01:32.922000,,2,1,0,0,1.3333333333333333,11.666666666666666,0.0,87.0,4.0,8.0,2.3333333333333335,11.0,14,0.0,11.666666666666666,12.0,1.0,1.0,0.0,0.0,2.1657429711286533,2.0,0.0,4.0,4.0,3.0,0.0
2022,13,ricciardo,mclaren,9,15,15,+1 Lap,0.0,69,Hungarian Grand Prix,Budapest,2022-07-31,conventional,9,0 days 00:01:18.775000,0 days 00:01:18.198000,0 days 00:01:18.379000,0,0,0,0,0.6666666666666666,11.333333333333334,0.0,88.0,3.0,6.5,2.6666666666666665,9.833333333333334,11,2.0,11.333333333333334,11.0,2.0,2.0,0.0,1.0,2.7099859048211212,0.0,1.0,2.0,4.0,3.0,-2.0
2022,14,ricciardo,mclaren,7,15,15,Finished,0.0,44,Belgian Grand Prix,Spa-Francorchamps,2022-08-28,conventional,11,0 days 00:01:46.212000,0 days 00:01:45.767000,,0,0,0,0,0.6666666666666666,11.333333333333334,0.0,89.0,0.0,10.5,3.6666666666666665,8.166666666666666,9,0.0,11.333333333333334,11.0,0.0,0.0,-0.0,1.0,3.0014782033720677,0.0,1.0,2.0,1.0,3.0,1.0
2022,15,ricciardo,mclaren,17,17,17,Finished,0.0,72,Dutch Grand Prix,Zandvoort,2022-09-04,conventional,17,0 days 00:01:12.081000,,,0,0,0,0,0.6666666666666666,10.333333333333334,0.0,90.0,3.0,12.0,2.3333333333333335,8.333333333333334,11,0.0,10.333333333333334,10.0,-7.0,0.0,7.0,0.0,0.6582422790272364,0.0,0.0,2.0,2.0,3.0,0.0
2022,16,ricciardo,mclaren,4,17,R,Oil leak,0.0,45,Italian Grand Prix,Monza,2022-09-11,conventional,8,0 days 00:01:22.139000,0 days 00:01:21.855000,0 days 00:01:21.925000,0,0,0,0,0.0,12.333333333333334,0.0,91.0,3.0,7.5,2.0,9.666666666666666,17,0.0,12.333333333333334,10.0,2.0,2.0,0.0,0.0,2.518078471614959,0.0,0.0,0.0,2.0,3.0,-2.0
2022,17,ricciardo,mclaren,16,5,5,Finished,10.0,59,Singapore Grand Prix,Marina Bay,2022-10-02,conventional,17,0 days 00:01:56.226000,,,10,1,0,0,0.0,12.0,0.0,92.0,11.0,11.5,2.0,10.0,8,0.0,12.0,11.0,-6.0,0.0,6.0,0.0,0.0,10.0,0.0,0.0,1.0,3.0,-1.0
2022,18,ricciardo,mclaren,11,11,11,Finished,0.0,28,Japanese Grand Prix,Suzuka,2022-10-09,conventional,11,0 days 00:01:30.880000,0 days 00:01:30.659000,,0,0,0,0,3.3333333333333335,14.0,0.0,93.0,0.5,10.5,5.666666666666667,10.333333333333334,17,10.0,14.0,14.0,3.0,3.0,0.0,0.0,2.9961400232271926,0.0,0.0,10.0,0.0,3.0,10.0
2022,19,ricciardo,mclaren,15,16,16,Finished,0.0,56,United States Grand Prix,Austin,2022-10-23,conventional,17,0 days 00:01:37.046000,,,0,0,0,0,3.3333333333333335,12.0,0.0,94.0,4.0,12.5,4.833333333333333,9.833333333333334,11,0.0,12.0,11.0,-6.0,0.0,6.0,0.0,1.3210868087273,0.0,0.0,10.0,0.0,3.0,10.0
2022,20,ricciardo,mclaren,11,7,7,+1 Lap,6.0,70,Mexico City Grand Prix,Mexico City,2022-10-30,conventional,11,0 days 00:01:20.279000,0 days 00:01:19.325000,,6,1,0,0,3.3333333333333335,15.0,0.0,95.0,4.0,9.5,5.166666666666667,11.5,17,0.0,15.0,17.0,6.0,6.0,0.0,1.0,3.136922783805586,5.0,0.0,10.0,0.0,3.0,10.0
2022,22,ricciardo,mclaren,13,9,9,Finished,2.0,58,Abu Dhabi Grand Prix,Yas Island,2022-11-20,conventional,10,0 days 00:01:25.766000,0 days 00:01:25.068000,0 days 00:01:25.045000,2,1,0,0,2.0,13.0,0.0,96.0,5.0,8.5,2.8333333333333335,10.833333333333334,11,6.0,13.0,12.0,2.0,2.0,0.0,1.0,2.1735715733293457,1.0,0.0,5.0,0.0,3.0,5.0
2023,11,ricciardo,alphatauri,13,13,13,Lapped,0.0,69,Hungarian Grand Prix,Budapest,2023-07-23,conventional,13,0 days 00:01:18.906000,0 days 00:01:18.002000,,0,0,0,0,2.6666666666666665,12.666666666666666,0.0,97.0,0.0,15.0,0.0,16.166666666666668,10,2.0,12.666666666666666,15.0,2.0,2.0,0.0,0.0,0.13234347284244485,0.0,0.0,0.0,0.0,0.0,0.0
2023,19,ricciardo,alphatauri,4,7,7,Finished,6.0,71,Mexico City Grand Prix,Mexico City,2023-10-29,conventional,4,0 days 00:01:18.341000,0 days 00:01:17.706000,0 days 00:01:17.382000,6,1,0,0,2.6666666666666665,11.333333333333334,0.0,98.0,3.0,9.5,0.3333333333333333,11.5,13,0.0,11.333333333333334,11.0,7.0,7.0,0.0,2.0,4.8998090404247145,4.0,0.0,0.0,0.0,1.0,0.0
2023,21,ricciardo,alphatauri,14,14,14,Finished,0.0,50,Las Vegas Grand Prix,Las Vegas,2023-11-18,conventional,15,0 days 00:01:34.683000,0 days 00:01:34.308000,,0,0,0,0,2.6666666666666665,9.0,0.0,99.0,0.0,17.5,1.3333333333333333,10.666666666666666,4,6.0,9.0,9.0,-6.0,0.0,6.0,0.0,1.856418854597401,0.0,0.0,4.0,0.0,2.0,4.0
2023,22,ricciardo,alphatauri,15,11,11,Finished,0.0,58,Abu Dhabi Grand Prix,Yas Island,2023-11-26,conventional,15,0 days 00:01:24.461000,0 days 00:01:24.442000,,0,0,0,0,2.0,10.666666666666666,0.0,100.0,2.0,10.5,1.0,12.333333333333334,15,0.0,10.666666666666666,9.0,-6.0,0.0,6.0,0.0,0.38472426854499364,0.0,0.0,4.0,0.0,3.0,4.0
2024,1,ricciardo,rb,14,13,13,Lapped,0.0,56,Bahrain Grand Prix,Sakhir,2024-03-02,conventional,14,0 days 00:01:30.562000,0 days 00:01:30.278000,,0,0,0,0,2.0,11.333333333333334,0.0,101.0,0.0,12.5,,,15,0.0,,,,,,,,,,0.0,0.0,0.0,0.0
2024,2,ricciardo,rb,14,16,16,Lapped,0.0,49,Saudi Arabian Grand Prix,Jeddah,2024-03-09,conventional,14,0 days 00:01:29.065000,0 days 00:01:29.025000,,0,0,0,0,0.0,14.666666666666666,0.0,102.0,0.0,11.5,0.0,12.5,14,0.0,14.666666666666666,16.0,2.0,2.0,0.0,0.0,1.0183752263580734,0.0,0.0,0.0,0.0,0.0,0.0
2024,3,ricciardo,rb,18,12,12,Lapped,0.0,57,Australian Grand Prix,Melbourne,2024-03-24,conventional,18,0 days 00:01:18.085000,,,0,0,0,0,0.0,14.333333333333334,0.0,103.0,3.0,13.0,0.0,12.0,14,0.0,14.333333333333334,14.0,-4.0,0.0,4.0,0.0,0.058336024014445265,0.0,0.0,0.0,0.0,1.0,0.0
2024,4,ricciardo,rb,11,19,R,Retired,0.0,0,Japanese Grand Prix,Suzuka,2024-04-07,conventional,11,0 days 00:01:29.727000,0 days 00:01:29.472000,,0,0,0,0,0.0,15.333333333333334,0.0,104.0,0.5,10.5,1.0,12.333333333333334,18,0.0,15.333333333333334,16.0,5.0,5.0,0.0,0.0,1.6834327689578377,0.0,0.0,0.0,0.0,2.0,0.0
2024,7,ricciardo,rb,9,13,13,Lapped,0.0,62,Emilia Romagna Grand Prix,Imola,2024-05-19,conventional,9,0 days 00:01:16.060000,0 days 00:01:15.691000,0 days 00:01:15.674000,0,0,0,0,0.0,14.333333333333334,0.0,105.0,0.5,8.0,1.1666666666666667,11.666666666666666,11,0.0,14.333333333333334,15.0,6.0,6.0,0.0,0.0,1.708849498717933,0.0,0.0,0.0,0.0,3.0,0.0
2024,8,ricciardo,rb,12,12,12,Lapped,0.0,76,Monaco Grand Prix,Monaco,2024-05-26,conventional,12,0 days 00:01:11.785000,0 days 00:01:11.482000,,0,0,0,0,0.0,12.666666666666666,0.0,106.0,2.0,10.0,1.3333333333333333,10.5,9,0.0,12.666666666666666,12.0,0.0,0.0,-0.0,2.0,3.5861750544387556,0.0,2.0,0.0,0.0,3.0,0.0
2024,9,ricciardo,rb,5,8,8,Finished,4.0,70,Canadian Grand Prix,Montréal,2024-06-09,conventional,5,0 days 00:01:13.240000,0 days 00:01:12.572000,0 days 00:01:12.178000,4,1,0,0,0.0,10.666666666666666,0.0,107.0,2.0,6.5,1.0,9.5,12,0.0,10.666666666666666,10.0,5.0,5.0,0.0,1.0,5.20517994037028,3.0,0.0,0.0,2.0,3.0,-2.0
2024,10,ricciardo,rb,18,15,15,Lapped,0.0,65,Spanish Grand Prix,Barcelona,2024-06-23,conventional,18,0 days 00:01:13.075000,,,0,0,0,0,1.3333333333333333,8.666666666666666,0.0,108.0,0.0,17.5,1.5,8.166666666666666,5,4.0,8.666666666666666,9.0,-9.0,0.0,9.0,0.0,0.9314828492048042,0.0,0.0,3.0,2.0,3.0,1.0
2024,12,ricciardo,rb,15,13,13,Lapped,0.0,51,British Grand Prix,Silverstone,2024-07-07,conventional,15,0 days 00:01:31.291000,0 days 00:01:27.949000,,0,0,0,0,1.3333333333333333,11.666666666666666,0.0,109.0,0.5,14.0,1.3333333333333333,11.333333333333334,18,0.0,11.666666666666666,10.0,-5.0,0.0,5.0,0.0,0.0,0.0,0.0,3.0,2.0,3.0,1.0
2024,13,ricciardo,rb,9,12,12,Lapped,0.0,69,Hungarian Grand Prix,Budapest,2024-07-21,conventional,9,0 days 00:01:17.050000,0 days 00:01:16.202000,0 days 00:01:16.447000,0,0,0,0,1.3333333333333333,12.666666666666666,0.0,110.0,1.0,9.5,0.8333333333333334,12.666666666666666,15,0.0,12.666666666666666,13.0,4.0,4.0,0.0,0.0,2.417364916774196,0.0,0.0,3.0,0.0,3.0,3.0
2024,14,ricciardo,rb,13,10,10,Finished,1.0,44,Belgian Grand Prix,Spa-Francorchamps,2024-07-28,conventional,13,0 days 00:01:55.451000,0 days 00:01:54.682000,,1,1,0,0,0.0,14.0,0.0,111.0,0.5,15.5,0.5,13.666666666666666,9,0.0,14.0,15.0,2.0,2.0,0.0,0.0,0.7658913414588362,1.0,0.0,0.0,0.0,3.0,0.0
2024,15,ricciardo,rb,13,12,12,Lapped,0.0,71,Dutch Grand Prix,Zandvoort,2024-08-25,conventional,15,0 days 00:01:11.943000,,,0,0,0,0,0.3333333333333333,12.333333333333334,0.0,112.0,0.0,13.5,0.6666666666666666,13.0,13,1.0,12.333333333333334,12.0,-3.0,0.0,3.0,0.0,0.0,0.0,0.0,1.0,0.0,3.0,1.0
2024,16,ricciardo,rb,12,13,13,Finished,0.0,53,Italian Grand Prix,Monza,2024-09-01,conventional,12,0 days 00:01:20.901000,0 days 00:01:20.479000,,0,0,0,0,0.3333333333333333,12.333333333333334,0.0,113.0,0.0,14.0,0.5,12.833333333333334,15,0.0,12.333333333333334,12.0,0.0,0.0,-0.0,0.0,0.8943934103222411,0.0,0.0,1.0,0.0,3.0,1.0
2024,17,ricciardo,rb,14,13,13,Finished,0.0,51,Azerbaijan Grand Prix,Baku,2024-09-15,conventional,15,0 days 00:01:43.547000,,,0,0,0,0,0.3333333333333333,13.333333333333334,0.0,114.0,0.0,13.5,0.16666666666666666,14.333333333333334,12,0.0,13.333333333333334,14.0,-1.0,0.0,1.0,0.0,0.0,0.0,0.0,1.0,0.0,3.0,1.0
2024,18,ricciardo,rb,16,18,18,Lapped,0.0,61,Singapore Grand Prix,Marina Bay,2024-09-22,conventional,16,0 days 00:01:31.085000,,,0,0,0,0,0.0,14.0,0.0,115.0,0.0,12.0,0.0,13.666666666666666,15,0.0,14.0,16.0,0.0,0.0,-0.0,0.0,0.41168231335552274,0.0,0.0,0.0,0.0,3.0,0.0
2019,1,russell,williams,19,16,16,+2 Laps,0.0,56,Australian Grand Prix,Melbourne,2019-03-17,conventional,19,0 days 00:01:24.360000,,,0,0,0,0,,,,0.0,0.0,19.5,0.0,18.666666666666668,,,,,,,,,,,,0.0,0.0,0.0,0.0
2019,2,russell,williams,19,15,15,+1 Lap,0.0,56,Bahrain Grand Prix,Sakhir,2019-03-31,conventional,19,0 days 00:01:31.759000,,,0,0,0,0,0.0,19.0,0.0,1.0,0.0,19.5,0.0,18.666666666666668,19,0.0,,,,,,,,,,0.0,0.0,0.0,0.0
2019,3,russell,williams,17,16,16,+2 Laps,0.0,54,Chinese Grand Prix,Shanghai,2019-04-14,conventional,17,0 days 00:01:35.253000,,,0,0,0,0,0.0,19.0,0.0,2.0,0.0,17.5,0.0,19.5,19,0.0,,,,,,,,,,0.0,0.0,0.0,0.0
2019,4,russell,williams,16,15,15,+2 Laps,0.0,49,Azerbaijan Grand Prix,Baku,2019-04-28,conventional,17,0 days 00:01:45.062000,,,0,0,0,0,0.0,18.333333333333332,0.0,3.0,0.0,17.5,0.0,18.833333333333332,17,0.0,,,,,,,,,,0.0,0.0,0.0,0.0
2019,5,russell,williams,19,17,17,+1 Lap,0.0,65,Spanish Grand Prix,Barcelona,2019-05-12,conventional,19,0 days 00:01:19.072000,,,0,0,0,0,0.0,17.666666666666668,0.0,4.0,0.0,19.5,0.0,18.166666666666668,17,0.0,,,,,,,,,,0.0,0.0,0.0,0.0
2019,6,russell,williams,19,15,15,+1 Lap,0.0,77,Monaco Grand Prix,Monte Carlo,2019-05-26,conventional,19,0 days 00:01:13.477000,,,0,0,0,0,0.0,17.666666666666668,0.0,5.0,0.0,19.5,0.0,18.166666666666668,19,0.0,,,,,,,,,,0.0,0.0,0.0,0.0
2019,7,russell,williams,18,16,16,+2 Laps,0.0,68,Canadian Grand Prix,Montréal,2019-06-09,conventional,19,0 days 00:01:13.617000,,,0,0,0,0,0.0,18.333333333333332,0.0,6.0,0.0,19.5,0.0,18.833333333333332,19,0.0,,,,,,,,,,0.0,0.0,0.0,0.0
2019,8,russell,williams,20,19,19,+2 Laps,0.0,51,French Grand Prix,Le Castellet,2019-06-23,conventional,19,0 days 00:01:32.789000,,,0,0,0,0,0.0,19.0,0.0,7.0,0.0,19.5,0.0,19.5,19,0.0,,,,,,,,,,0.0,0.0,0.0,0.0
2019,9,russell,williams,0,18,18,+2 Laps,0.0,69,Austrian Grand Prix,Spielberg,2019-06-30,conventional,19,0 days 00:01:05.904000,,,0,0,0,0,0.0,19.0,0.0,8.0,0.0,19.5,0.0,19.5,19,0.0,,,,,,,,,,0.0,0.0,0.0,0.0
2019,10,russell,williams,19,14,14,+1 Lap,0.0,51,British Grand Prix,Silverstone,2019-07-14,conventional,19,0 days 00:01:27.789000,,,0,0,0,0,0.0,19.0,0.0,9.0,0.0,19.5,0.0,19.5,19,0.0,,,,,,,,,,0.0,0.0,0.0,0.0
2019,11,russell,williams,17,11,11,Finished,0.0,64,German Grand Prix,Hockenheim,2019-07-28,conventional,18,0 days 00:01:14.721000,,,0,0,0,0,0.0,19.0,0.0,10.0,0.5,18.5,0.0,19.5,19,0.0,,,,,,,,,,0.0,0.0,0.0,0.0
2019,12,russell,williams,15,16,16,+2 Laps,0.0,68,Hungarian Grand Prix,Budapest,2019-08-04,conventional,16,0 days 00:01:17.031000,,,0,0,0,0,0.0,18.666666666666668,0.0,11.0,0.0,18.0,0.16666666666666666,19.166666666666668,18,0.0,,,,,,,,,,0.0,0.0,0.0,0.0
2019,13,russell,williams,14,15,15,+1 Lap,0.0,43,Belgian Grand Prix,Spa-Francorchamps,2019-09-01,conventional,19,0 days 00:01:47.548000,,,0,0,0,0,0.0,17.666666666666668,0.0,12.0,0.0,19.5,0.16666666666666666,18.666666666666668,16,0.0,,,,,,,,,,0.0,0.0,0.0,0.0
2019,14,russell,williams,14,14,14,+1 Lap,0.0,52,Italian Grand Prix,Monza,2019-09-08,conventional,18,0 days 00:01:21.800000,,,0,0,0,0,0.0,17.666666666666668,0.0,13.0,0.0,18.5,0.16666666666666666,18.666666666666668,19,0.0,,,,,,,,,,0.0,0.0,0.0,0.0
2019,15,russell,williams,18,20,R,Collision,0.0,34,Singapore Grand Prix,Singapore,2019-09-22,conventional,18,0 days 00:01:40.867000,,,0,0,0,1,0.0,17.666666666666668,0.0,14.0,0.0,18.5,0.0,18.666666666666668,18,0.0,,,,,,,,,,0.0,0.0,0.0,0.0
2019,16,russell,williams,17,17,R,Brakes,0.0,27,Russian Grand Prix,Sochi,2019-09-29,conventional,17,0 days 00:01:35.356000,,,0,0,0,0,0.0,18.333333333333332,0.1,15.0,0.0,17.5,0.0,18.833333333333332,18,0.0,,,,,,,,,,0.0,0.0,0.0,0.0
2019,17,russell,williams,18,16,16,+2 Laps,0.0,50,Japanese Grand Prix,Suzuka,2019-10-13,conventional,18,0 days 00:01:30.364000,,,0,0,0,0,0.0,17.666666666666668,0.1,16.0,0.0,19.0,0.0,18.166666666666668,17,0.0,,,,,,,,,,0.0,0.0,0.0,0.0
2019,18,russell,williams,19,16,16,+2 Laps,0.0,69,Mexican Grand Prix,Mexico City,2019-10-27,conventional,19,0 days 00:01:18.823000,,,0,0,0,0,0.0,17.666666666666668,0.1,17.0,0.0,19.5,0.0,18.333333333333332,18,0.0,,,,,,,,,,0.0,0.0,0.0,0.0
2019,19,russell,williams,18,17,17,+2 Laps,0.0,54,United States Grand Prix,Austin,2019-11-03,conventional,18,0 days 00:01:35.372000,,,0,0,0,0,0.0,18.0,0.1,18.0,0.0,19.0,0.0,18.666666666666668,19,0.0,,,,,,,,,,0.0,0.0,0.0,0.0
2019,20,russell,williams,18,12,12,Finished,0.0,71,Brazilian Grand Prix,São Paulo,2019-11-17,conventional,18,0 days 00:01:10.126000,,,0,0,0,0,0.0,18.333333333333332,0.1,19.0,0.0,18.5,0.0,19.166666666666668,18,0.0,,,,,,,,,,0.0,0.0,0.0,0.0
2019,21,russell,williams,18,17,17,+1 Lap,0.0,54,Abu Dhabi Grand Prix,Yas Island,2019-12-01,conventional,19,0 days 00:01:38.717000,,,0,0,0,0,0.0,18.333333333333332,0.1,20.0,0.0,19.5,0.0,19.0,18,0.0,,,,,,,,,,0.0,0.0,0.0,0.0
2020,1,russell,williams,17,15,R,Fuel pressure,0.0,49,Austrian Grand Prix,Spielberg,2020-07-05,conventional,17,0 days 00:01:05.167000,,,0,0,0,0,0.0,18.333333333333332,0.1,21.0,0.0,18.5,0.0,19.0,19,0.0,18.333333333333332,17.0,0.0,0.0,-0.0,0.0,0.12383695368804304,0.0,0.0,0.0,0.0,0.0,0.0
2020,2,russell,williams,11,16,16,+2 Laps,0.0,69,Styrian Grand Prix,Spielberg,2020-07-12,conventional,12,0 days 00:01:20.382000,0 days 00:01:19.636000,,0,0,0,0,0.0,18.0,0.1,22.0,0.0,15.0,0.0,18.833333333333332,17,0.0,18.0,19.0,7.0,7.0,0.0,0.0,0.7428788706128158,0.0,0.0,0.0,0.0,1.0,0.0
2020,3,russell,williams,12,18,18,+1 Lap,0.0,69,Hungarian Grand Prix,Budapest,2020-07-19,conventional,12,0 days 00:01:15.585000,0 days 00:01:15.698000,,0,0,0,0,0.0,16.0,0.1,23.0,0.0,13.5,0.0,17.666666666666668,12,0.0,16.0,16.0,4.0,4.0,0.0,0.0,0.3316375686763564,0.0,0.0,0.0,0.0,2.0,0.0
2020,4,russell,williams,20,12,12,Finished,0.0,52,British Grand Prix,Silverstone,2020-08-02,conventional,15,0 days 00:01:26.732000,0 days 00:01:27.092000,,0,0,0,0,0.0,13.666666666666666,0.1,24.0,0.0,17.5,0.0,15.666666666666666,12,0.0,13.666666666666666,14.0,-1.0,0.0,1.0,0.0,0.0,0.0,0.0,0.0,0.0,3.0,0.0
2020,5,russell,williams,15,18,18,+1 Lap,0.0,51,70th Anniversary Grand Prix,Silverstone,2020-08-09,conventional,15,0 days 00:01:27.757000,0 days 00:01:27.455000,,0,0,0,0,0.0,13.0,0.0,25.0,0.0,16.5,0.0,15.333333333333334,15,0.0,13.0,14.0,-1.0,0.0,1.0,0.0,0.0,0.0,0.0,0.0,0.0,3.0,0.0
2020,6,russell,williams,18,17,17,+1 Lap,0.0,65,Spanish Grand Prix,Barcelona,2020-08-16,conventional,18,0 days 00:01:18.099000,,,0,0,0,0,0.0,14.0,0.0,26.0,0.0,18.5,0.0,15.833333333333334,15,0.0,14.0,14.0,-4.0,0.0,4.0,0.0,0.0,0.0,0.0,0.0,0.0,3.0,0.0
2020,7,russell,williams,15,19,R,Debris,0.0,9,Belgian Grand Prix,Spa-Francorchamps,2020-08-30,conventional,15,0 days 00:01:43.630000,0 days 00:01:43.468000,,0,0,0,0,0.0,16.0,0.0,27.0,0.0,17.0,0.0,17.5,18,0.0,16.0,15.0,0.0,0.0,-0.0,0.0,0.0,0.0,0.0,0.0,0.0,3.0,0.0
2020,8,russell,williams,19,14,14,Finished,0.0,53,Italian Grand Prix,Monza,2020-09-06,conventional,19,0 days 00:01:21.587000,,,0,0,0,0,0.0,16.0,0.0,28.0,0.0,19.5,0.0,17.333333333333332,15,0.0,16.0,16.0,-3.0,0.0,3.0,0.0,0.0,0.0,0.0,0.0,0.0,3.0,0.0
2020,9,russell,williams,18,11,11,Finished,0.0,59,Tuscan Grand Prix,Mugello,2020-09-13,conventional,18,0 days 00:01:17.232000,,,0,0,0,0,0.0,17.333333333333332,0.0,29.0,0.0,18.5,0.0,18.333333333333332,19,0.0,17.333333333333332,18.0,0.0,0.0,-0.0,0.0,0.0,0.0,0.0,0.0,0.0,3.0,0.0
2020,10,russell,williams,13,18,18,+1 Lap,0.0,52,Russian Grand Prix,Sochi,2020-09-27,conventional,14,0 days 00:01:34.020000,0 days 00:01:33.583000,,0,0,0,0,0.0,17.333333333333332,0.0,30.0,0.0,16.5,0.0,18.333333333333332,18,0.0,17.333333333333332,17.0,3.0,3.0,0.0,0.0,0.6970127898653997,0.0,0.0,0.0,0.0,3.0,0.0
2020,11,russell,williams,17,20,R,Collision,0.0,12,Eifel Grand Prix,Nürburgring,2020-10-11,conventional,17,0 days 00:01:27.564000,,,0,0,0,1,0.0,17.0,0.0,31.0,0.0,17.5,0.0,18.166666666666668,14,0.0,17.0,17.0,0.0,0.0,-0.0,0.0,0.4887780000733475,0.0,0.0,0.0,0.0,3.0,0.0
2020,12,russell,williams,14,14,14,+1 Lap,0.0,65,Portuguese Grand Prix,Portimão,2020-10-25,conventional,14,0 days 00:01:17.931000,0 days 00:01:17.788000,,0,0,0,0,0.0,16.333333333333332,0.1,32.0,0.0,17.0,0.0,17.5,17,0.0,16.333333333333332,17.0,3.0,3.0,0.0,0.0,0.8542842062549783,0.0,0.0,0.0,0.0,3.0,0.0
2020,13,russell,williams,13,16,R,Accident,0.0,51,Emilia Romagna Grand Prix,Imola,2020-11-01,conventional,13,0 days 00:01:15.760000,0 days 00:01:15.323000,,0,0,0,1,0.0,15.0,0.1,33.0,0.0,16.0,0.0,17.0,14,0.0,15.0,15.0,2.0,2.0,0.0,0.0,0.7136727443457929,0.0,0.0,0.0,0.0,3.0,0.0
2020,14,russell,williams,0,16,16,+1 Lap,0.0,57,Turkish Grand Prix,Istanbul,2020-11-15,conventional,18,0 days 00:02:10.017000,,,0,0,0,0,0.0,14.666666666666666,0.2,34.0,0.0,19.0,0.0,16.833333333333332,13,0.0,14.666666666666666,15.0,-3.0,0.0,3.0,0.0,0.0,0.0,0.0,0.0,0.0,3.0,0.0
2020,15,russell,williams,14,12,12,+1 Lap,0.0,56,Bahrain Grand Prix,Sakhir,2020-11-29,conventional,14,0 days 00:01:29.294000,0 days 00:01:31.218000,,0,0,0,0,0.0,15.0,0.2,35.0,0.0,17.0,0.0,17.333333333333332,18,0.0,15.0,16.0,2.0,2.0,0.0,0.0,0.01589271689692051,0.0,0.0,0.0,0.0,3.0,0.0
2020,16,russell,mercedes,2,9,9,Finished,3.0,87,Sakhir Grand Prix,Sakhir,2020-12-06,conventional,2,0 days 00:00:54.160000,0 days 00:00:53.819000,0 days 00:00:53.403000,2,1,0,0,0.0,15.0,0.2,36.0,3.0,1.5,16.166666666666668,3.5,14,0.0,15.0,15.0,13.0,13.0,0.0,12.0,9.728728695917042,0.0,10.0,0.0,0.0,3.0,0.0
2020,17,russell,williams,16,15,15,+1 Lap,0.0,54,Abu Dhabi Grand Prix,Yas Island,2020-12-13,conventional,18,0 days 00:01:38.045000,,,0,0,0,0,0.6666666666666666,11.333333333333334,0.2,37.0,0.0,19.0,0.0,17.833333333333332,2,2.0,11.333333333333334,12.0,-6.0,0.0,6.0,0.0,1.5925645639113322,0.0,0.0,0.0,10.0,3.0,-10.0
2021,1,russell,williams,15,14,14,+1 Lap,0.0,55,Bahrain Grand Prix,Sakhir,2021-03-28,conventional,15,0 days 00:01:31.316000,0 days 00:01:33.430000,,0,0,0,0,0.6666666666666666,11.333333333333334,0.2,38.0,0.0,16.0,0.0,17.833333333333332,18,0.0,11.333333333333334,10.0,-5.0,0.0,5.0,0.0,0.2153155942503595,0.0,0.0,0.0,0.0,0.0,0.0
2021,2,russell,williams,12,19,R,Collision,0.0,30,Emilia Romagna Grand Prix,Imola,2021-04-18,conventional,12,0 days 00:01:15.826000,0 days 00:01:15.261000,,0,0,0,1,0.6666666666666666,11.666666666666666,0.2,39.0,0.0,13.0,0.0,17.5,15,0.0,11.666666666666666,11.0,-1.0,0.0,1.0,0.0,2.053025900420954,0.0,0.0,0.0,0.0,1.0,0.0
2021,3,russell,williams,11,16,16,+1 Lap,0.0,65,Portuguese Grand Prix,Portimão,2021-05-02,conventional,11,0 days 00:01:19.797000,0 days 00:01:19.109000,,0,0,0,0,0.0,15.0,0.3,40.0,0.0,14.5,0.0,16.0,12,0.0,15.0,15.0,4.0,4.0,0.0,0.0,0.7835697523972378,0.0,0.0,0.0,0.0,2.0,0.0
2021,4,russell,williams,15,14,14,+1 Lap,0.0,65,Spanish Grand Prix,Barcelona,2021-05-09,conventional,15,0 days 00:01:18.445000,0 days 00:01:19.154000,,0,0,0,0,0.0,12.666666666666666,0.3,41.0,0.0,17.0,0.0,14.5,11,0.0,12.666666666666666,13.0,-2.0,0.0,2.0,0.0,0.16904289786868176,0.0,0.0,0.0,0.0,3.0,0.0
2021,5,russell,williams,15,14,14,+1 Lap,0.0,77,Monaco Grand Prix,Monte Carlo,2021-05-23,conventional,15,0 days 00:01:12.016000,0 days 00:01:11.830000,,0,0,0,0,0.0,12.666666666666666,0.2,42.0,0.0,16.5,0.0,14.833333333333334,15,0.0,12.666666666666666,13.0,-2.0,0.0,2.0,0.0,0.0,0.0,0.0,0.0,0.0,3.0,0.0
2021,6,russell,williams,15,17,R,Gearbox,0.0,48,Azerbaijan Grand Prix,Baku,2021-06-06,conventional,15,0 days 00:01:42.728000,0 days 00:01:42.758000,,0,0,0,0,0.0,13.666666666666666,0.2,43.0,0.0,15.5,0.0,16.0,15,0.0,13.666666666666666,14.0,-1.0,0.0,1.0,0.0,0.2954980323270515,0.0,0.0,0.0,0.0,3.0,0.0
2021,7,russell,williams,14,12,12,+1 Lap,0.0,52,French Grand Prix,Le Castellet,2021-06-20,conventional,14,0 days 00:01:33.060000,0 days 00:01:32.065000,,0,0,0,0,0.0,15.0,0.1,44.0,0.0,15.0,0.0,16.333333333333332,15,0.0,15.0,17.0,3.0,3.0,0.0,0.0,0.3081381732402182,0.0,0.0,0.0,0.0,3.0,0.0
2021,8,russell,williams,10,19,R,Engine,0.0,36,Styrian Grand Prix,Spielberg,2021-06-27,conventional,11,0 days 00:01:05.033000,0 days 00:01:04.671000,,0,0,0,0,0.0,14.666666666666666,0.1,45.0,0.0,13.5,0.0,15.666666666666666,14,0.0,14.666666666666666,14.0,3.0,3.0,0.0,0.0,1.3582934875170687,0.0,0.0,0.0,0.0,3.0,0.0
2021,9,russell,williams,8,11,11,+1 Lap,0.0,70,Austrian Grand Prix,Spielberg,2021-07-04,conventional,9,0 days 00:01:04.907000,0 days 00:01:04.553000,0 days 00:01:04.591000,0,0,0,0,0.0,13.333333333333334,0.1,46.0,0.0,13.5,0.0,14.666666666666666,11,0.0,13.333333333333334,14.0,5.0,5.0,0.0,0.0,2.7796677092690403,0.0,0.0,0.0,0.0,3.0,0.0
2021,11,russell,williams,17,8,8,Finished,4.0,70,Hungarian Grand Prix,Budapest,2021-08-01,conventional,17,0 days 00:01:17.944000,,,4,1,0,0,0.0,11.333333333333334,0.1,47.0,5.0,17.5,0.0,14.0,9,0.0,11.333333333333334,10.0,-7.0,0.0,7.0,0.0,0.0,4.0,0.0,0.0,0.0,3.0,0.0
2021,12,russell,williams,2,2,2,Finished,9.0,1,Belgian Grand Prix,Spa-Francorchamps,2021-08-29,conventional,2,0 days 00:01:59.864000,0 days 00:01:56.950000,0 days 00:02:00.086000,18,1,1,0,1.3333333333333333,12.333333333333334,0.1,48.0,10.0,7.0,1.6666666666666667,14.833333333333334,17,4.0,12.333333333333334,13.0,11.0,11.0,0.0,6.0,6.261183440069104,12.0,0.0,4.0,0.0,3.0,4.0
2021,13,russell,williams,11,17,17,Gearbox,0.0,69,Dutch Grand Prix,Zandvoort,2021-09-05,conventional,11,0 days 00:01:10.382000,0 days 00:01:10.332000,,0,0,0,0,7.333333333333333,9.333333333333334,0.1,49.0,0.0,12.5,5.0,12.666666666666666,2,18.0,9.333333333333334,9.0,-2.0,0.0,2.0,0.0,1.9387880709450216,0.0,0.0,16.0,0.0,3.0,16.0
2021,15,russell,williams,3,10,10,Finished,1.0,53,Russian Grand Prix,Sochi,2021-09-26,conventional,3,0 days 00:01:48.303000,0 days 00:01:46.435000,0 days 00:01:42.983000,1,1,0,0,7.333333333333333,10.0,0.0,50.0,0.5,8.5,5.0,12.333333333333334,11,0.0,10.0,10.0,7.0,7.0,0.0,18.0,9.727480735126928,0.0,17.0,16.0,0.0,3.0,16.0
2021,16,russell,williams,13,15,15,+1 Lap,0.0,57,Turkish Grand Prix,Istanbul,2021-10-10,conventional,13,0 days 00:01:25.417000,0 days 00:01:25.007000,,0,0,0,0,6.333333333333333,5.333333333333333,0.0,51.0,0.0,15.0,3.5,9.333333333333334,3,1.0,5.333333333333333,2.0,-11.0,0.0,11.0,0.0,2.463394365460678,0.0,0.0,12.0,17.0,3.0,-5.0
2021,17,russell,williams,20,14,14,+1 Lap,0.0,55,United States Grand Prix,Austin,2021-10-24,conventional,15,0 days 00:01:35.746000,,,0,0,0,0,0.3333333333333333,9.0,0.0,52.0,0.0,16.0,0.16666666666666666,12.0,13,0.0,9.0,9.0,-6.0,0.0,6.0,0.0,0.9227846582649537,0.0,0.0,0.0,17.0,3.0,-17.0
2021,18,russell,williams,16,16,16,+2 Laps,0.0,69,Mexico City Grand Prix,Mexico City,2021-11-07,conventional,13,0 days 00:01:17.958000,0 days 00:01:18.172000,,0,0,0,0,0.3333333333333333,10.333333333333334,0.0,53.0,0.0,15.0,0.16666666666666666,13.166666666666666,15,0.0,10.333333333333334,11.0,-2.0,0.0,2.0,0.0,0.5313919870885657,0.0,0.0,0.0,17.0,3.0,-17.0
2021,20,russell,williams,15,17,17,+2 Laps,0.0,55,Qatar Grand Prix,Lusail,2021-11-21,conventional,15,0 days 00:01:22.863000,0 days 00:01:22.756000,,0,0,0,0,0.0,13.666666666666666,0.0,54.0,0.0,16.0,0.0,15.333333333333334,13,0.0,13.666666666666666,14.0,-1.0,0.0,1.0,0.0,0.0,0.0,0.0,0.0,0.0,3.0,0.0
2021,21,russell,williams,14,19,R,Collision,0.0,14,Saudi Arabian Grand Prix,Jeddah,2021-12-05,conventional,14,0 days 00:01:28.926000,0 days 00:01:29.054000,,0,0,0,1,0.0,14.333333333333334,0.0,55.0,0.0,15.0,0.0,15.666666666666666,15,0.0,14.333333333333334,14.0,0.0,0.0,-0.0,0.0,0.0,0.0,0.0,0.0,0.0,3.0,0.0
2021,22,russell,williams,17,18,R,Gearbox,0.0,26,Abu Dhabi Grand Prix,Yas Island,2021-12-12,conventional,17,0 days 00:01:24.423000,,,0,0,0,0,0.0,14.0,0.1,56.0,0.0,16.5,0.0,15.333333333333334,14,0.0,14.0,16.0,-1.0,0.0,1.0,0.0,0.0,0.0,0.0,0.0,0.0,3.0,0.0
2022,1,russell,mercedes,9,4,4,Finished,12.0,57,Bahrain Grand Prix,Sakhir,2022-03-20,conventional,9,0 days 00:01:32.269000,0 days 00:01:31.252000,0 days 00:01:32.216000,12,1,0,0,0.0,15.333333333333334,0.1,57.0,13.5,7.0,15.166666666666666,2.5,17,0.0,15.333333333333334,16.0,7.0,7.0,0.0,8.0,4.898689362885395,4.0,0.0,0.0,0.0,0.0,0.0
2022,2,russell,mercedes,6,5,5,Finished,10.0,50,Saudi Arabian Grand Prix,Jeddah,2022-03-27,conventional,6,0 days 00:01:29.680000,0 days 00:01:29.618000,0 days 00:01:29.104000,10,1,0,0,4.0,13.333333333333334,0.1,58.0,5.5,11.0,15.5,4.166666666666667,9,12.0,13.333333333333334,16.0,10.0,10.0,0.0,18.0,11.246573022184638,0.0,8.0,4.0,0.0,1.0,4.0
2022,3,russell,mercedes,6,3,3,Finished,15.0,58,Australian Grand Prix,Melbourne,2022-04-10,conventional,6,0 days 00:01:19.405000,0 days 00:01:19.076000,0 days 00:01:18.933000,15,1,1,0,7.333333333333333,10.666666666666666,0.1,59.0,13.5,5.5,10.666666666666666,7.333333333333333,6,10.0,10.666666666666666,11.0,5.0,5.0,0.0,6.0,5.390814331548834,9.0,0.0,4.0,8.0,2.0,-4.0
2022,5,russell,mercedes,12,5,5,Finished,10.0,57,Miami Grand Prix,Miami,2022-05-08,conventional,12,0 days 00:01:30.490000,0 days 00:01:30.173000,,10,1,0,0,12.333333333333334,7.0,0.1,60.0,9.0,9.0,10.833333333333334,7.833333333333333,6,15.0,7.0,5.0,-7.0,0.0,7.0,4.0,3.7266801177394386,6.0,0.0,13.0,8.0,3.0,5.0
2022,6,russell,mercedes,4,3,3,Finished,15.0,66,Spanish Grand Prix,Barcelona,2022-05-22,conventional,4,0 days 00:01:20.218000,0 days 00:01:19.470000,0 days 00:01:19.393000,15,1,1,0,11.666666666666666,8.0,0.1,61.0,12.5,5.0,9.333333333333334,8.5,12,10.0,8.0,6.0,2.0,2.0,0.0,12.0,11.301774933058669,3.0,0.0,15.0,8.0,3.0,7.0
2022,7,russell,mercedes,6,5,5,Finished,10.0,64,Monaco Grand Prix,Monaco,2022-05-29,conventional,6,0 days 00:01:12.787000,0 days 00:01:12.617000,0 days 00:01:12.112000,10,1,0,0,13.333333333333334,7.333333333333333,0.1,62.0,7.0,7.0,11.666666666666666,6.5,4,15.0,7.333333333333333,6.0,0.0,0.0,-0.0,10.0,8.385779225087326,0.0,0.0,18.0,0.0,3.0,18.0
2022,8,russell,mercedes,5,3,3,Finished,15.0,51,Azerbaijan Grand Prix,Baku,2022-06-12,conventional,5,0 days 00:01:43.754000,0 days 00:01:43.281000,0 days 00:01:42.712000,15,1,1,0,11.666666666666666,7.333333333333333,0.1,63.0,13.5,6.0,9.5,7.0,6,10.0,7.333333333333333,6.0,1.0,1.0,0.0,10.0,10.576697866133014,5.0,0.0,9.0,0.0,3.0,9.0
2022,9,russell,mercedes,8,4,4,Finished,12.0,70,Canadian Grand Prix,Montréal,2022-06-19,conventional,8,0 days 00:01:33.160000,0 days 00:01:24.950000,0 days 00:01:23.557000,12,1,0,0,13.333333333333334,5.0,0.1,64.0,13.5,6.0,11.0,6.0,5,15.0,5.0,5.0,-3.0,0.0,3.0,6.0,5.535960252131089,6.0,0.0,8.0,0.0,3.0,8.0
2022,10,russell,mercedes,8,18,R,Collision,0.0,0,British Grand Prix,Silverstone,2022-07-03,conventional,8,0 days 00:01:40.028000,0 days 00:01:41.725000,0 days 00:01:42.161000,0,0,0,1,12.333333333333334,6.333333333333333,0.1,65.0,7.5,6.5,11.333333333333334,6.333333333333333,8,12.0,6.333333333333333,7.0,-1.0,0.0,1.0,8.0,7.640637407241801,0.0,8.0,11.0,0.0,3.0,11.0
2022,12,russell,mercedes,6,3,3,Finished,15.0,53,French Grand Prix,Le Castellet,2022-07-24,conventional,6,0 days 00:01:33.109000,0 days 00:01:32.633000,0 days 00:01:32.131000,15,1,1,0,9.0,7.0,0.1,66.0,16.5,5.0,11.5,6.166666666666667,8,0.0,7.0,7.0,1.0,1.0,0.0,10.0,10.851968896421333,5.0,0.0,11.0,8.0,3.0,3.0
2022,13,russell,mercedes,1,3,3,Finished,15.0,70,Hungarian Grand Prix,Budapest,2022-07-31,conventional,1,0 days 00:01:18.407000,0 days 00:01:18.154000,0 days 00:01:17.377000,15,1,1,0,9.0,7.333333333333333,0.1,67.0,16.5,4.0,12.5,5.833333333333333,6,15.0,7.333333333333333,7.0,6.0,6.0,0.0,12.0,9.534701363189772,3.0,0.0,11.0,8.0,3.0,3.0
2022,14,russell,mercedes,5,4,4,Finished,12.0,44,Belgian Grand Prix,Spa-Francorchamps,2022-08-28,conventional,8,0 days 00:01:45.650000,0 days 00:01:45.461000,0 days 00:01:45.776000,12,1,0,0,10.0,5.0,0.1,68.0,6.0,7.5,13.5,5.166666666666667,1,15.0,5.0,5.0,-3.0,0.0,3.0,8.0,8.488351510314601,4.0,0.0,8.0,8.0,3.0,0.0
2022,15,russell,mercedes,6,2,2,Finished,18.0,72,Dutch Grand Prix,Zandvoort,2022-09-04,conventional,6,0 days 00:01:11.561000,0 days 00:01:10.824000,0 days 00:01:11.147000,18,1,1,0,14.0,5.0,0.1,69.0,15.0,5.0,13.0,5.5,8,12.0,5.0,4.0,-2.0,0.0,2.0,10.0,9.030928978480786,8.0,0.0,12.0,0.0,3.0,12.0
2022,16,russell,mercedes,2,3,3,Finished,15.0,53,Italian Grand Prix,Monza,2022-09-11,conventional,6,0 days 00:01:21.785000,0 days 00:01:21.747000,0 days 00:01:21.542000,15,1,1,0,15.0,5.0,0.1,70.0,12.5,5.5,12.5,5.5,6,18.0,5.0,4.0,-2.0,0.0,2.0,12.0,10.722209081180448,3.0,0.0,15.0,0.0,3.0,15.0
2022,17,russell,mercedes,0,14,14,+2 Laps,0.0,57,Singapore Grand Prix,Marina Bay,2022-10-02,conventional,11,0 days 00:01:54.633000,0 days 00:01:54.012000,,0,0,0,0,15.0,6.666666666666667,0.1,71.0,1.0,7.0,11.166666666666666,6.0,6,15.0,6.666666666666667,6.0,-5.0,0.0,5.0,10.0,9.866665156147016,0.0,10.0,15.0,0.0,3.0,15.0
2022,18,russell,mercedes,8,8,8,Finished,4.0,28,Japanese Grand Prix,Suzuka,2022-10-09,conventional,8,0 days 00:01:30.865000,0 days 00:01:30.465000,0 days 00:01:30.389000,4,1,0,0,11.0,7.666666666666667,0.1,72.0,7.0,7.0,9.5,5.833333333333333,11,0.0,7.666666666666667,7.0,-1.0,0.0,1.0,10.0,7.601237585683165,0.0,6.0,11.0,10.0,3.0,1.0
2022,19,russell,mercedes,4,5,5,Finished,11.0,56,United States Grand Prix,Austin,2022-10-23,conventional,6,0 days 00:01:36.195000,0 days 00:01:35.692000,0 days 00:01:34.988000,10,1,0,0,6.333333333333333,8.333333333333334,0.1,73.0,14.0,5.5,6.833333333333333,6.5,8,4.0,8.333333333333334,8.0,2.0,2.0,0.0,8.0,6.678562159943932,2.0,0.0,3.0,16.0,3.0,-13.0
2022,20,russell,mercedes,2,4,4,Finished,13.0,71,Mexico City Grand Prix,Mexico City,2022-10-30,conventional,2,0 days 00:01:19.583000,0 days 00:01:18.565000,0 days 00:01:18.079000,12,1,0,0,4.666666666666667,8.333333333333334,0.1,74.0,15.0,2.5,7.333333333333333,6.5,6,10.0,8.333333333333334,8.0,6.0,6.0,0.0,12.0,10.210796524143177,0.0,0.0,2.0,16.0,3.0,-14.0
2022,22,russell,mercedes,6,5,5,Finished,10.0,58,Abu Dhabi Grand Prix,Yas Island,2022-11-20,conventional,6,0 days 00:01:25.545000,0 days 00:01:24.940000,0 days 00:01:24.511000,10,1,0,0,8.666666666666666,5.333333333333333,0.1,75.0,5.0,5.5,12.0,5.0,2,12.0,5.333333333333333,6.0,0.0,0.0,-0.0,8.0,9.476982963474867,2.0,0.0,2.0,6.0,3.0,-4.0
2023,1,russell,mercedes,6,7,7,Finished,6.0,57,Bahrain Grand Prix,Sakhir,2023-03-05,conventional,6,0 days 00:01:31.057000,0 days 00:01:30.507000,0 days 00:01:30.340000,6,1,0,0,10.666666666666666,4.666666666666667,0.0,76.0,8.0,6.5,11.333333333333334,4.5,6,10.0,4.666666666666667,6.0,0.0,0.0,-0.0,12.0,13.429771438259182,0.0,6.0,0.0,0.0,0.0,0.0
2023,2,russell,mercedes,3,4,4,Finished,12.0,50,Saudi Arabian Grand Prix,Jeddah,2023-03-19,conventional,4,0 days 00:01:29.592000,0 days 00:01:29.132000,0 days 00:01:28.857000,12,1,0,0,9.333333333333334,4.666666666666667,0.0,77.0,11.0,6.0,9.333333333333334,4.833333333333333,6,6.0,4.666666666666667,5.0,1.0,1.0,0.0,15.0,13.484886127095526,0.0,3.0,0.0,6.0,1.0,-6.0
2023,3,russell,mercedes,2,18,R,Retired,0.0,17,Australian Grand Prix,Melbourne,2023-04-02,conventional,2,0 days 00:01:17.654000,0 days 00:01:17.513000,0 days 00:01:16.968000,0,0,0,0,9.333333333333334,5.333333333333333,0.0,78.0,9.0,2.5,8.0,6.0,4,12.0,5.333333333333333,4.0,2.0,2.0,0.0,15.0,12.104495615566345,0.0,15.0,0.0,9.0,2.0,-9.0
2023,5,russell,mercedes,6,4,4,Finished,12.0,57,Miami Grand Prix,Miami,2023-05-07,conventional,6,0 days 00:01:28.086000,0 days 00:01:27.743000,0 days 00:01:27.804000,12,1,0,0,6.0,4.0,0.0,79.0,10.0,9.5,9.333333333333334,5.0,2,0.0,4.0,3.0,-3.0,0.0,3.0,12.0,7.956336110628841,0.0,0.0,0.0,24.0,3.0,-24.0
2023,6,russell,mercedes,8,5,5,Finished,10.0,78,Monaco Grand Prix,Monaco,2023-05-28,conventional,8,0 days 00:01:12.769000,0 days 00:01:12.151000,0 days 00:01:11.964000,10,1,0,0,8.0,4.0,0.0,80.0,11.0,7.0,10.0,6.0,6,12.0,4.0,2.0,-6.0,0.0,6.0,6.0,6.108027498201276,4.0,0.0,0.0,18.0,3.0,-18.0
2023,7,russell,mercedes,12,3,3,Finished,15.0,66,Spanish Grand Prix,Barcelona,2023-06-04,conventional,12,0 days 00:01:13.326000,0 days 00:01:13.447000,,15,1,1,0,7.333333333333333,5.333333333333333,0.0,81.0,16.5,8.5,10.0,6.333333333333333,8,10.0,5.333333333333333,4.0,-8.0,0.0,8.0,6.0,6.193399616447654,9.0,0.0,4.0,15.0,3.0,-11.0
2023,8,russell,mercedes,4,19,R,Retired,0.0,53,Canadian Grand Prix,Montréal,2023-06-18,conventional,5,0 days 00:01:21.798000,0 days 00:01:20.098000,0 days 00:01:27.893000,0,0,0,0,12.333333333333334,8.666666666666666,0.0,82.0,7.5,4.5,12.5,8.333333333333334,12,15.0,8.666666666666666,7.0,2.0,2.0,0.0,15.0,10.433554653484055,0.0,15.0,13.0,0.0,3.0,13.0
2023,10,russell,mercedes,6,5,5,Finished,10.0,52,British Grand Prix,Silverstone,2023-07-09,conventional,6,0 days 00:01:29.412000,0 days 00:01:28.782000,0 days 00:01:27.155000,10,1,0,0,8.333333333333334,8.333333333333334,0.0,83.0,12.5,6.5,11.666666666666666,6.666666666666667,5,0.0,8.333333333333334,7.0,1.0,1.0,0.0,10.0,10.347813960349665,0.0,0.0,13.0,15.0,3.0,-2.0
2023,11,russell,mercedes,18,6,6,Finished,8.0,70,Hungarian Grand Prix,Budapest,2023-07-23,conventional,18,0 days 00:01:19.027000,,,8,1,0,0,8.333333333333334,7.666666666666667,0.0,84.0,10.0,9.5,12.166666666666666,6.5,6,10.0,7.666666666666667,8.0,-10.0,0.0,10.0,8.0,5.830753528811956,0.0,0.0,9.0,15.0,3.0,-6.0
2023,13,russell,mercedes,3,17,17,Finished,0.0,72,Dutch Grand Prix,Zandvoort,2023-08-27,conventional,3,0 days 00:01:21.345000,0 days 00:01:19.620000,0 days 00:01:11.294000,0,0,0,0,6.0,9.666666666666666,0.0,85.0,4.0,8.0,10.0,6.833333333333333,18,8.0,9.666666666666666,9.0,6.0,6.0,0.0,10.0,10.413341264204153,0.0,10.0,0.0,15.0,3.0,-15.0
2023,14,russell,mercedes,4,5,5,Finished,10.0,51,Italian Grand Prix,Monza,2023-09-03,conventional,4,0 days 00:01:22.148000,0 days 00:01:21.382000,0 days 00:01:20.671000,10,1,0,0,6.0,9.0,0.0,86.0,9.0,6.0,8.833333333333334,8.0,3,0.0,9.0,8.0,4.0,4.0,0.0,12.0,9.583306949899733,0.0,2.0,0.0,10.0,3.0,-10.0
2023,15,russell,mercedes,2,16,16,Retired,0.0,61,Singapore Grand Prix,Marina Bay,2023-09-17,conventional,2,0 days 00:01:32.331000,0 days 00:01:31.743000,0 days 00:01:31.056000,0,0,0,0,6.0,8.333333333333334,0.0,87.0,7.5,3.5,7.666666666666667,7.833333333333333,4,10.0,8.333333333333334,9.0,7.0,7.0,0.0,8.0,8.578719853392627,0.0,8.0,0.0,12.0,3.0,-12.0
2023,16,russell,mercedes,8,7,7,Finished,6.0,53,Japanese Grand Prix,Suzuka,2023-09-24,conventional,8,0 days 00:01:30.811000,0 days 00:01:30.268000,0 days 00:01:30.219000,6,1,0,0,3.3333333333333335,3.0,0.0,88.0,8.0,7.5,6.833333333333333,5.833333333333333,2,0.0,3.0,2.0,-6.0,0.0,6.0,6.0,8.461326978818185,0.0,0.0,0.0,20.0,3.0,-20.0
2023,19,russell,mercedes,8,6,6,Finished,8.0,71,Mexico City Grand Prix,Mexico City,2023-10-29,conventional,8,0 days 00:01:18.893000,0 days 00:01:17.673000,0 days 00:01:17.674000,8,1,0,0,5.333333333333333,4.666666666666667,0.0,89.0,13.0,7.0,8.166666666666666,5.666666666666667,8,6.0,4.666666666666667,4.0,-4.0,0.0,4.0,10.0,9.764657505925062,0.0,2.0,0.0,10.0,3.0,-10.0
2023,21,russell,mercedes,3,8,8,Finished,4.0,50,Las Vegas Grand Prix,Las Vegas,2023-11-18,conventional,4,0 days 00:01:34.137000,0 days 00:01:33.351000,0 days 00:01:33.112000,4,1,0,0,4.666666666666667,6.0,0.0,90.0,5.0,7.5,9.5,6.0,8,8.0,6.0,5.0,1.0,1.0,0.0,10.0,7.467952654262671,0.0,6.0,0.0,10.0,3.0,-10.0
2023,22,russell,mercedes,4,3,3,Finished,15.0,58,Abu Dhabi Grand Prix,Yas Island,2023-11-26,conventional,4,0 days 00:01:24.337000,0 days 00:01:24.013000,0 days 00:01:23.788000,15,1,1,0,6.0,6.666666666666667,0.0,91.0,8.5,7.5,8.666666666666666,7.333333333333333,4,4.0,6.666666666666667,4.0,0.0,0.0,-0.0,8.0,7.405030553843957,7.0,0.0,0.0,8.0,3.0,-8.0
2024,1,russell,mercedes,3,5,5,Finished,10.0,57,Bahrain Grand Prix,Sakhir,2024-03-02,conventional,3,0 days 00:01:30.350000,0 days 00:01:29.922000,0 days 00:01:29.485000,10,1,0,0,9.0,5.333333333333333,0.0,92.0,8.0,6.0,8.833333333333334,7.333333333333333,4,15.0,5.333333333333333,3.0,0.0,0.0,-0.0,15.0,10.746252862863006,0.0,5.0,0.0,0.0,0.0,0.0
2024,2,russell,mercedes,7,6,6,Finished,8.0,50,Saudi Arabian Grand Prix,Jeddah,2024-03-09,conventional,7,0 days 00:01:28.749000,0 days 00:01:28.448000,0 days 00:01:28.316000,8,1,0,0,9.666666666666666,3.6666666666666665,0.0,93.0,5.0,7.5,7.166666666666667,7.0,3,10.0,3.6666666666666665,3.0,-4.0,0.0,4.0,10.0,7.570861961705622,0.0,2.0,0.0,5.0,1.0,-5.0
2024,3,russell,mercedes,7,17,17,Retired,0.0,56,Australian Grand Prix,Melbourne,2024-03-24,conventional,7,0 days 00:01:17.062000,0 days 00:01:16.901000,0 days 00:01:16.724000,0,0,0,0,11.0,4.666666666666667,0.0,94.0,0.0,9.0,7.166666666666667,7.0,7,8.0,4.666666666666667,3.0,-4.0,0.0,4.0,6.0,6.050174995571476,0.0,6.0,0.0,7.0,2.0,-7.0
2024,4,russell,mercedes,9,7,7,Finished,6.0,53,Japanese Grand Prix,Suzuka,2024-04-07,conventional,9,0 days 00:01:29.799000,0 days 00:01:29.140000,0 days 00:01:29.008000,6,1,0,0,6.0,5.666666666666667,0.0,95.0,4.0,8.0,4.333333333333333,7.5,7,0.0,5.666666666666667,5.0,-4.0,0.0,4.0,4.0,6.783082177910525,2.0,0.0,0.0,13.0,3.0,-13.0
2024,7,russell,mercedes,6,7,7,Finished,7.0,63,Emilia Romagna Grand Prix,Imola,2024-05-19,conventional,6,0 days 00:01:16.107000,0 days 00:01:15.671000,0 days 00:01:15.234000,6,1,0,0,4.666666666666667,7.666666666666667,0.0,96.0,7.0,7.0,3.0,8.166666666666666,9,6.0,7.666666666666667,8.0,2.0,2.0,0.0,6.0,6.066433909736189,0.0,0.0,2.0,8.0,3.0,-6.0
2024,8,russell,mercedes,5,5,5,Finished,10.0,78,Monaco Grand Prix,Monaco,2024-05-26,conventional,5,0 days 00:01:11.492000,0 days 00:01:10.929000,0 days 00:01:10.543000,10,1,0,0,4.0,7.333333333333333,0.0,97.0,8.0,6.0,3.6666666666666665,8.0,6,6.0,7.333333333333333,7.0,2.0,2.0,0.0,8.0,6.998206642980429,2.0,0.0,2.0,6.0,3.0,-4.0
2024,9,russell,mercedes,1,3,3,Finished,15.0,70,Canadian Grand Prix,Montréal,2024-06-09,conventional,1,0 days 00:01:13.013000,0 days 00:01:11.742000,0 days 00:01:12,15,1,1,0,7.333333333333333,6.666666666666667,0.0,98.0,13.5,4.0,6.333333333333333,7.0,5,10.0,6.666666666666667,6.0,5.0,5.0,0.0,12.0,8.074002033583904,3.0,0.0,4.0,0.0,3.0,4.0
2024,10,russell,mercedes,4,4,4,Finished,12.0,66,Spanish Grand Prix,Barcelona,2024-06-23,conventional,4,0 days 00:01:12.456000,0 days 00:01:11.812000,0 days 00:01:11.703000,12,1,0,0,10.333333333333334,4.0,0.0,99.0,13.5,3.5,9.5,5.666666666666667,1,15.0,4.0,4.0,0.0,0.0,-0.0,12.0,11.946846222885446,0.0,0.0,5.0,0.0,3.0,5.0
2024,12,russell,mercedes,1,19,R,Retired,0.0,33,British Grand Prix,Silverstone,2024-07-07,conventional,1,0 days 00:01:30.106000,0 days 00:01:26.723000,0 days 00:01:25.819000,0,0,0,0,12.333333333333334,3.3333333333333335,0.0,100.0,12.5,1.5,11.666666666666666,4.5,4,12.0,3.3333333333333335,3.0,2.0,2.0,0.0,12.0,10.952352184653176,0.0,12.0,5.0,0.0,3.0,5.0
2024,13,russell,mercedes,17,8,8,Finished,5.0,70,Hungarian Grand Prix,Budapest,2024-07-21,conventional,17,0 days 00:01:17.968000,,,4,1,0,0,9.0,2.0,0.0,101.0,9.5,11.0,13.166666666666666,3.0,1,0.0,2.0,1.0,-16.0,0.0,16.0,6.0,6.236226200427853,0.0,2.0,3.0,12.0,3.0,-9.0
2024,14,russell,mercedes,6,20,20,Disqualified,0.0,44,Belgian Grand Prix,Spa-Francorchamps,2024-07-28,conventional,7,0 days 00:01:55.353000,0 days 00:01:54.095000,0 days 00:01:54.184000,0,0,0,0,5.333333333333333,7.333333333333333,0.0,102.0,12.5,5.5,11.833333333333334,5.333333333333333,17,4.0,7.333333333333333,7.0,0.0,0.0,-0.0,6.0,8.136213373028335,0.0,6.0,0.0,14.0,3.0,-14.0
2024,15,russell,mercedes,4,7,7,Finished,6.0,72,Dutch Grand Prix,Zandvoort,2024-08-25,conventional,4,0 days 00:01:11.049000,0 days 00:01:10.552000,0 days 00:01:10.244000,6,1,0,0,1.3333333333333333,8.333333333333334,0.0,103.0,5.0,7.5,11.5,6.0,7,0.0,8.333333333333334,7.0,3.0,3.0,0.0,8.0,8.982825140103698,0.0,2.0,0.0,20.0,3.0,-20.0
2024,16,russell,mercedes,3,7,7,Finished,6.0,53,Italian Grand Prix,Monza,2024-09-01,conventional,3,0 days 00:01:20.169000,0 days 00:01:19.877000,0 days 00:01:19.440000,6,1,0,0,3.3333333333333335,9.333333333333334,0.0,104.0,8.0,4.5,9.0,8.0,4,6.0,9.333333333333334,9.0,6.0,6.0,0.0,6.0,8.335140086985536,0.0,0.0,0.0,10.0,3.0,-10.0
2024,17,russell,mercedes,5,3,3,Finished,15.0,51,Azerbaijan Grand Prix,Baku,2024-09-15,conventional,5,0 days 00:01:43.139000,0 days 00:01:42.329000,0 days 00:01:41.874000,15,1,1,0,4.0,4.666666666666667,0.0,105.0,8.5,6.0,8.5,5.833333333333333,3,6.0,4.666666666666667,5.0,0.0,0.0,-0.0,8.0,9.339640655047688,7.0,0.0,0.0,8.0,3.0,-8.0
2024,18,russell,mercedes,4,4,4,Finished,12.0,62,Singapore Grand Prix,Marina Bay,2024-09-22,conventional,4,0 days 00:01:30.811000,0 days 00:01:30.153000,0 days 00:01:29.867000,12,1,0,0,9.0,4.0,0.0,106.0,10.0,3.5,7.166666666666667,6.0,5,15.0,4.0,3.0,-1.0,0.0,1.0,15.0,12.570319836427984,0.0,3.0,7.0,2.0,3.0,5.0
2024,20,russell,mercedes,5,5,5,Finished,10.0,71,Mexico City Grand Prix,Mexico City,2024-10-27,conventional,5,0 days 00:01:17.194000,0 days 00:01:16.937000,0 days 00:01:16.356000,10,1,0,0,11.0,4.0,0.0,107.0,11.0,5.5,8.833333333333334,4.666666666666667,4,12.0,4.0,2.0,-3.0,0.0,3.0,6.0,6.999181245009032,4.0,0.0,7.0,3.0,3.0,4.0
2024,22,russell,mercedes,1,1,1,Finished,25.0,50,Las Vegas Grand Prix,Las Vegas,2024-11-23,conventional,1,0 days 00:01:33.186000,0 days 00:01:32.779000,0 days 00:01:32.312000,25,1,1,0,12.333333333333334,4.666666666666667,0.0,108.0,21.5,5.5,9.833333333333334,5.0,5,10.0,4.666666666666667,3.0,2.0,2.0,0.0,12.0,11.598419096208122,13.0,0.0,11.0,3.0,3.0,8.0
2024,24,russell,mercedes,6,5,5,Finished,10.0,58,Abu Dhabi Grand Prix,Yas Island,2024-12-08,conventional,7,0 days 00:01:23.678000,0 days 00:01:23.283000,0 days 00:01:23.132000,10,1,0,0,15.666666666666666,3.3333333333333335,0.0,109.0,11.0,12.5,14.166666666666666,4.833333333333333,1,25.0,3.3333333333333335,3.0,-4.0,0.0,4.0,10.0,8.8613409031902,0.0,0.0,17.0,3.0,3.0,14.0
2025,1,russell,mercedes,4,3,3,Finished,15.0,57,Australian Grand Prix,Melbourne,2025-03-16,conventional,4,0 days 00:01:15.971000,0 days 00:01:15.798000,0 days 00:01:15.546000,15,1,1,0,15.0,4.333333333333333,0.0,110.0,13.5,10.0,14.5,7.833333333333333,7,10.0,4.333333333333333,4.0,0.0,0.0,-0.0,18.0,14.117652994949365,0.0,3.0,0.0,0.0,0.0,0.0
2025,3,russell,mercedes,5,5,5,Finished,10.0,53,Japanese Grand Prix,Suzuka,2025-04-06,conventional,5,0 days 00:01:27.843000,0 days 00:01:27.400000,0 days 00:01:27.318000,10,1,0,0,16.666666666666668,4.0,0.0,111.0,9.0,5.5,15.333333333333334,9.333333333333334,4,15.0,4.0,3.0,-2.0,0.0,2.0,12.0,9.903751598485405,0.0,2.0,0.0,3.0,1.0,-3.0
2025,4,russell,mercedes,3,2,2,Finished,18.0,57,Bahrain Grand Prix,Sakhir,2025-04-13,conventional,2,0 days 00:01:31.494000,0 days 00:01:30.664000,0 days 00:01:30.009000,18,1,1,0,11.666666666666666,5.333333333333333,0.0,112.0,9.0,3.0,11.166666666666666,9.333333333333334,5,10.0,5.333333333333333,4.0,2.0,2.0,0.0,15.0,10.716394701637977,3.0,0.0,0.0,5.0,2.0,-5.0
2025,5,russell,mercedes,3,5,5,Finished,10.0,50,Saudi Arabian Grand Prix,Jeddah,2025-04-20,conventional,3,0 days 00:01:28.282000,0 days 00:01:27.599000,0 days 00:01:27.407000,10,1,0,0,14.333333333333334,3.6666666666666665,0.0,113.0,9.0,4.0,10.5,6.166666666666667,2,18.0,3.6666666666666665,4.0,1.0,1.0,0.0,12.0,14.938393362770134,0.0,2.0,3.0,5.0,3.0,-2.0
2025,7,russell,mercedes,3,7,7,Finished,6.0,63,Emilia Romagna Grand Prix,Imola,2025-05-18,conventional,3,0 days 00:01:15.852000,0 days 00:01:15.334000,0 days 00:01:14.807000,6,1,0,0,12.666666666666666,3.3333333333333335,0.0,114.0,3.0,8.0,9.0,4.166666666666667,3,10.0,3.3333333333333335,3.0,0.0,0.0,-0.0,12.0,11.562195523099797,0.0,6.0,3.0,4.0,3.0,-1.0
2025,8,russell,mercedes,14,11,11,Lapped,0.0,76,Monaco Grand Prix,Monaco,2025-05-25,conventional,14,0 days 00:01:11.507000,,,0,0,0,0,11.333333333333334,2.6666666666666665,0.0,115.0,0.0,14.5,7.0,5.0,3,6.0,2.6666666666666665,2.0,-12.0,0.0,12.0,0.0,2.090551108913329,0.0,0.0,3.0,8.0,3.0,-5.0
2025,9,russell,mercedes,4,4,4,Finished,12.0,66,Spanish Grand Prix,Barcelona,2025-06-01,conventional,4,0 days 00:01:12.806000,0 days 00:01:12.407000,0 days 00:01:11.848000,12,1,0,0,5.333333333333333,6.666666666666667,0.0,116.0,6.0,5.0,4.0,8.833333333333334,14,0.0,6.666666666666667,5.0,1.0,1.0,0.0,8.0,8.089464599145183,4.0,0.0,0.0,8.0,3.0,-8.0
2025,10,russell,mercedes,1,1,1,Finished,25.0,70,Canadian Grand Prix,Montréal,2025-06-15,conventional,1,0 days 00:01:12.075000,0 days 00:01:11.570000,0 days 00:01:10.899000,25,1,1,0,6.0,7.0,0.0,117.0,20.0,2.5,3.0,9.166666666666666,4,12.0,7.0,6.0,5.0,5.0,0.0,12.0,10.409576654327687,13.0,0.0,4.0,6.0,3.0,-2.0
2025,11,russell,mercedes,5,5,5,Finished,10.0,70,Austrian Grand Prix,Spielberg,2025-06-29,conventional,5,0 days 00:01:05.189000,0 days 00:01:04.860000,0 days 00:01:04.763000,10,1,0,0,12.333333333333334,6.333333333333333,0.0,118.0,5.0,7.0,8.666666666666666,7.333333333333333,1,25.0,6.333333333333333,6.0,1.0,1.0,0.0,10.0,10.301537978994636,0.0,0.0,17.0,0.0,3.0,17.0
2025,12,russell,mercedes,4,10,10,Finished,1.0,52,British Grand Prix,Silverstone,2025-07-06,conventional,4,0 days 00:01:26.236000,0 days 00:01:25.637000,0 days 00:01:25.029000,1,1,0,0,15.666666666666666,3.3333333333333335,0.0,119.0,0.5,5.5,10.333333333333334,4.833333333333333,5,10.0,3.3333333333333335,3.0,-1.0,0.0,1.0,15.0,14.332354456712812,0.0,14.0,17.0,0.0,3.0,17.0
2025,14,russell,mercedes,4,3,3,Finished,15.0,70,Hungarian Grand Prix,Budapest,2025-08-03,conventional,4,0 days 00:01:15.627000,0 days 00:01:15.201000,0 days 00:01:15.425000,15,1,1,0,12.0,3.3333333333333335,0.0,120.0,8.0,9.5,8.5,5.0,4,1.0,3.3333333333333335,3.0,-1.0,0.0,1.0,15.0,9.891256612303115,0.0,0.0,13.0,14.0,3.0,-1.0
2025,15,russell,mercedes,5,4,4,Finished,12.0,72,Dutch Grand Prix,Zandvoort,2025-08-31,conventional,5,0 days 00:01:09.676000,0 days 00:01:09.313000,0 days 00:01:09.255000,12,1,0,0,8.666666666666666,4.333333333333333,0.0,121.0,6.0,8.0,4.5,7.333333333333333,4,15.0,4.333333333333333,4.0,-1.0,0.0,1.0,15.0,10.489600341502758,0.0,3.0,0.0,14.0,3.0,-14.0
2025,16,russell,mercedes,5,5,5,Finished,10.0,53,Italian Grand Prix,Monza,2025-09-07,conventional,6,0 days 00:01:19.414000,0 days 00:01:19.287000,0 days 00:01:19.157000,10,1,0,0,9.333333333333334,4.333333333333333,0.0,122.0,6.0,6.5,4.833333333333333,7.666666666666667,5,12.0,4.333333333333333,5.0,-1.0,0.0,1.0,12.0,11.570922618652114,0.0,2.0,0.0,17.0,3.0,-17.0
2025,17,russell,mercedes,5,2,2,Finished,18.0,51,Azerbaijan Grand Prix,Baku,2025-09-21,conventional,5,0 days 00:01:41.646000,0 days 00:01:41.455000,0 days 00:01:42.070000,18,1,1,0,12.333333333333334,5.0,0.0,123.0,15.0,4.5,6.666666666666667,8.0,6,10.0,5.0,5.0,0.0,0.0,-0.0,8.0,6.996317384687501,10.0,0.0,0.0,5.0,3.0,-5.0
2025,18,russell,mercedes,1,1,1,Finished,25.0,62,Singapore Grand Prix,Marina Bay,2025-10-05,conventional,1,0 days 00:01:29.928000,0 days 00:01:29.562000,0 days 00:01:29.158000,25,1,1,0,13.333333333333334,5.333333333333333,0.0,124.0,17.5,2.5,9.0,6.333333333333333,5,18.0,5.333333333333333,4.0,3.0,3.0,0.0,18.0,20.298916455653238,7.0,0.0,10.0,5.0,3.0,5.0
2025,20,russell,mercedes,4,7,7,Finished,6.0,71,Mexico City Grand Prix,Mexico City,2025-10-26,conventional,4,0 days 00:01:16.895000,0 days 00:01:16.537000,0 days 00:01:16.034000,6,1,0,0,17.666666666666668,4.0,0.0,125.0,7.0,5.0,12.833333333333334,4.5,1,25.0,4.0,2.0,-2.0,0.0,2.0,15.0,12.99486251818712,0.0,9.0,17.0,2.0,3.0,15.0
2025,22,russell,mercedes,4,2,2,Finished,18.0,50,Las Vegas Grand Prix,Las Vegas,2025-11-22,conventional,4,0 days 00:01:53.144000,0 days 00:01:50.935000,0 days 00:01:48.803000,18,1,1,0,16.333333333333332,3.3333333333333335,0.0,126.0,16.5,10.5,13.166666666666666,4.0,4,6.0,3.3333333333333335,2.0,-2.0,0.0,2.0,15.0,7.804047087291412,3.0,0.0,17.0,9.0,3.0,8.0
2025,24,russell,mercedes,4,5,5,Finished,10.0,58,Abu Dhabi Grand Prix,Yas Island,2025-12-07,conventional,4,0 days 00:01:23.247000,0 days 00:01:22.730000,0 days 00:01:22.645000,10,1,0,0,16.333333333333332,3.0,0.0,127.0,5.0,9.0,13.666666666666666,6.0,4,18.0,3.0,3.0,-1.0,0.0,1.0,18.0,16.015330247786185,0.0,8.0,10.0,9.0,3.0,1.0
2018,1,sainz,renault,9,10,10,Finished,1.0,58,Australian Grand Prix,Melbourne,2018-03-25,conventional,9,0 days 00:01:23.529000,0 days 00:01:23.061000,0 days 00:01:23.577000,1,1,0,0,,,,0.0,3.5,8.5,,,,,,,,,,,,,,0.0,0.0,0.0,0.0
2018,2,sainz,renault,10,11,11,+1 Lap,0.0,56,Bahrain Grand Prix,Sakhir,2018-04-08,conventional,10,0 days 00:01:29.893000,0 days 00:01:29.802000,0 days 00:01:29.986000,0,0,0,0,1.0,9.0,0.0,1.0,4.0,9.0,3.5,8.5,9,1.0,,,,,,,,,,0.0,0.0,0.0,0.0
2018,3,sainz,renault,9,9,9,Finished,2.0,56,Chinese Grand Prix,Shanghai,2018-04-15,conventional,9,0 days 00:01:33.315000,0 days 00:01:32.970000,0 days 00:01:32.819000,2,1,0,0,0.5,9.5,0.0,2.0,5.0,8.0,3.75,8.75,10,0.0,,,,,,,,,,0.0,0.0,0.0,0.0
2018,4,sainz,renault,9,5,5,Finished,10.0,51,Azerbaijan Grand Prix,Baku,2018-04-29,conventional,10,0 days 00:01:43.426000,0 days 00:01:43.464000,0 days 00:01:43.351000,10,1,0,0,1.0,9.333333333333334,0.0,3.0,5.0,9.5,4.166666666666667,8.5,9,2.0,,,,,,,,,,0.0,0.0,0.0,0.0
2018,5,sainz,renault,9,7,7,+1 Lap,6.0,65,Spanish Grand Prix,Barcelona,2018-05-13,conventional,9,0 days 00:01:18.480000,0 days 00:01:17.803000,0 days 00:01:17.790000,6,1,0,0,4.0,9.666666666666666,0.0,4.0,3.0,12.5,4.666666666666667,8.833333333333334,10,10.0,,,,,,,,,,0.0,0.0,0.0,0.0
2018,6,sainz,renault,8,10,10,Finished,1.0,78,Monaco Grand Prix,Monte Carlo,2018-05-27,conventional,8,0 days 00:01:12.950000,0 days 00:01:12.286000,0 days 00:01:12.130000,1,1,0,0,6.0,9.333333333333334,0.0,5.0,2.5,9.5,4.333333333333333,10.0,9,6.0,,,,,,,,,,0.0,0.0,0.0,0.0
2018,7,sainz,renault,9,8,8,+1 Lap,4.0,67,Canadian Grand Prix,Montréal,2018-06-10,conventional,9,0 days 00:01:12.689000,0 days 00:01:12.097000,0 days 00:01:12.168000,4,1,0,0,5.666666666666667,9.0,0.0,6.0,5.0,8.0,3.5,10.5,8,1.0,,,,,,,,,,0.0,0.0,0.0,0.0
2018,8,sainz,renault,7,8,8,Finished,4.0,53,French Grand Prix,Le Castellet,2018-06-24,conventional,7,0 days 00:01:32.394000,0 days 00:01:32.016000,0 days 00:01:32.126000,4,1,0,0,3.6666666666666665,8.666666666666666,0.0,7.0,3.0,9.5,3.5,10.0,9,4.0,,,,,,,,,,0.0,0.0,0.0,0.0
2018,9,sainz,renault,9,12,12,+1 Lap,0.0,70,Austrian Grand Prix,Spielberg,2018-07-01,conventional,9,0 days 00:01:04.948000,0 days 00:01:04.561000,0 days 00:01:04.725000,0,0,0,0,3.0,8.0,0.0,8.0,0.0,9.5,3.5,9.0,7,4.0,,,,,,,,,,0.0,0.0,0.0,0.0
2018,10,sainz,renault,16,17,R,Collision,0.0,37,British Grand Prix,Silverstone,2018-07-08,conventional,16,0 days 00:01:28.456000,,,0,0,0,1,2.6666666666666665,8.333333333333334,0.0,9.0,4.0,13.5,2.6666666666666665,9.0,9,0.0,,,,,,,,,,0.0,0.0,0.0,0.0
2018,11,sainz,renault,8,12,12,Finished,0.0,67,German Grand Prix,Hockenheim,2018-07-22,conventional,8,0 days 00:01:13.324000,0 days 00:01:13.032000,0 days 00:01:12.692000,0,0,0,0,1.3333333333333333,10.666666666666666,0.1,10.0,5.0,7.5,2.3333333333333335,10.833333333333334,16,0.0,,,,,,,,,,0.0,0.0,0.0,0.0
2018,12,sainz,renault,5,9,9,+1 Lap,2.0,69,Hungarian Grand Prix,Budapest,2018-07-29,conventional,5,0 days 00:01:17.829000,0 days 00:01:30.771000,0 days 00:01:36.743000,2,1,0,0,0.0,11.0,0.1,11.0,1.0,9.0,3.0,10.166666666666666,8,0.0,,,,,,,,,,0.0,0.0,0.0,0.0
2018,13,sainz,renault,14,11,11,+1 Lap,0.0,43,Belgian Grand Prix,Spa-Francorchamps,2018-08-26,conventional,16,0 days 00:01:44.489000,,,0,0,0,0,0.6666666666666666,9.666666666666666,0.1,12.0,0.0,15.5,3.3333333333333335,10.0,5,2.0,,,,,,,,,,0.0,0.0,0.0,0.0
2018,14,sainz,renault,7,8,8,Finished,4.0,53,Italian Grand Prix,Monza,2018-09-02,conventional,7,0 days 00:01:21.732000,0 days 00:01:21.552000,0 days 00:01:21.041000,4,1,0,0,0.6666666666666666,9.666666666666666,0.1,13.0,2.0,10.5,2.0,10.666666666666666,16,0.0,,,,,,,,,,0.0,0.0,0.0,0.0
2018,15,sainz,renault,12,8,8,+1 Lap,4.0,60,Singapore Grand Prix,Singapore,2018-09-16,conventional,12,0 days 00:01:39.103000,0 days 00:01:38.716000,,4,1,0,0,2.0,9.333333333333334,0.1,14.0,2.5,11.0,1.0,11.666666666666666,7,4.0,,,,,,,,,,0.0,0.0,0.0,0.0
2018,16,sainz,renault,11,17,17,+2 Laps,0.0,51,Russian Grand Prix,Sochi,2018-09-30,conventional,14,0 days 00:01:34.626000,,,0,0,0,0,2.6666666666666665,11.666666666666666,0.1,15.0,0.0,14.5,1.5,12.333333333333334,12,4.0,,,,,,,,,,0.0,0.0,0.0,0.0
2018,17,sainz,renault,13,10,10,+1 Lap,1.0,52,Japanese Grand Prix,Suzuka,2018-10-07,conventional,13,0 days 00:01:30.236000,0 days 00:01:30.490000,,1,1,0,0,2.6666666666666665,11.0,0.1,16.0,0.5,14.5,1.5,12.0,14,0.0,,,,,,,,,,0.0,0.0,0.0,0.0
2018,18,sainz,renault,11,7,7,Finished,6.0,56,United States Grand Prix,Austin,2018-10-21,conventional,11,0 days 00:01:34.891000,0 days 00:01:34.566000,,6,1,0,0,1.6666666666666667,13.0,0.1,17.0,7.0,9.0,1.0,13.333333333333334,13,1.0,,,,,,,,,,0.0,0.0,0.0,0.0
2018,19,sainz,renault,8,19,R,Suspension,0.0,28,Mexican Grand Prix,Mexico City,2018-10-28,conventional,8,0 days 00:01:16.813000,0 days 00:01:16.188000,0 days 00:01:16.084000,0,0,0,0,2.3333333333333335,12.666666666666666,0.1,18.0,4.0,7.5,2.5,12.666666666666666,11,6.0,,,,,,,,,,0.0,0.0,0.0,0.0
2018,20,sainz,renault,15,12,12,+1 Lap,0.0,70,Brazilian Grand Prix,São Paulo,2018-11-11,conventional,16,0 days 00:01:09.269000,,,0,0,0,0,2.3333333333333335,10.666666666666666,0.1,19.0,0.0,15.0,3.8333333333333335,10.333333333333334,8,0.0,,,,,,,,,,0.0,0.0,0.0,0.0
2018,21,sainz,renault,11,6,6,Finished,8.0,55,Abu Dhabi Grand Prix,Yas Marina,2018-11-25,conventional,11,0 days 00:01:37.757000,0 days 00:01:36.982000,,8,1,0,0,2.0,11.666666666666666,0.0,20.0,4.0,10.5,3.6666666666666665,10.5,16,0.0,,,,,,,,,,0.0,0.0,0.0,0.0
2019,1,sainz,mclaren,18,20,R,Engine,0.0,9,Australian Grand Prix,Melbourne,2019-03-17,conventional,18,0 days 00:01:23.084000,,,0,0,0,0,2.6666666666666665,11.666666666666666,0.0,21.0,0.0,13.0,0.6666666666666666,16.666666666666668,11,8.0,,,,,,,,,,0.0,0.0,0.0,0.0
2019,2,sainz,mclaren,7,19,R,Collision damage,0.0,53,Bahrain Grand Prix,Sakhir,2019-03-31,conventional,7,0 days 00:01:29.528000,0 days 00:01:29.055000,0 days 00:01:28.813000,0,0,0,1,2.6666666666666665,15.0,0.0,22.0,4.0,8.5,0.0,16.166666666666668,18,0.0,,,,,,,,,,0.0,0.0,0.0,0.0
2019,3,sainz,mclaren,14,14,14,+1 Lap,0.0,55,Chinese Grand Prix,Shanghai,2019-04-14,conventional,14,0 days 00:01:33.686000,0 days 00:01:33.523000,,0,0,0,0,2.6666666666666665,12.0,0.1,23.0,0.0,14.5,1.3333333333333333,12.666666666666666,7,0.0,,,,,,,,,,0.0,0.0,0.0,0.0
2019,4,sainz,mclaren,9,7,7,Finished,6.0,51,Azerbaijan Grand Prix,Baku,2019-04-28,conventional,10,0 days 00:01:41.936000,0 days 00:01:42.398000,,6,1,0,0,0.0,13.0,0.1,24.0,5.0,8.5,1.3333333333333333,12.0,14,0.0,,,,,,,,,,0.0,0.0,0.0,0.0
2019,5,sainz,mclaren,12,8,8,Finished,4.0,66,Spanish Grand Prix,Barcelona,2019-05-12,conventional,13,0 days 00:01:17.760000,0 days 00:01:17.599000,,4,1,0,0,2.0,10.333333333333334,0.1,25.0,2.0,12.0,3.0,10.5,10,6.0,,,,,,,,,,0.0,0.0,0.0,0.0
2019,6,sainz,mclaren,9,6,6,Finished,8.0,78,Monaco Grand Prix,Monte Carlo,2019-05-26,conventional,9,0 days 00:01:11.872000,0 days 00:01:11.608000,0 days 00:01:11.417000,8,1,0,0,3.3333333333333335,12.333333333333334,0.1,26.0,4.0,10.5,2.3333333333333335,11.666666666666666,13,4.0,,,,,,,,,,0.0,0.0,0.0,0.0
2019,7,sainz,mclaren,11,11,11,+1 Lap,0.0,69,Canadian Grand Prix,Montréal,2019-06-09,conventional,9,0 days 00:01:11.750000,0 days 00:01:11.572000,0 days 00:01:13.981000,0,0,0,0,6.0,10.666666666666666,0.1,27.0,0.0,8.5,3.6666666666666665,10.333333333333334,9,8.0,,,,,,,,,,0.0,0.0,0.0,0.0
2019,8,sainz,mclaren,6,6,6,Finished,8.0,53,French Grand Prix,Le Castellet,2019-06-23,conventional,6,0 days 00:01:31.073000,0 days 00:01:30.319000,0 days 00:01:29.522000,8,1,0,0,4.0,10.333333333333334,0.1,28.0,5.0,5.5,2.0,10.333333333333334,9,0.0,,,,,,,,,,0.0,0.0,0.0,0.0
2019,9,sainz,mclaren,19,8,8,+1 Lap,4.0,70,Austrian Grand Prix,Spielberg,2019-06-30,conventional,15,0 days 00:01:04.453000,0 days 00:01:13.601000,,4,1,0,0,5.333333333333333,8.0,0.1,29.0,6.0,10.5,3.0,8.166666666666666,6,8.0,,,,,,,,,,0.0,0.0,0.0,0.0
2019,10,sainz,mclaren,13,6,6,Finished,8.0,52,British Grand Prix,Silverstone,2019-07-14,conventional,13,0 days 00:01:26.203000,0 days 00:01:26.578000,,8,1,0,0,4.0,10.0,0.1,30.0,4.0,10.5,3.6666666666666665,8.166666666666666,15,4.0,,,,,,,,,,0.0,0.0,0.0,0.0
2019,11,sainz,mclaren,7,5,5,Finished,10.0,64,German Grand Prix,Hockenheim,2019-07-28,conventional,7,0 days 00:01:13.221000,0 days 00:01:12.632000,0 days 00:01:12.897000,10,1,0,0,6.666666666666667,11.333333333333334,0.1,31.0,5.0,11.5,5.0,8.833333333333334,13,8.0,,,,,,,,,,0.0,0.0,0.0,0.0
2019,12,sainz,mclaren,8,5,5,+1 Lap,10.0,69,Hungarian Grand Prix,Budapest,2019-08-04,conventional,8,0 days 00:01:16.493000,0 days 00:01:16.308000,0 days 00:01:15.852000,10,1,0,0,7.333333333333333,11.666666666666666,0.1,32.0,6.0,7.5,5.0,10.833333333333334,7,10.0,,,,,,,,,,0.0,0.0,0.0,0.0
2019,13,sainz,mclaren,15,19,R,Power loss,0.0,1,Belgian Grand Prix,Spa-Francorchamps,2019-09-01,conventional,17,0 days 00:01:46.507000,,,0,0,0,0,9.333333333333334,9.333333333333334,0.0,33.0,0.0,14.5,5.0,9.833333333333334,8,10.0,,,,,,,,,,0.0,0.0,0.0,0.0
2019,14,sainz,mclaren,7,20,R,Wheel,0.0,27,Italian Grand Prix,Monza,2019-09-08,conventional,7,0 days 00:01:20.413000,0 days 00:01:20.202000,0 days 00:01:20.455000,0,0,0,0,6.666666666666667,10.666666666666666,0.0,34.0,0.5,10.5,3.6666666666666665,11.166666666666666,17,0.0,,,,,,,,,,0.0,0.0,0.0,0.0
2019,15,sainz,mclaren,7,12,12,Finished,0.0,61,Singapore Grand Prix,Singapore,2019-09-22,conventional,7,0 days 00:01:38.882000,0 days 00:01:37.982000,0 days 00:01:37.818000,0,0,0,0,3.3333333333333335,10.666666666666666,0.0,35.0,3.0,8.0,2.1666666666666665,10.833333333333334,7,0.0,,,,,,,,,,0.0,0.0,0.0,0.0
2019,16,sainz,mclaren,5,6,6,Finished,8.0,53,Russian Grand Prix,Sochi,2019-09-29,conventional,6,0 days 00:01:34.184000,0 days 00:01:33.807000,0 days 00:01:33.222000,8,1,0,0,0.0,10.333333333333334,0.0,36.0,6.0,7.0,1.1666666666666667,11.0,7,0.0,,,,,,,,,,0.0,0.0,0.0,0.0
2019,17,sainz,mclaren,7,5,5,Finished,10.0,52,Japanese Grand Prix,Suzuka,2019-10-13,conventional,7,0 days 00:01:29.018000,0 days 00:01:28.577000,0 days 00:01:28.304000,10,1,0,0,2.6666666666666665,6.666666666666667,0.0,37.0,5.0,7.5,3.1666666666666665,8.5,6,8.0,,,,,,,,,,0.0,0.0,0.0,0.0
2019,18,sainz,mclaren,7,13,13,+1 Lap,0.0,70,Mexican Grand Prix,Mexico City,2019-10-27,conventional,7,0 days 00:01:17.044000,0 days 00:01:16.267000,0 days 00:01:16.014000,0,0,0,0,6.0,6.666666666666667,0.0,38.0,0.0,7.5,4.666666666666667,7.5,7,10.0,,,,,,,,,,0.0,0.0,0.0,0.0
2019,19,sainz,mclaren,7,8,8,+1 Lap,4.0,55,United States Grand Prix,Austin,2019-11-03,conventional,7,0 days 00:01:33.916000,0 days 00:01:33.422000,0 days 00:01:32.847000,4,1,0,0,6.0,6.666666666666667,0.0,39.0,5.0,7.5,3.6666666666666665,7.333333333333333,7,0.0,,,,,,,,,,0.0,0.0,0.0,0.0
2019,20,sainz,mclaren,20,3,3,Finished,15.0,71,Brazilian Grand Prix,São Paulo,2019-11-17,conventional,20,,,,15,1,1,0,4.666666666666667,7.0,0.0,40.0,9.5,15.5,3.3333333333333335,7.5,7,4.0,,,,,,,,,,0.0,0.0,0.0,0.0
2019,21,sainz,mclaren,8,10,10,+1 Lap,1.0,54,Abu Dhabi Grand Prix,Yas Island,2019-12-01,conventional,9,0 days 00:01:37.358000,0 days 00:01:36.308000,0 days 00:01:36.459000,1,1,0,0,6.333333333333333,11.333333333333334,0.0,41.0,2.5,8.0,4.833333333333333,10.166666666666666,20,15.0,,,,,,,,,,0.0,0.0,0.0,0.0
2020,1,sainz,mclaren,8,5,5,Finished,10.0,71,Austrian Grand Prix,Spielberg,2020-07-05,conventional,8,0 days 00:01:04.537000,0 days 00:01:03.971000,0 days 00:01:03.971000,10,1,0,0,6.666666666666667,12.0,0.0,42.0,12.5,6.0,5.666666666666667,10.333333333333334,9,1.0,12.0,10.0,2.0,2.0,0.0,2.0,3.591918934204525,8.0,0.0,0.0,0.0,0.0,0.0
2020,2,sainz,mclaren,3,9,9,+1 Lap,3.0,70,Styrian Grand Prix,Spielberg,2020-07-12,conventional,3,0 days 00:01:18.590000,0 days 00:01:18.836000,0 days 00:01:20.671000,2,1,0,0,8.666666666666666,12.333333333333334,0.0,43.0,6.0,4.5,8.166666666666666,9.833333333333334,8,10.0,12.333333333333334,12.0,9.0,9.0,0.0,25.0,15.281810100682375,0.0,23.0,8.0,0.0,1.0,8.0
2020,3,sainz,mclaren,9,9,9,+1 Lap,2.0,69,Hungarian Grand Prix,Budapest,2020-07-19,conventional,9,0 days 00:01:15.281000,0 days 00:01:15.267000,0 days 00:01:15.027000,2,1,0,0,4.333333333333333,6.666666666666667,0.0,44.0,1.0,8.5,7.0,6.166666666666667,3,2.0,6.666666666666667,6.0,-3.0,0.0,3.0,2.0,6.645247870776317,0.0,0.0,8.0,23.0,2.0,-15.0
2020,4,sainz,mclaren,7,13,13,Finished,0.0,52,British Grand Prix,Silverstone,2020-08-02,conventional,7,0 days 00:01:26.715000,0 days 00:01:26.149000,0 days 00:01:25.965000,0,0,0,0,4.666666666666667,6.666666666666667,0.0,45.0,5.0,6.0,6.5,6.333333333333333,9,2.0,6.666666666666667,5.0,-2.0,0.0,2.0,10.0,5.883821367755371,0.0,10.0,8.0,23.0,3.0,-15.0
2020,5,sainz,mclaren,12,13,13,Finished,0.0,52,70th Anniversary Grand Prix,Silverstone,2020-08-09,conventional,13,0 days 00:01:27.450000,0 days 00:01:27.083000,,0,0,0,0,1.3333333333333333,6.333333333333333,0.0,46.0,1.0,11.5,4.0,6.333333333333333,7,0.0,6.333333333333333,5.0,-8.0,0.0,8.0,2.0,4.330146413296529,0.0,2.0,0.0,33.0,3.0,-33.0
2020,6,sainz,mclaren,7,6,6,+1 Lap,8.0,65,Spanish Grand Prix,Barcelona,2020-08-16,conventional,7,0 days 00:01:17.438000,0 days 00:01:16.876000,0 days 00:01:17.044000,8,1,0,0,0.6666666666666666,9.666666666666666,0.0,47.0,4.5,7.5,2.3333333333333335,8.666666666666666,13,0.0,9.666666666666666,11.0,4.0,4.0,0.0,4.0,2.5685093633932636,4.0,0.0,0.0,12.0,3.0,-12.0
2020,7,sainz,mclaren,7,20,W,Exhaust,0.0,0,Belgian Grand Prix,Spa-Francorchamps,2020-08-30,conventional,7,0 days 00:01:43.322000,0 days 00:01:42.478000,0 days 00:01:42.438000,0,0,0,0,2.6666666666666665,9.0,0.0,48.0,3.0,8.5,3.5,8.333333333333334,7,8.0,9.0,10.0,3.0,3.0,0.0,8.0,4.795111376344178,0.0,8.0,4.0,12.0,3.0,-8.0
2020,8,sainz,mclaren,3,2,2,Finished,18.0,53,Italian Grand Prix,Monza,2020-09-06,conventional,3,0 days 00:01:20.099000,0 days 00:01:19.705000,0 days 00:01:19.695000,18,1,1,0,2.6666666666666665,9.0,0.0,49.0,15.0,4.5,2.8333333333333335,9.166666666666666,7,0.0,9.0,8.0,5.0,5.0,0.0,10.0,9.026240148361438,8.0,0.0,4.0,10.0,3.0,-6.0
2020,9,sainz,mclaren,9,18,R,Collision,0.0,5,Tuscan Grand Prix,Mugello,2020-09-13,conventional,9,0 days 00:01:16.993000,0 days 00:01:16.522000,0 days 00:01:17.870000,0,0,0,1,8.666666666666666,5.666666666666667,0.0,50.0,4.0,10.0,7.5,6.833333333333333,3,18.0,5.666666666666667,5.0,-4.0,0.0,4.0,6.0,7.990071899478407,0.0,6.0,12.0,8.0,3.0,4.0
2020,10,sainz,mclaren,6,19,R,Accident,0.0,0,Russian Grand Prix,Sochi,2020-09-27,conventional,6,0 days 00:01:33.967000,0 days 00:01:32.757000,0 days 00:01:32.550000,0,0,0,1,6.0,6.333333333333333,0.1,51.0,0.0,7.0,7.333333333333333,7.666666666666667,9,0.0,6.333333333333333,7.0,1.0,1.0,0.0,0.0,4.330290934289392,0.0,0.0,8.0,14.0,3.0,-6.0
2020,11,sainz,mclaren,10,5,5,Finished,10.0,60,Eifel Grand Prix,Nürburgring,2020-10-11,conventional,10,0 days 00:01:27.378000,0 days 00:01:26.361000,0 days 00:01:26.709000,10,1,0,0,6.0,6.0,0.2,52.0,5.0,9.0,6.333333333333333,7.166666666666667,6,0.0,6.0,5.0,-5.0,0.0,5.0,0.0,2.7734910567924533,10.0,0.0,8.0,6.0,3.0,2.0
2020,12,sainz,mclaren,7,6,6,+1 Lap,8.0,65,Portuguese Grand Prix,Portimão,2020-10-25,conventional,7,0 days 00:01:17.627000,0 days 00:01:17.183000,0 days 00:01:17.520000,8,1,0,0,3.3333333333333335,8.333333333333334,0.2,53.0,4.0,7.5,3.0,8.666666666666666,10,10.0,8.333333333333334,9.0,2.0,2.0,0.0,4.0,8.533811246051842,4.0,0.0,10.0,6.0,3.0,4.0
2020,13,sainz,mclaren,10,7,7,Finished,6.0,63,Emilia Romagna Grand Prix,Imola,2020-11-01,conventional,10,0 days 00:01:15.528000,0 days 00:01:15.027000,0 days 00:01:14.911000,6,1,0,0,6.0,7.666666666666667,0.2,54.0,5.0,9.5,3.0,7.833333333333333,7,8.0,7.666666666666667,8.0,-2.0,0.0,2.0,6.0,4.698788473657945,0.0,0.0,14.0,0.0,3.0,14.0
2020,14,sainz,mclaren,15,5,5,Finished,10.0,58,Turkish Grand Prix,Istanbul,2020-11-15,conventional,13,0 days 00:02:07.489000,0 days 00:01:55.410000,,10,1,0,0,8.0,9.0,0.2,55.0,7.0,12.0,4.666666666666667,8.666666666666666,10,6.0,9.0,10.0,-3.0,0.0,3.0,1.0,3.365894204749419,9.0,0.0,14.0,0.0,3.0,14.0
2020,15,sainz,mclaren,15,5,5,Finished,10.0,57,Bahrain Grand Prix,Sakhir,2020-11-29,conventional,15,0 days 00:01:28.975000,,,10,1,0,0,8.0,10.0,0.2,56.0,11.0,12.0,5.333333333333333,9.666666666666666,13,10.0,10.0,12.0,-3.0,0.0,3.0,4.0,5.443169603797961,6.0,0.0,13.0,0.0,3.0,13.0
2020,16,sainz,mclaren,8,4,4,Finished,12.0,87,Sakhir Grand Prix,Sakhir,2020-12-06,conventional,8,0 days 00:00:54.450000,0 days 00:00:53.818000,0 days 00:00:54.010000,12,1,0,0,8.666666666666666,12.666666666666666,0.2,57.0,6.5,11.5,7.666666666666667,11.166666666666666,15,10.0,12.666666666666666,13.0,5.0,5.0,0.0,8.0,6.621652838026276,4.0,0.0,15.0,0.0,3.0,15.0
2020,17,sainz,mclaren,6,6,6,Finished,8.0,55,Abu Dhabi Grand Prix,Yas Island,2020-12-13,conventional,6,0 days 00:01:36.517000,0 days 00:01:36.192000,0 days 00:01:35.815000,8,1,0,0,10.666666666666666,12.0,0.2,58.0,9.0,5.0,8.166666666666666,11.833333333333334,8,12.0,12.0,14.0,8.0,8.0,0.0,12.0,7.419088744508238,0.0,4.0,19.0,0.0,3.0,19.0
2021,1,sainz,ferrari,8,8,8,Finished,4.0,56,Bahrain Grand Prix,Sakhir,2021-03-28,conventional,8,0 days 00:01:31.653000,0 days 00:01:30.009000,0 days 00:01:30.215000,4,1,0,0,10.0,9.666666666666666,0.2,59.0,6.0,6.0,0.16666666666666666,10.333333333333334,6,8.0,9.666666666666666,9.0,1.0,1.0,0.0,2.0,5.455128866113822,2.0,0.0,0.0,0.0,0.0,0.0
2021,2,sainz,ferrari,11,5,5,Finished,10.0,63,Emilia Romagna Grand Prix,Imola,2021-04-18,conventional,11,0 days 00:01:15.406000,0 days 00:01:15.199000,,10,1,0,0,8.0,7.333333333333333,0.2,60.0,11.0,7.5,2.0,8.5,8,4.0,7.333333333333333,5.0,-6.0,0.0,6.0,1.0,4.62893524674129,9.0,0.0,2.0,0.0,1.0,2.0
2021,3,sainz,ferrari,5,11,11,Finished,0.0,66,Portuguese Grand Prix,Portimão,2021-05-02,conventional,5,0 days 00:01:19.309000,0 days 00:01:18.813000,0 days 00:01:19.039000,0,0,0,0,7.333333333333333,8.333333333333334,0.1,61.0,4.0,6.5,5.666666666666667,8.166666666666666,11,10.0,8.333333333333334,8.0,3.0,3.0,0.0,8.0,7.614087153506668,0.0,8.0,11.0,0.0,2.0,11.0
2021,4,sainz,ferrari,6,7,7,Finished,6.0,66,Spanish Grand Prix,Barcelona,2021-05-09,conventional,6,0 days 00:01:18.205000,0 days 00:01:17.656000,0 days 00:01:17.620000,6,1,0,0,4.666666666666667,8.0,0.0,62.0,9.0,5.0,7.0,6.666666666666667,5,0.0,8.0,8.0,2.0,2.0,0.0,8.0,5.656677797317878,0.0,2.0,11.0,8.0,3.0,3.0
2021,5,sainz,ferrari,4,2,2,Finished,18.0,78,Monaco Grand Prix,Monte Carlo,2021-05-23,conventional,4,0 days 00:01:11.324000,0 days 00:01:10.806000,0 days 00:01:10.611000,18,1,1,0,5.333333333333333,7.333333333333333,0.0,63.0,9.0,2.5,8.0,6.333333333333333,6,6.0,7.333333333333333,7.0,3.0,3.0,0.0,6.0,6.619139464657318,12.0,0.0,9.0,10.0,3.0,-1.0
2021,6,sainz,ferrari,5,8,8,Finished,4.0,51,Azerbaijan Grand Prix,Baku,2021-06-06,conventional,5,0 days 00:01:42.121000,0 days 00:01:41.740000,0 days 00:01:41.576000,4,1,0,0,8.0,5.0,0.0,64.0,8.0,3.0,7.333333333333333,4.666666666666667,4,18.0,5.0,5.0,0.0,0.0,-0.0,6.0,7.971378888628139,0.0,2.0,12.0,10.0,3.0,2.0
2021,7,sainz,ferrari,5,11,11,Finished,0.0,53,French Grand Prix,Le Castellet,2021-06-20,conventional,5,0 days 00:01:32.079000,0 days 00:01:31.146000,0 days 00:01:30.840000,0,0,0,0,9.333333333333334,5.0,0.0,65.0,0.0,6.0,8.666666666666666,3.5,5,4.0,5.0,4.0,-1.0,0.0,1.0,10.0,8.095348969579618,0.0,10.0,12.0,4.0,3.0,8.0
2021,8,sainz,ferrari,12,6,6,+1 Lap,8.0,70,Styrian Grand Prix,Spielberg,2021-06-27,conventional,12,0 days 00:01:04.859000,0 days 00:01:04.800000,,8,1,0,0,7.333333333333333,4.666666666666667,0.0,66.0,7.0,9.5,5.666666666666667,3.8333333333333335,5,0.0,4.666666666666667,4.0,-8.0,0.0,8.0,6.0,7.188937213008308,2.0,0.0,12.0,12.0,3.0,0.0
2021,9,sainz,ferrari,10,5,5,Finished,10.0,71,Austrian Grand Prix,Spielberg,2021-07-04,conventional,11,0 days 00:01:04.596000,0 days 00:01:04.559000,,10,1,0,0,4.0,7.333333333333333,0.0,67.0,7.0,11.5,5.0,6.166666666666667,12,8.0,7.333333333333333,8.0,-3.0,0.0,3.0,8.0,7.821974480127066,2.0,0.0,2.0,12.0,3.0,-10.0
2021,11,sainz,ferrari,15,3,3,Finished,15.0,70,Hungarian Grand Prix,Budapest,2021-08-01,conventional,15,0 days 00:01:16.649000,,,15,1,1,0,6.0,9.333333333333334,0.0,68.0,7.5,11.0,4.666666666666667,9.0,11,10.0,9.333333333333334,8.0,-7.0,0.0,7.0,0.0,2.4759153099608553,15.0,0.0,4.0,10.0,3.0,-6.0
2021,12,sainz,ferrari,11,10,10,Finished,0.5,1,Belgian Grand Prix,Spa-Francorchamps,2021-08-29,conventional,13,0 days 00:02:01.184000,0 days 00:01:58.137000,,1,1,0,0,11.0,12.666666666666666,0.0,69.0,2.5,12.0,7.166666666666667,10.666666666666666,15,15.0,12.666666666666666,14.0,1.0,1.0,0.0,0.0,0.778275226908562,1.0,0.0,19.0,0.0,3.0,19.0
2021,13,sainz,ferrari,6,7,7,+1 Lap,6.0,71,Dutch Grand Prix,Zandvoort,2021-09-05,conventional,6,0 days 00:01:10.022000,0 days 00:01:09.870000,0 days 00:01:09.537000,6,1,0,0,8.666666666666666,13.0,0.0,70.0,8.0,5.5,5.666666666666667,11.5,13,1.0,13.0,14.0,8.0,8.0,0.0,10.0,5.521135627448029,0.0,4.0,18.0,0.0,3.0,18.0
2021,15,sainz,ferrari,2,3,3,Finished,15.0,53,Russian Grand Prix,Sochi,2021-09-26,conventional,2,0 days 00:01:47.924000,0 days 00:01:46.521000,0 days 00:01:42.510000,15,1,1,0,7.333333333333333,11.333333333333334,0.0,71.0,7.5,8.5,6.0,9.5,6,6.0,11.333333333333334,13.0,11.0,11.0,0.0,8.0,6.545124411855758,7.0,0.0,16.0,4.0,3.0,12.0
2021,16,sainz,ferrari,19,8,8,Finished,4.0,58,Turkish Grand Prix,Istanbul,2021-10-10,conventional,15,0 days 00:01:25.177000,,,4,1,0,0,7.333333333333333,7.0,0.0,72.0,8.0,9.5,6.0,8.666666666666666,2,15.0,7.0,5.0,-10.0,0.0,10.0,6.0,6.114917453249316,0.0,2.0,8.0,4.0,3.0,4.0
2021,17,sainz,ferrari,5,7,7,Finished,6.0,56,United States Grand Prix,Austin,2021-10-24,conventional,6,0 days 00:01:34.558000,0 days 00:01:34.126000,0 days 00:01:33.792000,6,1,0,0,8.333333333333334,7.666666666666667,0.0,73.0,9.0,5.5,7.833333333333333,7.833333333333333,15,4.0,7.666666666666667,6.0,0.0,0.0,-0.0,10.0,10.295508219167493,0.0,4.0,7.0,6.0,3.0,1.0
2021,18,sainz,ferrari,6,6,6,+1 Lap,8.0,70,Mexico City Grand Prix,Mexico City,2021-11-07,conventional,6,0 days 00:01:17.517000,0 days 00:01:17.248000,0 days 00:01:16.761000,8,1,0,0,8.333333333333334,7.666666666666667,0.0,74.0,9.0,7.0,8.166666666666666,7.833333333333333,6,6.0,7.666666666666667,5.0,-1.0,0.0,1.0,10.0,8.269336195619184,0.0,2.0,7.0,6.0,3.0,1.0
2021,20,sainz,ferrari,5,7,7,Finished,6.0,57,Qatar Grand Prix,Lusail,2021-11-21,conventional,7,0 days 00:01:22.304000,0 days 00:01:22.241000,0 days 00:01:21.840000,6,1,0,0,6.0,9.0,0.0,75.0,5.0,10.0,8.666666666666666,7.333333333333333,6,8.0,9.0,8.0,1.0,1.0,0.0,10.0,7.358250910754546,0.0,4.0,0.0,8.0,3.0,-8.0
2021,21,sainz,ferrari,15,8,8,Finished,4.0,50,Saudi Arabian Grand Prix,Jeddah,2021-12-05,conventional,15,0 days 00:01:28.237000,0 days 00:01:53.652000,,4,1,0,0,6.666666666666667,6.333333333333333,0.0,76.0,5.0,9.5,7.666666666666667,7.5,7,6.0,6.333333333333333,6.0,-9.0,0.0,9.0,1.0,4.194619005692207,3.0,0.0,0.0,10.0,3.0,-10.0
2021,22,sainz,ferrari,5,3,3,Finished,15.0,58,Abu Dhabi Grand Prix,Yas Island,2021-12-12,conventional,5,0 days 00:01:23.624000,0 days 00:01:23.174000,0 days 00:01:22.992000,15,1,1,0,6.0,9.333333333333334,0.0,77.0,8.0,6.0,6.333333333333333,8.833333333333334,15,4.0,9.333333333333334,9.0,4.0,4.0,0.0,8.0,7.279433313309003,7.0,0.0,3.0,6.0,3.0,-3.0
2022,1,sainz,ferrari,3,2,2,Finished,18.0,57,Bahrain Grand Prix,Sakhir,2022-03-20,conventional,3,0 days 00:01:31.567000,0 days 00:01:30.787000,0 days 00:01:30.687000,18,1,1,0,8.333333333333334,9.0,0.0,78.0,21.5,2.0,6.0,8.5,5,15.0,9.0,11.0,8.0,8.0,0.0,12.0,10.951754761569937,6.0,0.0,0.0,0.0,0.0,0.0
2022,2,sainz,ferrari,3,3,3,Finished,15.0,50,Saudi Arabian Grand Prix,Jeddah,2022-03-27,conventional,3,0 days 00:01:28.855000,0 days 00:01:28.686000,0 days 00:01:28.402000,15,1,1,0,12.333333333333334,7.666666666666667,0.0,79.0,16.5,2.5,11.5,5.833333333333333,3,18.0,7.666666666666667,7.0,4.0,4.0,0.0,12.0,9.244359374869276,3.0,0.0,6.0,0.0,1.0,6.0
2022,3,sainz,ferrari,9,20,R,Spun off,0.0,1,Australian Grand Prix,Melbourne,2022-04-10,conventional,9,0 days 00:01:18.983000,0 days 00:01:18.469000,0 days 00:01:19.408000,0,0,0,1,16.0,3.6666666666666665,0.0,80.0,12.5,5.0,15.333333333333334,3.5,3,15.0,3.6666666666666665,4.0,-5.0,0.0,5.0,8.0,9.114168962433324,0.0,8.0,9.0,0.0,2.0,9.0
2022,5,sainz,ferrari,2,3,3,Finished,15.0,57,Miami Grand Prix,Miami,2022-05-08,conventional,2,0 days 00:01:30.079000,0 days 00:01:29.729000,0 days 00:01:28.986000,15,1,1,0,11.0,5.0,0.1,81.0,16.5,1.5,16.833333333333332,3.1666666666666665,9,0.0,5.0,4.0,2.0,2.0,0.0,12.0,10.920048631722274,3.0,0.0,9.0,8.0,3.0,1.0
2022,6,sainz,ferrari,3,4,4,Finished,12.0,66,Spanish Grand Prix,Barcelona,2022-05-22,conventional,3,0 days 00:01:19.892000,0 days 00:01:19.453000,0 days 00:01:19.166000,12,1,0,0,10.0,4.666666666666667,0.1,82.0,6.0,2.0,15.166666666666666,3.0,2,15.0,4.666666666666667,4.0,1.0,1.0,0.0,18.0,14.641547523596815,0.0,6.0,6.0,8.0,3.0,-2.0
2022,7,sainz,ferrari,2,2,2,Finished,18.0,64,Monaco Grand Prix,Monaco,2022-05-29,conventional,2,0 days 00:01:12.616000,0 days 00:01:12.074000,0 days 00:01:11.601000,18,1,1,0,9.0,4.666666666666667,0.1,83.0,15.0,1.5,11.666666666666666,2.8333333333333335,3,12.0,4.666666666666667,4.0,2.0,2.0,0.0,18.0,15.21874244048437,0.0,0.0,3.0,14.0,3.0,-11.0
2022,8,sainz,ferrari,4,20,R,Hydraulics,0.0,8,Azerbaijan Grand Prix,Baku,2022-06-12,conventional,4,0 days 00:01:42.957000,0 days 00:01:42.088000,0 days 00:01:41.814000,0,0,0,0,15.0,2.3333333333333335,0.1,84.0,0.0,2.5,12.5,1.6666666666666667,2,18.0,2.3333333333333335,2.0,-2.0,0.0,2.0,18.0,13.901415050262676,0.0,18.0,3.0,6.0,3.0,-3.0
2022,9,sainz,ferrari,3,2,2,Finished,19.0,70,Canadian Grand Prix,Montréal,2022-06-19,conventional,3,0 days 00:01:32.781000,0 days 00:01:25.197000,0 days 00:01:22.096000,18,1,1,0,10.0,3.0,0.1,85.0,14.0,9.0,7.0,2.0,4,0.0,3.0,3.0,0.0,0.0,-0.0,10.0,8.164025665663143,8.0,0.0,0.0,24.0,3.0,-24.0
2022,10,sainz,ferrari,1,1,1,Finished,25.0,52,British Grand Prix,Silverstone,2022-07-03,conventional,1,0 days 00:01:40.190000,0 days 00:01:41.602000,0 days 00:01:40.983000,25,1,1,0,12.0,3.0,0.1,86.0,18.5,2.0,9.666666666666666,4.333333333333333,3,18.0,3.0,2.0,1.0,1.0,0.0,12.0,11.86351954596913,13.0,0.0,8.0,18.0,3.0,-10.0
2022,12,sainz,ferrari,19,5,5,Finished,11.0,53,French Grand Prix,Le Castellet,2022-07-24,conventional,9,0 days 00:01:32.297000,0 days 00:01:31.081000,,10,1,0,0,14.333333333333334,2.6666666666666665,0.1,87.0,5.0,5.0,10.833333333333334,4.5,1,25.0,2.6666666666666665,2.0,-7.0,0.0,7.0,8.0,8.220121943020285,2.0,0.0,21.0,18.0,3.0,3.0
2022,13,sainz,ferrari,2,4,4,Finished,12.0,70,Hungarian Grand Prix,Budapest,2022-07-31,conventional,2,0 days 00:01:18.434000,0 days 00:01:17.946000,0 days 00:01:17.421000,12,1,0,0,17.666666666666668,4.333333333333333,0.1,88.0,10.0,2.5,12.5,5.333333333333333,9,10.0,4.333333333333333,3.0,1.0,1.0,0.0,15.0,10.056302840125841,0.0,3.0,23.0,0.0,3.0,23.0
2022,14,sainz,ferrari,1,3,3,Finished,15.0,44,Belgian Grand Prix,Spa-Francorchamps,2022-08-28,conventional,2,0 days 00:01:45.050000,0 days 00:01:45.418000,0 days 00:01:44.297000,15,1,1,0,15.666666666666666,4.0,0.1,89.0,11.5,3.0,11.166666666666666,3.1666666666666665,2,12.0,4.0,2.0,0.0,0.0,-0.0,15.0,12.970401735067638,0.0,0.0,15.0,3.0,3.0,12.0
2022,15,sainz,ferrari,3,8,8,Finished,4.0,72,Dutch Grand Prix,Zandvoort,2022-09-04,conventional,3,0 days 00:01:11.767000,0 days 00:01:10.814000,0 days 00:01:10.434000,4,1,0,0,12.333333333333334,4.333333333333333,0.1,90.0,9.5,2.5,8.833333333333334,3.5,2,15.0,4.333333333333333,3.0,0.0,0.0,-0.0,18.0,14.275163986914945,0.0,14.0,2.0,3.0,3.0,-1.0
2022,16,sainz,ferrari,18,4,4,Finished,12.0,53,Italian Grand Prix,Monza,2022-09-11,conventional,3,0 days 00:01:21.348000,0 days 00:01:20.878000,0 days 00:01:20.429000,12,1,0,0,10.333333333333334,2.3333333333333335,0.0,91.0,15.0,2.0,10.333333333333334,2.6666666666666665,3,4.0,2.3333333333333335,1.0,-2.0,0.0,2.0,10.0,10.015369491260353,2.0,0.0,0.0,17.0,3.0,-17.0
2022,17,sainz,ferrari,4,3,3,Finished,15.0,59,Singapore Grand Prix,Marina Bay,2022-10-02,conventional,4,0 days 00:01:54.559000,0 days 00:01:53.219000,0 days 00:01:49.583000,15,1,1,0,10.333333333333334,2.6666666666666665,0.0,92.0,16.5,2.5,12.0,2.5,3,12.0,2.6666666666666665,3.0,-1.0,0.0,1.0,8.0,8.316496483265691,7.0,0.0,2.0,14.0,3.0,-12.0
2022,18,sainz,ferrari,3,19,R,Accident,0.0,0,Japanese Grand Prix,Suzuka,2022-10-09,conventional,3,0 days 00:01:30.336000,0 days 00:01:30.444000,0 days 00:01:29.361000,0,0,0,1,10.333333333333334,3.3333333333333335,0.0,93.0,7.5,2.5,13.666666666666666,2.3333333333333335,4,15.0,3.3333333333333335,2.0,-1.0,0.0,1.0,18.0,12.589763490704957,0.0,18.0,9.0,14.0,3.0,-5.0
2022,19,sainz,ferrari,1,20,R,Collision damage,0.0,1,United States Grand Prix,Austin,2022-10-23,conventional,1,0 days 00:01:35.297000,0 days 00:01:35.590000,0 days 00:01:34.356000,0,0,0,1,9.0,3.3333333333333335,0.1,94.0,7.5,1.5,13.0,2.3333333333333335,3,0.0,3.3333333333333335,3.0,2.0,2.0,0.0,15.0,11.647425800664161,0.0,15.0,9.0,18.0,3.0,-9.0
2022,20,sainz,ferrari,5,5,5,Finished,10.0,71,Mexico City Grand Prix,Mexico City,2022-10-30,conventional,5,0 days 00:01:19.566000,0 days 00:01:18.560000,0 days 00:01:18.351000,10,1,0,0,5.0,2.6666666666666665,0.2,95.0,9.0,6.0,10.5,2.1666666666666665,1,0.0,2.6666666666666665,2.0,-3.0,0.0,3.0,10.0,8.06790128166825,0.0,0.0,7.0,33.0,3.0,-26.0
2022,22,sainz,ferrari,4,4,4,Finished,12.0,58,Abu Dhabi Grand Prix,Yas Island,2022-11-20,conventional,4,0 days 00:01:25.090000,0 days 00:01:24.521000,0 days 00:01:24.242000,12,1,0,0,3.3333333333333335,3.0,0.2,96.0,15.0,3.5,8.0,3.3333333333333335,5,10.0,3.0,2.0,-2.0,0.0,2.0,12.0,10.944985934677328,0.0,0.0,0.0,33.0,3.0,-33.0
2023,1,sainz,ferrari,4,4,4,Finished,12.0,57,Bahrain Grand Prix,Sakhir,2023-03-05,conventional,4,0 days 00:01:30.993000,0 days 00:01:30.515000,0 days 00:01:30.154000,12,1,0,0,7.333333333333333,3.3333333333333335,0.2,97.0,6.0,3.5,10.5,3.6666666666666665,4,12.0,3.3333333333333335,3.0,-1.0,0.0,1.0,10.0,12.60702205292923,2.0,0.0,0.0,0.0,0.0,0.0
2023,2,sainz,ferrari,4,6,6,Finished,8.0,50,Saudi Arabian Grand Prix,Jeddah,2023-03-19,conventional,5,0 days 00:01:29.411000,0 days 00:01:28.957000,0 days 00:01:28.931000,8,1,0,0,11.333333333333334,4.333333333333333,0.2,98.0,7.0,3.5,10.0,4.333333333333333,4,12.0,4.333333333333333,4.0,-1.0,0.0,1.0,8.0,7.111233373617617,0.0,0.0,2.0,0.0,1.0,2.0
2023,3,sainz,ferrari,5,12,12,Finished,0.0,58,Australian Grand Prix,Melbourne,2023-04-02,conventional,5,0 days 00:01:17.928000,0 days 00:01:17.349000,0 days 00:01:17.270000,0,0,0,0,10.666666666666666,4.333333333333333,0.2,99.0,0.0,6.0,9.333333333333334,3.5,5,8.0,4.333333333333333,3.0,-2.0,0.0,2.0,6.0,6.0977502819436165,0.0,6.0,2.0,0.0,2.0,2.0
2023,5,sainz,ferrari,3,5,5,Finished,10.0,57,Miami Grand Prix,Miami,2023-05-07,conventional,3,0 days 00:01:27.686000,0 days 00:01:27.148000,0 days 00:01:27.349000,10,1,0,0,6.666666666666667,4.666666666666667,0.2,100.0,8.0,5.0,4.333333333333333,4.333333333333333,5,0.0,4.666666666666667,4.0,1.0,1.0,0.0,15.0,7.9859422861080835,0.0,5.0,2.0,6.0,3.0,-4.0
2023,6,sainz,ferrari,4,8,8,Finished,4.0,78,Monaco Grand Prix,Monaco,2023-05-28,conventional,5,0 days 00:01:12.717000,0 days 00:01:12.210000,0 days 00:01:11.630000,4,1,0,0,6.0,4.333333333333333,0.2,101.0,6.0,4.0,5.0,4.833333333333333,3,10.0,4.333333333333333,3.0,-2.0,0.0,2.0,4.0,5.939584365679048,0.0,0.0,0.0,11.0,3.0,-11.0
2023,7,sainz,ferrari,2,5,5,Finished,10.0,66,Spanish Grand Prix,Barcelona,2023-06-04,conventional,2,0 days 00:01:13.411000,0 days 00:01:12.790000,0 days 00:01:12.734000,10,1,0,0,4.666666666666667,4.333333333333333,0.2,102.0,5.0,10.5,4.666666666666667,5.0,5,4.0,4.333333333333333,3.0,1.0,1.0,0.0,18.0,12.064788628824026,0.0,8.0,0.0,11.0,3.0,-11.0
2023,8,sainz,ferrari,11,5,5,Finished,10.0,70,Canadian Grand Prix,Montréal,2023-06-18,conventional,8,0 days 00:01:22.248000,0 days 00:01:19.856000,0 days 00:01:29.294000,10,1,0,0,8.0,3.3333333333333335,0.2,103.0,11.0,9.5,6.333333333333333,6.5,2,10.0,3.3333333333333335,1.0,-7.0,0.0,7.0,2.0,4.1165685135756815,8.0,0.0,0.0,13.0,3.0,-13.0
2023,10,sainz,ferrari,5,10,10,Finished,1.0,52,British Grand Prix,Silverstone,2023-07-09,conventional,5,0 days 00:01:29.865000,0 days 00:01:28.265000,0 days 00:01:27.148000,1,1,0,0,8.0,5.0,0.1,104.0,1.5,4.5,7.333333333333333,8.0,8,10.0,5.0,4.0,-1.0,0.0,1.0,15.0,10.920269497034706,0.0,14.0,8.0,8.0,3.0,0.0
2023,11,sainz,ferrari,11,8,8,Finished,4.0,70,Hungarian Grand Prix,Budapest,2023-07-23,conventional,11,0 days 00:01:18.393000,0 days 00:01:17.703000,,4,1,0,0,7.0,5.0,0.0,105.0,5.0,8.5,5.833333333333333,8.166666666666666,5,1.0,5.0,3.0,-8.0,0.0,8.0,0.0,2.286063352780377,4.0,0.0,8.0,22.0,3.0,-14.0
2023,13,sainz,ferrari,6,5,5,Finished,10.0,72,Dutch Grand Prix,Zandvoort,2023-08-27,conventional,6,0 days 00:01:21.321000,0 days 00:01:19.929000,0 days 00:01:11.754000,10,1,0,0,5.0,8.0,0.0,106.0,5.0,7.5,5.833333333333333,7.5,11,4.0,8.0,8.0,2.0,2.0,0.0,6.0,7.020533238069749,4.0,0.0,12.0,14.0,3.0,-2.0
2023,14,sainz,ferrari,1,3,3,Finished,15.0,51,Italian Grand Prix,Monza,2023-09-03,conventional,1,0 days 00:01:21.965000,0 days 00:01:20.991000,0 days 00:01:20.294000,15,1,1,0,5.0,7.333333333333333,0.0,107.0,13.5,2.0,3.8333333333333335,6.833333333333333,6,10.0,7.333333333333333,7.0,6.0,6.0,0.0,18.0,11.737804114954006,0.0,3.0,8.0,14.0,3.0,-6.0
2023,15,sainz,ferrari,1,1,1,Finished,25.0,62,Singapore Grand Prix,Marina Bay,2023-09-17,conventional,1,0 days 00:01:32.339000,0 days 00:01:31.439000,0 days 00:01:30.984000,25,1,1,0,9.666666666666666,6.0,0.0,108.0,18.5,2.0,7.833333333333333,6.0,1,15.0,6.0,4.0,3.0,3.0,0.0,18.0,14.003642392737916,7.0,0.0,8.0,3.0,3.0,5.0
2023,16,sainz,ferrari,6,6,6,Finished,8.0,53,Japanese Grand Prix,Suzuka,2023-09-24,conventional,6,0 days 00:01:30.651000,0 days 00:01:30.067000,0 days 00:01:29.850000,8,1,0,0,16.666666666666668,2.6666666666666665,0.0,109.0,10.0,5.0,12.333333333333334,3.8333333333333335,1,25.0,2.6666666666666665,1.0,-5.0,0.0,5.0,15.0,13.414569451371602,0.0,7.0,11.0,3.0,3.0,8.0
2023,19,sainz,ferrari,2,4,4,Finished,12.0,71,Mexico City Grand Prix,Mexico City,2023-10-29,conventional,2,0 days 00:01:18.755000,0 days 00:01:18.382000,0 days 00:01:17.233000,12,1,0,0,16.0,2.6666666666666665,0.0,110.0,13.5,1.5,14.0,3.0,6,8.0,2.6666666666666665,1.0,-1.0,0.0,1.0,18.0,14.816008638793113,0.0,6.0,7.0,10.0,3.0,-3.0
2023,21,sainz,ferrari,12,6,6,Finished,8.0,50,Las Vegas Grand Prix,Las Vegas,2023-11-18,conventional,2,0 days 00:01:33.851000,0 days 00:01:33.338000,0 days 00:01:32.770000,8,1,0,0,15.0,3.0,0.0,111.0,13.0,1.5,14.0,2.8333333333333335,2,12.0,3.0,2.0,0.0,0.0,-0.0,15.0,13.06886044341869,0.0,7.0,7.0,13.0,3.0,-6.0
2023,22,sainz,ferrari,16,18,18,Retired,0.0,57,Abu Dhabi Grand Prix,Yas Island,2023-11-26,conventional,16,0 days 00:01:24.738000,,,0,0,0,0,9.333333333333334,3.3333333333333335,0.0,112.0,9.0,9.0,12.166666666666666,2.6666666666666665,2,8.0,3.3333333333333335,3.0,-13.0,0.0,13.0,1.0,3.3271723913115663,0.0,1.0,0.0,20.0,3.0,-20.0
2024,1,sainz,ferrari,4,3,3,Finished,15.0,57,Bahrain Grand Prix,Sakhir,2024-03-02,conventional,4,0 days 00:01:29.909000,0 days 00:01:29.573000,0 days 00:01:29.507000,15,1,1,0,6.666666666666667,6.666666666666667,0.0,113.0,13.5,3.0,11.833333333333334,4.0,16,0.0,6.666666666666667,4.0,0.0,0.0,-0.0,10.0,6.315092600585593,5.0,0.0,0.0,0.0,0.0,0.0
2024,3,sainz,ferrari,2,1,1,Finished,25.0,58,Australian Grand Prix,Melbourne,2024-03-24,conventional,2,0 days 00:01:16.731000,0 days 00:01:16.189000,0 days 00:01:16.185000,25,1,1,0,7.666666666666667,7.333333333333333,0.0,114.0,21.5,3.5,11.0,6.166666666666667,4,15.0,7.333333333333333,8.0,6.0,6.0,0.0,15.0,15.609030429427866,10.0,0.0,5.0,0.0,1.0,5.0
2024,4,sainz,ferrari,4,3,3,Finished,15.0,53,Japanese Grand Prix,Suzuka,2024-04-07,conventional,4,0 days 00:01:29.513000,0 days 00:01:29.099000,0 days 00:01:28.682000,15,1,1,0,13.333333333333334,7.333333333333333,0.0,115.0,13.5,6.0,15.166666666666666,4.333333333333333,2,25.0,7.333333333333333,8.0,4.0,4.0,0.0,12.0,13.861175460463604,3.0,0.0,15.0,0.0,2.0,15.0
2024,7,sainz,ferrari,4,5,5,Finished,10.0,63,Emilia Romagna Grand Prix,Imola,2024-05-19,conventional,5,0 days 00:01:16.015000,0 days 00:01:15.512000,0 days 00:01:15.233000,10,1,0,0,18.333333333333332,3.3333333333333335,0.0,116.0,12.5,4.5,15.166666666666666,5.333333333333333,4,15.0,3.3333333333333335,3.0,-2.0,0.0,2.0,10.0,11.072470049451137,0.0,0.0,18.0,0.0,3.0,18.0
2024,8,sainz,ferrari,3,3,3,Finished,15.0,78,Monaco Grand Prix,Monaco,2024-05-26,conventional,3,0 days 00:01:11.543000,0 days 00:01:11.075000,0 days 00:01:10.518000,15,1,1,0,16.666666666666668,3.6666666666666665,0.0,117.0,20.0,2.0,15.833333333333334,4.666666666666667,5,10.0,3.6666666666666665,3.0,0.0,0.0,-0.0,18.0,14.549128046826956,0.0,3.0,13.0,0.0,3.0,13.0
2024,9,sainz,ferrari,12,16,R,Retired,0.0,52,Canadian Grand Prix,Montréal,2024-06-09,conventional,12,0 days 00:01:13.038000,0 days 00:01:12.728000,,0,0,0,0,13.333333333333334,4.0,0.0,118.0,0.0,11.5,15.333333333333334,4.166666666666667,3,15.0,4.0,4.0,-8.0,0.0,8.0,10.0,8.00309390662487,0.0,10.0,3.0,3.0,3.0,0.0
2024,10,sainz,ferrari,6,6,6,Finished,8.0,66,Spanish Grand Prix,Barcelona,2024-06-23,conventional,6,0 days 00:01:12.403000,0 days 00:01:11.874000,0 days 00:01:11.736000,8,1,0,0,8.333333333333334,6.666666666666667,0.0,119.0,9.0,5.5,10.833333333333334,6.0,12,0.0,6.666666666666667,6.0,0.0,0.0,-0.0,10.0,9.90752861682618,0.0,2.0,0.0,13.0,3.0,-13.0
2024,12,sainz,ferrari,7,5,5,Finished,11.0,52,British Grand Prix,Silverstone,2024-07-07,conventional,7,0 days 00:01:30.557000,0 days 00:01:26.843000,0 days 00:01:26.509000,10,1,0,0,7.666666666666667,7.0,0.0,120.0,5.0,9.0,9.666666666666666,6.333333333333333,6,8.0,7.0,7.0,0.0,0.0,-0.0,8.0,7.082354791924699,2.0,0.0,0.0,15.0,3.0,-15.0
2024,13,sainz,ferrari,4,6,6,Finished,8.0,70,Hungarian Grand Prix,Budapest,2024-07-21,conventional,4,0 days 00:01:17.244000,0 days 00:01:15.885000,0 days 00:01:15.696000,8,1,0,0,6.0,8.333333333333334,0.0,121.0,10.0,5.0,4.666666666666667,8.666666666666666,7,10.0,8.333333333333334,6.0,2.0,2.0,0.0,10.0,10.589111824225641,0.0,2.0,2.0,12.0,3.0,-10.0
2024,14,sainz,ferrari,7,6,6,Finished,8.0,44,Belgian Grand Prix,Spa-Francorchamps,2024-07-28,conventional,8,0 days 00:01:55.169000,0 days 00:01:54.112000,0 days 00:01:54.477000,8,1,0,0,8.666666666666666,5.666666666666667,0.0,122.0,11.5,5.0,8.0,6.5,4,8.0,5.666666666666667,5.0,-3.0,0.0,3.0,4.0,6.154645579703773,4.0,0.0,2.0,4.0,3.0,-2.0
2024,15,sainz,ferrari,10,5,5,Finished,10.0,72,Dutch Grand Prix,Zandvoort,2024-08-25,conventional,10,0 days 00:01:11.327000,0 days 00:01:10.914000,,10,1,0,0,8.666666666666666,6.333333333333333,0.0,123.0,12.5,8.0,8.833333333333334,6.333333333333333,8,8.0,6.333333333333333,6.0,-4.0,0.0,4.0,6.0,7.110817385390258,4.0,0.0,6.0,2.0,3.0,4.0
2024,16,sainz,ferrari,5,4,4,Finished,12.0,53,Italian Grand Prix,Monza,2024-09-01,conventional,5,0 days 00:01:20.149000,0 days 00:01:19.799000,0 days 00:01:19.467000,12,1,0,0,8.666666666666666,7.333333333333333,0.0,124.0,18.5,4.5,11.333333333333334,6.0,10,10.0,7.333333333333333,6.0,1.0,1.0,0.0,8.0,10.619355573710376,4.0,0.0,8.0,2.0,3.0,6.0
2024,17,sainz,ferrari,3,18,18,Retired,0.0,49,Azerbaijan Grand Prix,Baku,2024-09-15,conventional,3,0 days 00:01:43.357000,0 days 00:01:42.503000,0 days 00:01:41.805000,0,0,0,0,10.0,7.666666666666667,0.0,125.0,9.0,2.0,14.166666666666666,5.833333333333333,5,12.0,7.666666666666667,8.0,5.0,5.0,0.0,15.0,16.376934831644707,0.0,15.0,12.0,0.0,3.0,12.0
2024,18,sainz,ferrari,10,7,7,Finished,6.0,62,Singapore Grand Prix,Marina Bay,2024-09-22,conventional,10,0 days 00:01:30.670000,0 days 00:01:30.108000,,6,1,0,0,7.333333333333333,6.0,0.0,126.0,8.0,9.5,13.333333333333334,4.833333333333333,3,0.0,6.0,7.0,-3.0,0.0,3.0,0.0,0.5551843993355474,6.0,0.0,8.0,15.0,3.0,-7.0
2024,20,sainz,ferrari,1,1,1,Finished,25.0,71,Mexico City Grand Prix,Mexico City,2024-10-27,conventional,1,0 days 00:01:16.778000,0 days 00:01:16.515000,0 days 00:01:15.946000,25,1,1,0,6.0,6.0,0.0,127.0,20.0,2.5,11.833333333333334,5.333333333333333,10,6.0,6.0,7.0,6.0,6.0,0.0,10.0,7.81332352156068,15.0,0.0,10.0,15.0,3.0,-5.0
2024,22,sainz,ferrari,2,3,3,Finished,15.0,50,Las Vegas Grand Prix,Las Vegas,2024-11-23,conventional,2,0 days 00:01:33.484000,0 days 00:01:32.711000,0 days 00:01:32.410000,15,1,1,0,10.333333333333334,4.666666666666667,0.0,128.0,13.5,3.0,12.333333333333334,4.666666666666667,1,25.0,4.666666666666667,4.0,2.0,2.0,0.0,18.0,14.073991180923649,0.0,3.0,21.0,15.0,3.0,6.0
2024,24,sainz,ferrari,3,2,2,Finished,18.0,58,Abu Dhabi Grand Prix,Yas Island,2024-12-08,conventional,3,0 days 00:01:23.487000,0 days 00:01:22.985000,0 days 00:01:22.824000,18,1,1,0,15.333333333333334,4.333333333333333,0.0,129.0,16.5,8.5,13.833333333333334,5.0,2,15.0,4.333333333333333,4.0,1.0,1.0,0.0,18.0,15.564864712990122,0.0,0.0,21.0,3.0,3.0,18.0
2025,1,sainz,williams,10,18,R,Retired,0.0,0,Australian Grand Prix,Melbourne,2025-03-16,conventional,10,0 days 00:01:16.360000,0 days 00:01:15.931000,0 days 00:01:16.062000,0,0,0,0,19.333333333333332,2.0,0.0,130.0,5.0,8.0,0.0,15.333333333333334,3,18.0,2.0,1.0,-9.0,0.0,9.0,0.0,0.8526285965009226,0.0,0.0,0.0,0.0,0.0,0.0
2025,3,sainz,williams,15,14,14,Finished,0.0,53,Japanese Grand Prix,Suzuka,2025-04-06,conventional,12,0 days 00:01:28.209000,0 days 00:01:27.836000,,0,0,0,0,11.0,5.0,0.0,131.0,1.0,10.5,1.6666666666666667,13.833333333333334,10,0.0,5.0,5.0,-7.0,0.0,7.0,0.0,1.3039623608162816,0.0,0.0,0.0,0.0,1.0,0.0
2025,4,sainz,williams,8,19,R,Retired,0.0,45,Bahrain Grand Prix,Sakhir,2025-04-13,conventional,8,0 days 00:01:31.591000,0 days 00:01:30.844000,0 days 00:01:30.680000,0,0,0,0,6.0,8.333333333333334,0.0,132.0,0.0,11.5,2.0,12.0,12,0.0,8.333333333333334,6.0,-2.0,0.0,2.0,2.0,3.5048939924059077,0.0,2.0,0.0,0.0,2.0,0.0
2025,5,sainz,williams,6,8,8,Finished,4.0,50,Saudi Arabian Grand Prix,Jeddah,2025-04-20,conventional,6,0 days 00:01:28.354000,0 days 00:01:28.024000,0 days 00:01:28.164000,4,1,0,0,0.0,10.0,0.0,133.0,3.0,8.5,2.0,10.0,8,0.0,10.0,11.0,5.0,5.0,0.0,6.0,5.509742816244754,0.0,2.0,0.0,2.0,3.0,-2.0
2025,7,sainz,williams,6,8,8,Finished,4.0,63,Emilia Romagna Grand Prix,Imola,2025-05-18,conventional,6,0 days 00:01:15.987000,0 days 00:01:15.198000,0 days 00:01:15.432000,4,1,0,0,1.3333333333333333,8.666666666666666,0.0,134.0,7.0,6.5,1.3333333333333333,10.166666666666666,6,4.0,8.666666666666666,9.0,3.0,3.0,0.0,2.0,4.30864939384862,2.0,0.0,0.0,4.0,3.0,-4.0
2025,8,sainz,williams,11,10,10,Lapped,1.0,76,Monaco Grand Prix,Monaco,2025-05-25,conventional,11,0 days 00:01:11.707000,0 days 00:01:11.362000,,1,1,0,0,2.6666666666666665,6.666666666666667,0.0,135.0,1.5,10.5,3.3333333333333335,8.833333333333334,6,4.0,6.666666666666667,6.0,-5.0,0.0,5.0,2.0,2.1544514990869397,0.0,1.0,2.0,4.0,3.0,-2.0
2025,9,sainz,williams,17,14,14,Finished,0.0,66,Spanish Grand Prix,Barcelona,2025-06-01,conventional,18,0 days 00:01:13.203000,,,0,0,0,0,3.0,7.666666666666667,0.0,136.0,0.0,14.5,3.8333333333333335,8.5,11,1.0,7.666666666666667,7.0,-11.0,0.0,11.0,1.0,1.7323148143940386,0.0,1.0,2.0,3.0,3.0,-1.0
2025,10,sainz,williams,16,10,10,Lapped,1.0,69,Canadian Grand Prix,Montréal,2025-06-15,conventional,17,0 days 00:01:12.398000,,,1,1,0,0,1.6666666666666667,11.666666666666666,0.0,137.0,0.5,13.5,2.8333333333333335,10.5,18,0.0,11.666666666666666,11.0,-6.0,0.0,6.0,0.0,0.0,1.0,0.0,2.0,2.0,3.0,0.0
2025,12,sainz,williams,9,12,12,Finished,0.0,52,British Grand Prix,Silverstone,2025-07-06,conventional,11,0 days 00:01:26.175000,0 days 00:01:25.746000,,0,0,0,0,0.6666666666666666,15.333333333333334,0.0,138.0,2.0,12.5,0.16666666666666666,13.333333333333334,17,1.0,15.333333333333334,15.0,4.0,4.0,0.0,0.0,0.771506711200928,0.0,0.0,1.0,2.0,3.0,-1.0
2025,14,sainz,williams,13,14,14,Lapped,0.0,69,Hungarian Grand Prix,Budapest,2025-08-03,conventional,13,0 days 00:01:15.652000,0 days 00:01:15.781000,,0,0,0,0,0.3333333333333333,15.333333333333334,0.0,139.0,0.0,16.5,0.8333333333333334,12.666666666666666,11,0.0,15.333333333333334,17.0,4.0,4.0,0.0,2.0,1.563478105184784,0.0,2.0,1.0,1.0,3.0,0.0
2025,15,sainz,williams,9,13,13,Finished,0.0,72,Dutch Grand Prix,Zandvoort,2025-08-31,conventional,9,0 days 00:01:09.980000,0 days 00:01:09.472000,0 days 00:01:09.505000,0,0,0,0,0.3333333333333333,13.666666666666666,0.0,140.0,5.0,12.0,0.6666666666666666,13.666666666666666,13,0.0,13.666666666666666,16.0,7.0,7.0,0.0,0.0,0.0,0.0,0.0,1.0,2.0,3.0,-1.0
2025,16,sainz,williams,13,11,11,Finished,0.0,53,Italian Grand Prix,Monza,2025-09-07,conventional,13,0 days 00:01:19.644000,0 days 00:01:19.528000,,0,0,0,0,0.0,11.0,0.0,141.0,3.0,13.5,2.3333333333333335,13.666666666666666,9,0.0,11.0,11.0,-2.0,0.0,2.0,0.0,1.1128084458056708,0.0,0.0,0.0,2.0,3.0,-2.0
2025,17,sainz,williams,2,3,3,Finished,15.0,51,Azerbaijan Grand Prix,Baku,2025-09-21,conventional,2,0 days 00:01:42.635000,0 days 00:01:41.675000,0 days 00:01:41.595000,15,1,1,0,0.0,11.666666666666666,0.0,142.0,7.5,10.5,2.6666666666666665,14.0,13,0.0,11.666666666666666,11.0,9.0,9.0,0.0,4.0,4.815006779611552,11.0,0.0,0.0,2.0,3.0,-2.0
2025,18,sainz,williams,18,10,10,Lapped,1.0,61,Singapore Grand Prix,Marina Bay,2025-10-05,conventional,20,,,,1,1,0,0,5.0,8.0,0.0,143.0,0.5,19.5,5.166666666666667,12.0,2,15.0,8.0,8.0,-12.0,0.0,12.0,0.0,0.147916360802542,1.0,0.0,11.0,0.0,3.0,11.0
2025,20,sainz,williams,12,17,17,Retired,0.0,67,Mexico City Grand Prix,Mexico City,2025-10-26,conventional,7,0 days 00:01:17.171000,0 days 00:01:16.607000,0 days 00:01:16.172000,0,0,0,0,5.333333333333333,11.666666666666666,0.0,144.0,0.0,12.0,3.6666666666666665,14.5,20,1.0,11.666666666666666,14.0,7.0,7.0,0.0,4.0,3.608963844411006,0.0,4.0,12.0,0.0,3.0,12.0
2025,22,sainz,williams,3,5,5,Finished,10.0,50,Las Vegas Grand Prix,Las Vegas,2025-11-22,conventional,3,0 days 00:01:54.873000,0 days 00:01:51.144000,0 days 00:01:48.296000,10,1,0,0,5.333333333333333,9.666666666666666,0.0,145.0,5.0,9.5,2.6666666666666665,14.0,7,0.0,9.666666666666666,9.0,6.0,6.0,0.0,10.0,6.545135624805634,0.0,0.0,12.0,4.0,3.0,8.0
2025,24,sainz,williams,12,13,13,Finished,0.0,58,Abu Dhabi Grand Prix,Yas Island,2025-12-07,conventional,12,0 days 00:01:23.187000,0 days 00:01:23.042000,,0,0,0,0,3.6666666666666665,10.0,0.0,146.0,0.0,14.5,1.8333333333333333,13.666666666666666,3,10.0,10.0,9.0,-3.0,0.0,3.0,0.0,1.157483811274501,0.0,0.0,1.0,4.0,3.0,-3.0
2023,1,sargeant,williams,16,12,12,Lapped,0.0,56,Bahrain Grand Prix,Sakhir,2023-03-05,conventional,16,0 days 00:01:31.652000,,,0,0,0,0,,,,0.0,0.5,15.5,0.0,18.166666666666668,,,,,,,,,,,,0.0,0.0,0.0,0.0
2023,2,sargeant,williams,20,16,16,Finished,0.0,50,Saudi Arabian Grand Prix,Jeddah,2023-03-19,conventional,20,0 days 00:02:08.510000,,,0,0,0,0,0.0,16.0,0.0,1.0,0.0,18.5,0.16666666666666666,18.166666666666668,16,0.0,16.0,17.0,-3.0,0.0,3.0,0.0,0.0,0.0,0.0,0.0,0.0,0.0,0.0
2023,3,sargeant,williams,18,16,16,Retired,0.0,56,Australian Grand Prix,Melbourne,2023-04-02,conventional,18,0 days 00:01:18.557000,,,0,0,0,0,0.0,18.0,0.0,2.0,0.0,13.0,0.16666666666666666,17.833333333333332,20,0.0,18.0,20.0,2.0,2.0,0.0,0.0,0.0,0.0,0.0,0.0,0.0,1.0,0.0
2023,5,sargeant,williams,20,20,20,Lapped,0.0,56,Miami Grand Prix,Miami,2023-05-07,conventional,20,0 days 00:01:28.577000,,,0,0,0,0,0.0,18.0,0.0,3.0,0.0,15.5,0.16666666666666666,15.666666666666666,18,0.0,18.0,20.0,0.0,0.0,-0.0,0.0,0.0,0.0,0.0,0.0,0.0,2.0,0.0
2023,6,sargeant,williams,16,18,18,Lapped,0.0,76,Monaco Grand Prix,Monaco,2023-05-28,conventional,16,0 days 00:01:13.113000,,,0,0,0,0,0.0,19.333333333333332,0.0,4.0,0.0,14.5,0.0,15.666666666666666,20,0.0,19.333333333333332,20.0,4.0,4.0,0.0,0.0,0.1254143928019289,0.0,0.0,0.0,0.0,3.0,0.0
2023,7,sargeant,williams,20,20,20,Lapped,0.0,65,Spanish Grand Prix,Barcelona,2023-06-04,conventional,20,0 days 00:01:14.699000,,,0,0,0,0,0.0,18.0,0.0,5.0,0.0,19.0,0.0,14.333333333333334,16,0.0,18.0,20.0,0.0,0.0,-0.0,0.0,0.9290628133715719,0.0,0.0,0.0,0.0,3.0,0.0
2023,8,sargeant,williams,18,20,R,Retired,0.0,6,Canadian Grand Prix,Montréal,2023-06-18,conventional,19,0 days 00:01:23.337000,,,0,0,0,0,0.0,18.666666666666668,0.0,6.0,3.0,14.5,0.0,16.333333333333332,20,0.0,18.666666666666668,20.0,1.0,1.0,0.0,0.0,0.029921987585982635,0.0,0.0,0.0,0.0,3.0,0.0
2023,10,sargeant,williams,14,11,11,Finished,0.0,52,British Grand Prix,Silverstone,2023-07-09,conventional,14,0 days 00:01:29.873000,0 days 00:01:29.031000,,0,0,0,0,0.0,18.333333333333332,0.0,7.0,2.0,11.0,1.0,16.0,19,0.0,18.333333333333332,20.0,6.0,6.0,0.0,0.0,0.0,0.0,0.0,0.0,0.0,3.0,0.0
2023,11,sargeant,williams,20,18,18,Retired,0.0,67,Hungarian Grand Prix,Budapest,2023-07-23,conventional,20,0 days 00:01:19.248000,,,0,0,0,0,0.0,17.666666666666668,0.0,8.0,0.0,18.0,1.6666666666666667,14.833333333333334,14,0.0,17.666666666666668,20.0,0.0,0.0,-0.0,0.0,0.2437732870215008,0.0,0.0,0.0,0.0,3.0,0.0
2023,13,sargeant,williams,10,20,R,Accident,0.0,14,Dutch Grand Prix,Zandvoort,2023-08-27,conventional,10,0 days 00:01:22.036000,0 days 00:01:20.067000,0 days 00:01:16.748000,0,0,0,1,0.0,17.666666666666668,0.0,9.0,2.0,7.0,1.6666666666666667,14.5,20,0.0,17.666666666666668,19.0,9.0,9.0,0.0,0.0,0.4867924219370616,0.0,0.0,0.0,0.0,3.0,0.0
2023,14,sargeant,williams,15,13,13,Finished,0.0,51,Italian Grand Prix,Monza,2023-09-03,conventional,15,0 days 00:01:21.930000,0 days 00:01:21.944000,,0,0,0,0,0.0,14.666666666666666,0.1,10.0,3.0,10.5,1.3333333333333333,12.0,10,0.0,14.666666666666666,17.0,2.0,2.0,0.0,0.0,0.0,0.0,0.0,0.0,0.0,3.0,0.0
2023,15,sargeant,williams,18,14,14,Finished,0.0,62,Singapore Grand Prix,Marina Bay,2023-09-17,conventional,18,0 days 00:01:33.252000,,,0,0,0,0,0.0,15.0,0.1,11.0,0.0,16.0,1.6666666666666667,11.833333333333334,15,0.0,15.0,15.0,-3.0,0.0,3.0,0.0,0.0,0.0,0.0,0.0,0.0,3.0,0.0
2023,16,sargeant,williams,20,17,R,Retired,0.0,22,Japanese Grand Prix,Suzuka,2023-09-24,conventional,20,,,,0,0,0,0,0.0,14.333333333333334,0.1,12.0,0.0,16.5,1.6666666666666667,11.166666666666666,18,0.0,14.333333333333334,16.0,-4.0,0.0,4.0,0.0,0.24740013069298872,0.0,0.0,0.0,0.0,3.0,0.0
2023,19,sargeant,williams,19,16,16,Retired,0.0,70,Mexico City Grand Prix,Mexico City,2023-10-29,conventional,20,,,,0,0,0,0,0.0,17.666666666666668,0.1,13.0,1.0,17.0,1.0,14.333333333333334,20,0.0,17.666666666666668,18.0,-2.0,0.0,2.0,0.0,0.11851863634303417,0.0,0.0,0.0,0.0,3.0,0.0
2023,21,sargeant,williams,6,16,16,Finished,0.0,50,Las Vegas Grand Prix,Las Vegas,2023-11-18,conventional,7,0 days 00:01:34.525000,0 days 00:01:33.733000,0 days 00:01:33.513000,0,0,0,0,0.0,19.333333333333332,0.1,14.0,0.0,6.5,0.3333333333333333,16.5,20,0.0,19.333333333333332,20.0,13.0,13.0,0.0,0.0,1.221378720537233,0.0,0.0,0.0,0.0,3.0,0.0
2023,22,sargeant,williams,20,16,16,Finished,0.0,58,Abu Dhabi Grand Prix,Yas Island,2023-11-26,conventional,20,,,,0,0,0,0,0.0,15.666666666666666,0.1,15.0,0.0,17.0,0.3333333333333333,13.333333333333334,7,0.0,15.666666666666666,18.0,-2.0,0.0,2.0,0.0,0.0,0.0,0.0,0.0,0.0,3.0,0.0
2024,1,sargeant,williams,18,20,20,Lapped,0.0,55,Bahrain Grand Prix,Sakhir,2024-03-02,conventional,18,0 days 00:01:30.770000,,,0,0,0,0,0.0,15.666666666666666,0.1,16.0,0.0,15.5,0.3333333333333333,13.5,20,0.0,15.666666666666666,17.0,-1.0,0.0,1.0,0.0,0.39747630208600526,0.0,0.0,0.0,0.0,0.0,0.0
2024,2,sargeant,williams,19,14,14,Lapped,0.0,49,Saudi Arabian Grand Prix,Jeddah,2024-03-09,conventional,19,0 days 00:01:29.526000,,,0,0,0,0,0.0,15.0,0.1,17.0,0.0,15.5,0.0,13.0,18,0.0,15.0,17.0,-2.0,0.0,2.0,0.0,0.0,0.0,0.0,0.0,0.0,1.0,0.0
2024,4,sargeant,williams,19,17,17,Lapped,0.0,52,Japanese Grand Prix,Suzuka,2024-04-07,conventional,19,0 days 00:01:30.139000,,,0,0,0,0,0.0,19.0,0.1,18.0,0.0,16.5,0.0,14.333333333333334,19,0.0,19.0,20.0,1.0,1.0,0.0,0.0,0.0,0.0,0.0,0.0,0.0,2.0,0.0
2024,7,sargeant,williams,19,17,17,Lapped,0.0,62,Emilia Romagna Grand Prix,Imola,2024-05-19,conventional,20,,,,0,0,0,0,0.0,18.666666666666668,0.1,19.0,0.0,17.0,0.0,14.666666666666666,19,0.0,18.666666666666668,19.0,-1.0,0.0,1.0,0.0,0.11866142117693279,0.0,0.0,0.0,0.0,3.0,0.0
2024,8,sargeant,williams,15,15,15,Lapped,0.0,76,Monaco Grand Prix,Monaco,2024-05-26,conventional,15,0 days 00:01:12.020000,,,0,0,0,0,0.0,19.333333333333332,0.0,20.0,1.0,12.0,0.0,15.166666666666666,20,0.0,19.333333333333332,20.0,5.0,5.0,0.0,0.0,0.0,0.0,0.0,0.0,0.0,3.0,0.0
2024,9,sargeant,williams,13,20,R,Retired,0.0,23,Canadian Grand Prix,Montréal,2024-06-09,conventional,13,0 days 00:01:13.063000,0 days 00:01:12.736000,,0,0,0,0,0.0,18.0,0.0,21.0,0.0,11.5,0.3333333333333333,15.166666666666666,15,0.0,18.0,19.0,6.0,6.0,0.0,0.0,0.2674759726973335,0.0,0.0,0.0,0.0,3.0,0.0
2024,10,sargeant,williams,19,20,20,Lapped,0.0,64,Spanish Grand Prix,Barcelona,2024-06-23,conventional,20,0 days 00:01:13.509000,,,0,0,0,0,0.0,16.0,0.0,22.0,0.0,19.5,0.3333333333333333,13.5,13,0.0,16.0,18.0,-2.0,0.0,2.0,0.0,0.0,0.0,0.0,0.0,0.0,3.0,0.0
2024,12,sargeant,williams,12,11,11,Finished,0.0,52,British Grand Prix,Silverstone,2024-07-07,conventional,12,0 days 00:01:31.608000,0 days 00:01:27.175000,,0,0,0,0,0.0,16.0,0.0,23.0,1.0,10.5,0.3333333333333333,14.333333333333334,20,0.0,16.0,18.0,6.0,6.0,0.0,0.0,0.0,0.0,0.0,0.0,0.0,3.0,0.0
2024,13,sargeant,williams,14,17,17,Lapped,0.0,69,Hungarian Grand Prix,Budapest,2024-07-21,conventional,14,0 days 00:01:17.770000,0 days 00:01:16.543000,,0,0,0,0,0.0,15.0,0.0,24.0,0.0,13.5,0.3333333333333333,13.833333333333334,12,0.0,15.0,18.0,4.0,4.0,0.0,0.0,0.0,0.0,0.0,0.0,0.0,3.0,0.0
2024,14,sargeant,williams,18,17,17,Finished,0.0,44,Belgian Grand Prix,Spa-Francorchamps,2024-07-28,conventional,19,0 days 00:01:57.230000,,,0,0,0,0,0.0,15.333333333333334,0.0,25.0,0.0,15.0,0.3333333333333333,14.5,14,0.0,15.333333333333334,18.0,-1.0,0.0,1.0,0.0,0.0,0.0,0.0,0.0,0.0,3.0,0.0
2024,15,sargeant,williams,18,16,16,Lapped,0.0,71,Dutch Grand Prix,Zandvoort,2024-08-25,conventional,20,,,,0,0,0,0,0.0,15.0,0.0,26.0,0.0,15.0,0.3333333333333333,13.0,19,0.0,15.0,17.0,-3.0,0.0,3.0,0.0,0.0,0.0,0.0,0.0,0.0,3.0,0.0
2018,1,sirotkin,williams,19,20,R,Brakes,0.0,4,Australian Grand Prix,Melbourne,2018-03-25,conventional,19,0 days 00:01:24.922000,,,0,0,0,0,,,,0.0,0.0,16.5,,,,,,,,,,,,,,0.0,0.0,0.0,0.0
2018,2,sirotkin,williams,18,15,15,+1 Lap,0.0,56,Bahrain Grand Prix,Sakhir,2018-04-08,conventional,18,0 days 00:01:31.414000,,,0,0,0,0,0.0,19.0,0.0,1.0,0.0,19.0,0.0,16.5,19,0.0,,,,,,,,,,0.0,0.0,0.0,0.0
2018,3,sirotkin,williams,16,15,15,Finished,0.0,56,Chinese Grand Prix,Shanghai,2018-04-15,conventional,16,0 days 00:01:34.062000,,,0,0,0,0,0.0,18.5,0.0,2.0,0.0,17.0,0.0,17.75,18,0.0,,,,,,,,,,0.0,0.0,0.0,0.0
2018,4,sirotkin,williams,11,20,R,Collision,0.0,0,Azerbaijan Grand Prix,Baku,2018-04-29,conventional,12,0 days 00:01:44.261000,0 days 00:01:43.886000,,0,0,0,1,0.0,17.666666666666668,0.0,3.0,2.0,11.5,0.0,17.5,16,0.0,,,,,,,,,,0.0,0.0,0.0,0.0
2018,5,sirotkin,williams,19,14,14,+3 Laps,0.0,63,Spanish Grand Prix,Barcelona,2018-05-13,conventional,18,0 days 00:01:19.695000,,,0,0,0,0,0.0,15.333333333333334,0.25,4.0,0.0,18.5,0.6666666666666666,15.833333333333334,12,0.0,,,,,,,,,,0.0,0.0,0.0,0.0
2018,6,sirotkin,williams,13,16,16,+1 Lap,0.0,77,Monaco Grand Prix,Monte Carlo,2018-05-27,conventional,13,0 days 00:01:12.706000,0 days 00:01:12.521000,,0,0,0,0,0.0,15.333333333333334,0.2,5.0,0.0,15.5,0.6666666666666666,15.666666666666666,18,0.0,,,,,,,,,,0.0,0.0,0.0,0.0
2018,7,sirotkin,williams,18,17,17,+2 Laps,0.0,66,Canadian Grand Prix,Montréal,2018-06-10,conventional,18,0 days 00:01:13.643000,,,0,0,0,0,0.0,14.333333333333334,0.16666666666666666,6.0,0.0,17.5,0.6666666666666666,15.166666666666666,13,0.0,,,,,,,,,,0.0,0.0,0.0,0.0
2018,8,sirotkin,williams,18,15,15,+1 Lap,0.0,52,French Grand Prix,Le Castellet,2018-06-24,conventional,19,0 days 00:01:33.636000,,,0,0,0,0,0.0,16.333333333333332,0.14285714285714285,7.0,0.0,19.5,0.0,17.166666666666668,18,0.0,,,,,,,,,,0.0,0.0,0.0,0.0
2018,9,sirotkin,williams,17,13,13,+2 Laps,0.0,69,Austrian Grand Prix,Spielberg,2018-07-01,conventional,18,0 days 00:01:05.322000,,,0,0,0,0,0.0,16.666666666666668,0.125,8.0,0.0,16.5,0.0,17.5,19,0.0,,,,,,,,,,0.0,0.0,0.0,0.0
2018,10,sirotkin,williams,18,14,14,Finished,0.0,52,British Grand Prix,Silverstone,2018-07-08,conventional,18,0 days 00:01:29.252000,,,0,0,0,0,0.0,18.333333333333332,0.1111111111111111,9.0,0.0,18.5,0.0,17.833333333333332,18,0.0,,,,,,,,,,0.0,0.0,0.0,0.0
2018,11,sirotkin,williams,12,19,R,Engine,0.0,51,German Grand Prix,Hockenheim,2018-07-22,conventional,12,0 days 00:01:13.708000,0 days 00:01:13.702000,,0,0,0,0,0.0,18.333333333333332,0.1,10.0,0.0,15.5,0.0,18.166666666666668,18,0.0,,,,,,,,,,0.0,0.0,0.0,0.0
2018,12,sirotkin,williams,20,16,16,+2 Laps,0.0,68,Hungarian Grand Prix,Budapest,2018-07-29,conventional,20,0 days 00:01:19.301000,,,0,0,0,0,0.0,16.0,0.1,11.0,0.0,17.5,0.0,16.833333333333332,12,0.0,,,,,,,,,,0.0,0.0,0.0,0.0
2018,13,sirotkin,williams,16,12,12,+1 Lap,0.0,43,Belgian Grand Prix,Spa-Francorchamps,2018-08-26,conventional,18,0 days 00:01:44.998000,,,0,0,0,0,0.0,16.666666666666668,0.1,12.0,0.0,18.5,0.0,17.166666666666668,20,0.0,,,,,,,,,,0.0,0.0,0.0,0.0
2018,14,sirotkin,williams,12,10,10,+1 Lap,1.0,52,Italian Grand Prix,Monza,2018-09-02,conventional,12,0 days 00:01:21.813000,0 days 00:01:21.732000,,1,1,0,0,0.0,16.666666666666668,0.1,13.0,1.5,11.0,0.0,17.166666666666668,18,0.0,,,,,,,,,,0.0,0.0,0.0,0.0
2018,15,sirotkin,williams,19,19,19,+2 Laps,0.0,59,Singapore Grand Prix,Singapore,2018-09-16,conventional,19,0 days 00:01:41.263000,,,0,0,0,0,0.3333333333333333,16.666666666666668,0.0,14.0,0.0,19.5,0.5,15.666666666666666,12,1.0,,,,,,,,,,0.0,0.0,0.0,0.0
2018,16,sirotkin,williams,13,18,18,+2 Laps,0.0,51,Russian Grand Prix,Sochi,2018-09-30,conventional,18,0 days 00:01:35.612000,,,0,0,0,0,0.3333333333333333,16.333333333333332,0.0,15.0,0.0,19.0,0.5,16.333333333333332,19,0.0,,,,,,,,,,0.0,0.0,0.0,0.0
2018,17,sirotkin,williams,17,16,16,+1 Lap,0.0,52,Japanese Grand Prix,Suzuka,2018-10-07,conventional,17,0 days 00:01:30.372000,,,0,0,0,0,0.3333333333333333,16.333333333333332,0.0,16.0,0.0,15.5,0.5,16.5,18,0.0,,,,,,,,,,0.0,0.0,0.0,0.0
2018,18,sirotkin,williams,14,13,13,+1 Lap,0.0,55,United States Grand Prix,Austin,2018-10-21,conventional,17,0 days 00:01:35.362000,,,0,0,0,0,0.0,18.0,0.0,17.0,0.0,17.5,0.0,18.0,17,0.0,,,,,,,,,,0.0,0.0,0.0,0.0
2018,19,sirotkin,williams,19,13,13,+2 Laps,0.0,69,Mexican Grand Prix,Mexico City,2018-10-28,conventional,20,0 days 00:01:17.886000,,,0,0,0,0,0.0,17.333333333333332,0.0,18.0,0.0,19.5,0.0,17.333333333333332,17,0.0,,,,,,,,,,0.0,0.0,0.0,0.0
2018,20,sirotkin,williams,14,16,16,+2 Laps,0.0,69,Brazilian Grand Prix,São Paulo,2018-11-11,conventional,15,0 days 00:01:09.259000,0 days 00:01:10.381000,,0,0,0,0,0.0,18.0,0.0,19.0,0.0,17.0,0.0,17.5,20,0.0,,,,,,,,,,0.0,0.0,0.0,0.0
2018,21,sirotkin,williams,19,15,15,+1 Lap,0.0,54,Abu Dhabi Grand Prix,Yas Marina,2018-11-25,conventional,19,0 days 00:01:38.635000,,,0,0,0,0,0.0,17.333333333333332,0.0,20.0,0.0,19.5,0.0,18.0,15,0.0,,,,,,,,,,0.0,0.0,0.0,0.0
2018,1,stroll,williams,13,14,14,Finished,0.0,58,Australian Grand Prix,Melbourne,2018-03-25,conventional,14,0 days 00:01:24.464000,0 days 00:01:24.230000,,0,0,0,0,,,,0.0,0.0,16.5,,,,,,,,,,,,,,0.0,0.0,0.0,0.0
2018,2,stroll,williams,20,14,14,+1 Lap,0.0,56,Bahrain Grand Prix,Sakhir,2018-04-08,conventional,20,0 days 00:01:31.503000,,,0,0,0,0,0.0,14.0,0.0,1.0,0.0,19.0,0.0,16.5,14,0.0,,,,,,,,,,0.0,0.0,0.0,0.0
2018,3,stroll,williams,18,14,14,Finished,0.0,56,Chinese Grand Prix,Shanghai,2018-04-15,conventional,18,0 days 00:01:34.285000,,,0,0,0,0,0.0,17.0,0.0,2.0,0.0,17.0,0.0,17.75,20,0.0,,,,,,,,,,0.0,0.0,0.0,0.0
2018,4,stroll,williams,10,8,8,Finished,4.0,51,Azerbaijan Grand Prix,Baku,2018-04-29,conventional,11,0 days 00:01:44.359000,0 days 00:01:43.585000,,4,1,0,0,0.0,17.333333333333332,0.0,3.0,2.0,11.5,0.0,17.5,18,0.0,,,,,,,,,,0.0,0.0,0.0,0.0
2018,5,stroll,williams,18,11,11,+2 Laps,0.0,64,Spanish Grand Prix,Barcelona,2018-05-13,conventional,19,0 days 00:01:20.225000,,,0,0,0,0,1.3333333333333333,16.333333333333332,0.0,4.0,0.0,18.5,0.6666666666666666,15.833333333333334,11,4.0,,,,,,,,,,0.0,0.0,0.0,0.0
2018,6,stroll,williams,17,17,17,+2 Laps,0.0,76,Monaco Grand Prix,Monte Carlo,2018-05-27,conventional,18,0 days 00:01:13.323000,,,0,0,0,0,1.3333333333333333,16.0,0.0,5.0,0.0,15.5,0.6666666666666666,15.666666666666666,19,0.0,,,,,,,,,,0.0,0.0,0.0,0.0
2018,7,stroll,williams,17,20,R,Collision,0.0,0,Canadian Grand Prix,Montréal,2018-06-10,conventional,17,0 days 00:01:13.590000,,,0,0,0,1,1.3333333333333333,16.0,0.0,6.0,0.0,17.5,0.6666666666666666,15.166666666666666,18,0.0,,,,,,,,,,0.0,0.0,0.0,0.0
2018,8,stroll,williams,19,17,17,Puncture,0.0,48,French Grand Prix,Le Castellet,2018-06-24,conventional,20,0 days 00:01:33.729000,,,0,0,0,0,0.0,18.0,0.14285714285714285,7.0,0.0,19.5,0.0,17.166666666666668,17,0.0,,,,,,,,,,0.0,0.0,0.0,0.0
2018,9,stroll,williams,14,14,14,+2 Laps,0.0,69,Austrian Grand Prix,Spielberg,2018-07-01,conventional,15,0 days 00:01:05.264000,0 days 00:01:05.286000,,0,0,0,0,0.0,18.333333333333332,0.125,8.0,0.0,16.5,0.0,17.5,20,0.0,,,,,,,,,,0.0,0.0,0.0,0.0
2018,10,stroll,williams,19,12,12,Finished,0.0,52,British Grand Prix,Silverstone,2018-07-08,conventional,19,,,,0,0,0,0,0.0,17.333333333333332,0.1111111111111111,9.0,0.0,18.5,0.0,17.833333333333332,15,0.0,,,,,,,,,,0.0,0.0,0.0,0.0
2018,11,stroll,williams,18,17,R,Engine,0.0,53,German Grand Prix,Hockenheim,2018-07-22,conventional,19,0 days 00:01:14.206000,,,0,0,0,0,0.0,18.0,0.1,10.0,0.0,15.5,0.0,18.166666666666668,19,0.0,,,,,,,,,,0.0,0.0,0.0,0.0
2018,12,stroll,williams,15,17,17,+2 Laps,0.0,68,Hungarian Grand Prix,Budapest,2018-07-29,conventional,15,0 days 00:01:18.560000,,,0,0,0,0,0.0,17.666666666666668,0.1,11.0,0.0,17.5,0.0,16.833333333333332,19,0.0,,,,,,,,,,0.0,0.0,0.0,0.0
2018,13,stroll,williams,17,13,13,+1 Lap,0.0,43,Belgian Grand Prix,Spa-Francorchamps,2018-08-26,conventional,19,0 days 00:01:45.134000,,,0,0,0,0,0.0,17.666666666666668,0.1,12.0,0.0,18.5,0.0,17.166666666666668,15,0.0,,,,,,,,,,0.0,0.0,0.0,0.0
2018,14,stroll,williams,10,9,9,+1 Lap,2.0,52,Italian Grand Prix,Monza,2018-09-02,conventional,10,0 days 00:01:21.838000,0 days 00:01:21.494000,0 days 00:01:21.627000,2,1,0,0,0.0,17.666666666666668,0.1,13.0,1.5,11.0,0.0,17.166666666666668,19,0.0,,,,,,,,,,0.0,0.0,0.0,0.0
2018,15,stroll,williams,20,14,14,+1 Lap,0.0,60,Singapore Grand Prix,Singapore,2018-09-16,conventional,20,0 days 00:01:41.334000,,,0,0,0,0,0.6666666666666666,14.666666666666666,0.1,14.0,0.0,19.5,0.5,15.666666666666666,10,2.0,,,,,,,,,,0.0,0.0,0.0,0.0
2018,16,stroll,williams,14,15,15,+1 Lap,0.0,52,Russian Grand Prix,Sochi,2018-09-30,conventional,20,0 days 00:01:36.437000,,,0,0,0,0,0.6666666666666666,16.333333333333332,0.1,15.0,0.0,19.0,0.5,16.333333333333332,20,0.0,,,,,,,,,,0.0,0.0,0.0,0.0
2018,17,stroll,williams,14,17,17,+1 Lap,0.0,52,Japanese Grand Prix,Suzuka,2018-10-07,conventional,14,0 days 00:01:30.317000,0 days 00:01:30.714000,,0,0,0,0,0.6666666666666666,16.666666666666668,0.1,16.0,0.0,15.5,0.5,16.5,20,0.0,,,,,,,,,,0.0,0.0,0.0,0.0
2018,18,stroll,williams,15,14,14,+2 Laps,0.0,54,United States Grand Prix,Austin,2018-10-21,conventional,18,0 days 00:01:35.480000,,,0,0,0,0,0.0,18.0,0.0,17.0,0.0,17.5,0.0,18.0,14,0.0,,,,,,,,,,0.0,0.0,0.0,0.0
2018,19,stroll,williams,17,12,12,+2 Laps,0.0,69,Mexican Grand Prix,Mexico City,2018-10-28,conventional,19,0 days 00:01:17.689000,,,0,0,0,0,0.0,17.333333333333332,0.0,18.0,0.0,19.5,0.0,17.333333333333332,18,0.0,,,,,,,,,,0.0,0.0,0.0,0.0
2018,20,stroll,williams,19,18,18,+2 Laps,0.0,69,Brazilian Grand Prix,São Paulo,2018-11-11,conventional,19,0 days 00:01:09.441000,,,0,0,0,0,0.0,17.0,0.0,19.0,0.0,17.0,0.0,17.5,19,0.0,,,,,,,,,,0.0,0.0,0.0,0.0
2018,21,stroll,williams,20,13,13,+1 Lap,0.0,54,Abu Dhabi Grand Prix,Yas Marina,2018-11-25,conventional,20,0 days 00:01:38.682000,,,0,0,0,0,0.0,18.666666666666668,0.0,20.0,0.0,19.5,0.0,18.0,19,0.0,,,,,,,,,,0.0,0.0,0.0,0.0
2019,1,stroll,racing_point,16,9,9,+1 Lap,2.0,57,Australian Grand Prix,Melbourne,2019-03-17,conventional,16,0 days 00:01:23.017000,,,2,1,0,0,0.0,19.333333333333332,0.0,21.0,1.0,13.0,,,20,0.0,,,,,,,,,,0.0,0.0,0.0,0.0
2019,2,stroll,racing_point,18,14,14,+1 Lap,0.0,56,Bahrain Grand Prix,Sakhir,2019-03-31,conventional,18,0 days 00:01:30.217000,,,0,0,0,0,0.6666666666666666,18.333333333333332,0.0,22.0,0.5,16.0,1.0,13.0,16,2.0,,,,,,,,,,0.0,0.0,0.0,0.0
2019,3,stroll,racing_point,16,12,12,+1 Lap,0.0,55,Chinese Grand Prix,Shanghai,2019-04-14,conventional,16,0 days 00:01:34.292000,,,0,0,0,0,0.6666666666666666,18.0,0.0,23.0,2.0,14.0,0.75,14.5,18,0.0,,,,,,,,,,0.0,0.0,0.0,0.0
2019,4,stroll,racing_point,13,9,9,Finished,2.0,51,Azerbaijan Grand Prix,Baku,2019-04-28,conventional,14,0 days 00:01:42.630000,,,2,1,0,0,0.6666666666666666,16.666666666666668,0.0,24.0,5.0,9.5,1.1666666666666667,14.333333333333334,16,0.0,,,,,,,,,,0.0,0.0,0.0,0.0
2019,5,stroll,racing_point,16,19,R,Collision,0.0,44,Spanish Grand Prix,Barcelona,2019-05-12,conventional,17,0 days 00:01:18.471000,,,0,0,0,1,0.6666666666666666,16.0,0.0,25.0,0.0,16.0,2.5,13.166666666666666,14,2.0,,,,,,,,,,0.0,0.0,0.0,0.0
2019,6,stroll,racing_point,17,16,16,+1 Lap,0.0,77,Monaco Grand Prix,Monte Carlo,2019-05-26,conventional,18,0 days 00:01:12.846000,,,0,0,0,0,0.6666666666666666,15.666666666666666,0.1,26.0,0.0,17.5,2.3333333333333335,13.166666666666666,17,0.0,,,,,,,,,,0.0,0.0,0.0,0.0
2019,7,stroll,racing_point,17,9,9,+1 Lap,2.0,69,Canadian Grand Prix,Montréal,2019-06-09,conventional,18,0 days 00:01:12.266000,,,2,1,0,0,0.6666666666666666,16.333333333333332,0.1,27.0,1.0,17.0,1.6666666666666667,14.333333333333334,18,0.0,,,,,,,,,,0.0,0.0,0.0,0.0
2019,8,stroll,racing_point,17,13,13,+1 Lap,0.0,52,French Grand Prix,Le Castellet,2019-06-23,conventional,18,0 days 00:01:31.726000,,,0,0,0,0,0.6666666666666666,17.666666666666668,0.1,28.0,0.0,16.0,0.3333333333333333,16.833333333333332,18,2.0,,,,,,,,,,0.0,0.0,0.0,0.0
2019,9,stroll,racing_point,14,14,14,+1 Lap,0.0,70,Austrian Grand Prix,Spielberg,2019-06-30,conventional,17,0 days 00:01:04.832000,,,0,0,0,0,0.6666666666666666,18.0,0.1,29.0,0.0,16.5,0.3333333333333333,16.833333333333332,18,0.0,,,,,,,,,,0.0,0.0,0.0,0.0
2019,10,stroll,racing_point,18,13,13,Finished,0.0,52,British Grand Prix,Silverstone,2019-07-14,conventional,18,0 days 00:01:26.762000,,,0,0,0,0,0.6666666666666666,17.666666666666668,0.1,30.0,0.0,16.5,0.3333333333333333,16.5,17,0.0,,,,,,,,,,0.0,0.0,0.0,0.0
2019,11,stroll,racing_point,15,4,4,Finished,12.0,64,German Grand Prix,Hockenheim,2019-07-28,conventional,15,0 days 00:01:13.256000,0 days 00:01:13.450000,,12,1,0,0,0.0,17.666666666666668,0.1,31.0,6.0,11.5,0.0,16.333333333333332,18,0.0,,,,,,,,,,0.0,0.0,0.0,0.0
2019,12,stroll,racing_point,18,17,17,+2 Laps,0.0,68,Hungarian Grand Prix,Budapest,2019-08-04,conventional,19,0 days 00:01:17.542000,,,0,0,0,0,4.0,16.666666666666668,0.1,32.0,0.0,18.0,2.0,14.833333333333334,15,12.0,,,,,,,,,,0.0,0.0,0.0,0.0
2019,13,stroll,racing_point,16,10,10,Finished,1.0,44,Belgian Grand Prix,Spa-Francorchamps,2019-09-01,conventional,13,0 days 00:01:46,0 days 00:01:45.047000,,1,1,0,0,4.0,17.333333333333332,0.1,33.0,4.5,11.0,2.0,15.333333333333334,19,0.0,,,,,,,,,,0.0,0.0,0.0,0.0
2019,14,stroll,racing_point,9,12,12,+1 Lap,0.0,52,Italian Grand Prix,Monza,2019-09-08,conventional,9,0 days 00:01:20.643000,0 days 00:01:20.498000,,0,0,0,0,4.333333333333333,15.666666666666666,0.1,34.0,3.0,13.0,3.5,13.5,13,1.0,,,,,,,,,,0.0,0.0,0.0,0.0
2019,15,stroll,racing_point,16,13,13,Finished,0.0,61,Singapore Grand Prix,Singapore,2019-09-22,conventional,16,0 days 00:01:39.979000,,,0,0,0,0,0.3333333333333333,13.666666666666666,0.1,35.0,0.0,13.0,2.5,14.0,9,0.0,,,,,,,,,,0.0,0.0,0.0,0.0
2019,16,stroll,racing_point,14,11,11,Finished,0.0,53,Russian Grand Prix,Sochi,2019-09-29,conventional,15,0 days 00:01:34.287000,0 days 00:01:34.233000,,0,0,0,0,0.3333333333333333,12.666666666666666,0.0,36.0,3.0,13.5,2.5,12.333333333333334,16,0.0,,,,,,,,,,0.0,0.0,0.0,0.0
2019,17,stroll,racing_point,12,9,9,+1 Lap,2.0,51,Japanese Grand Prix,Suzuka,2019-10-13,conventional,12,0 days 00:01:29.594000,0 days 00:01:29.345000,,2,1,0,0,0.0,13.333333333333334,0.0,37.0,3.0,14.5,2.0,13.166666666666666,15,0.0,,,,,,,,,,0.0,0.0,0.0,0.0
2019,18,stroll,racing_point,16,12,12,+1 Lap,0.0,70,Mexican Grand Prix,Mexico City,2019-10-27,conventional,16,0 days 00:01:18.065000,,,0,0,0,0,0.6666666666666666,14.333333333333334,0.0,38.0,3.0,13.5,2.0,13.666666666666666,12,2.0,,,,,,,,,,0.0,0.0,0.0,0.0
2019,19,stroll,racing_point,14,13,13,+1 Lap,0.0,55,United States Grand Prix,Austin,2019-11-03,conventional,14,0 days 00:01:33.921000,0 days 00:01:34.100000,,0,0,0,0,0.6666666666666666,14.333333333333334,0.0,39.0,0.5,16.5,3.0,13.833333333333334,16,0.0,,,,,,,,,,0.0,0.0,0.0,0.0
2019,20,stroll,racing_point,17,19,19,Suspension,0.0,65,Brazilian Grand Prix,São Paulo,2019-11-17,conventional,17,0 days 00:01:09.536000,,,0,0,0,0,0.6666666666666666,14.0,0.0,40.0,1.0,16.0,2.1666666666666665,14.833333333333334,14,0.0,,,,,,,,,,0.0,0.0,0.0,0.0
2019,21,stroll,racing_point,12,20,R,Brakes,0.0,45,Abu Dhabi Grand Prix,Yas Island,2019-12-01,conventional,13,0 days 00:01:37.528000,0 days 00:01:37.103000,,0,0,0,0,0.0,15.666666666666666,0.0,41.0,3.0,12.0,1.5,15.333333333333334,17,0.0,,,,,,,,,,0.0,0.0,0.0,0.0
2020,1,stroll,racing_point,9,18,R,Engine,0.0,20,Austrian Grand Prix,Spielberg,2020-07-05,conventional,9,0 days 00:01:04.309000,0 days 00:01:03.955000,0 days 00:01:04.029000,0,0,0,0,0.0,14.666666666666666,0.0,42.0,4.0,7.5,1.5,14.833333333333334,13,0.0,14.666666666666666,14.0,5.0,5.0,0.0,1.0,3.0313222729742146,0.0,1.0,0.0,0.0,0.0,0.0
2020,2,stroll,racing_point,12,7,7,Finished,6.0,71,Styrian Grand Prix,Spielberg,2020-07-12,conventional,13,0 days 00:01:19.697000,0 days 00:01:19.645000,,6,1,0,0,0.0,13.0,0.0,43.0,7.0,15.0,2.6666666666666665,11.833333333333334,9,0.0,13.0,14.0,1.0,1.0,0.0,0.0,1.0297379885069669,6.0,0.0,0.0,1.0,1.0,-1.0
2020,3,stroll,racing_point,3,4,4,Finished,12.0,70,Hungarian Grand Prix,Budapest,2020-07-19,conventional,3,0 days 00:01:14.895000,0 days 00:01:15.176000,0 days 00:01:14.377000,12,1,0,0,2.0,11.666666666666666,0.0,44.0,9.0,3.5,4.666666666666667,11.5,13,6.0,11.666666666666666,13.0,10.0,10.0,0.0,8.0,7.878550204767871,4.0,0.0,6.0,1.0,2.0,5.0
2020,4,stroll,racing_point,6,9,9,Finished,2.0,52,British Grand Prix,Silverstone,2020-08-02,conventional,6,0 days 00:01:26.243000,0 days 00:01:26.501000,0 days 00:01:25.839000,2,1,0,0,6.0,8.333333333333334,0.0,45.0,1.0,9.5,6.666666666666667,8.666666666666666,3,12.0,8.333333333333334,8.0,2.0,2.0,0.0,4.0,4.941645697860331,0.0,2.0,10.0,1.0,3.0,9.0
2020,5,stroll,racing_point,6,6,6,Finished,8.0,52,70th Anniversary Grand Prix,Silverstone,2020-08-09,conventional,6,0 days 00:01:27.187000,0 days 00:01:26.674000,0 days 00:01:26.428000,8,1,0,0,6.666666666666667,7.333333333333333,0.0,46.0,7.0,4.5,5.666666666666667,9.333333333333334,6,2.0,7.333333333333333,7.0,1.0,1.0,0.0,6.0,4.552760651779421,2.0,0.0,10.0,2.0,3.0,8.0
2020,6,stroll,racing_point,5,4,4,+1 Lap,12.0,65,Spanish Grand Prix,Barcelona,2020-08-16,conventional,5,0 days 00:01:17.316000,0 days 00:01:16.666000,0 days 00:01:16.589000,12,1,0,0,7.333333333333333,5.0,0.0,47.0,11.0,4.5,5.666666666666667,5.833333333333333,6,8.0,5.0,4.0,-1.0,0.0,1.0,6.0,5.0120621069883065,6.0,0.0,6.0,2.0,3.0,4.0
2020,7,stroll,racing_point,9,9,9,Finished,2.0,44,Belgian Grand Prix,Spa-Francorchamps,2020-08-30,conventional,9,0 days 00:01:43.265000,0 days 00:01:42.491000,0 days 00:01:42.603000,2,1,0,0,7.333333333333333,5.666666666666667,0.0,48.0,1.5,8.5,6.333333333333333,6.166666666666667,5,12.0,5.666666666666667,4.0,-5.0,0.0,5.0,1.0,2.475603367598641,1.0,0.0,8.0,2.0,3.0,6.0
2020,8,stroll,racing_point,8,3,3,Finished,15.0,53,Italian Grand Prix,Monza,2020-09-06,conventional,8,0 days 00:01:20.400000,0 days 00:01:19.924000,0 days 00:01:20.049000,15,1,1,0,7.333333333333333,6.666666666666667,0.0,49.0,8.0,6.0,6.5,5.833333333333333,9,2.0,6.666666666666667,6.0,-2.0,0.0,2.0,2.0,5.247132900975541,13.0,0.0,9.0,0.0,3.0,9.0
2020,9,stroll,racing_point,6,13,R,Puncture,0.0,42,Tuscan Grand Prix,Mugello,2020-09-13,conventional,7,0 days 00:01:16.701000,0 days 00:01:16.271000,0 days 00:01:16.356000,0,0,0,0,9.666666666666666,7.333333333333333,0.0,50.0,5.0,6.5,6.833333333333333,6.333333333333333,8,15.0,7.333333333333333,7.0,0.0,0.0,-0.0,12.0,13.353107740017316,0.0,12.0,20.0,0.0,3.0,20.0
2020,10,stroll,racing_point,12,20,R,Collision,0.0,0,Russian Grand Prix,Sochi,2020-09-27,conventional,13,0 days 00:01:33.852000,0 days 00:01:33.364000,,0,0,0,1,5.666666666666667,8.0,0.0,51.0,6.0,8.5,4.833333333333333,7.0,7,0.0,8.0,8.0,-5.0,0.0,5.0,0.0,3.289436797065682,0.0,0.0,14.0,12.0,3.0,2.0
2020,12,stroll,racing_point,12,20,R,Collision damage,0.0,51,Portuguese Grand Prix,Portimão,2020-10-25,conventional,12,0 days 00:01:17.667000,0 days 00:01:17.626000,,0,0,0,1,5.0,9.333333333333334,0.1,52.0,3.0,8.5,6.333333333333333,9.833333333333334,13,0.0,9.333333333333334,11.0,-1.0,0.0,1.0,1.0,7.374885615674204,0.0,1.0,13.0,12.0,3.0,1.0
2020,13,stroll,racing_point,15,13,13,Finished,0.0,63,Emilia Romagna Grand Prix,Imola,2020-11-01,conventional,15,0 days 00:01:15.822000,0 days 00:01:15.494000,,0,0,0,0,0.0,10.666666666666666,0.2,53.0,4.0,13.0,5.666666666666667,10.5,12,0.0,10.666666666666666,12.0,-3.0,0.0,3.0,0.0,0.9608461653746536,0.0,0.0,0.0,13.0,3.0,-13.0
2020,14,stroll,racing_point,1,9,9,Finished,2.0,58,Turkish Grand Prix,Istanbul,2020-11-15,conventional,1,0 days 00:02:07.467000,0 days 00:01:53.372000,0 days 00:01:47.765000,2,1,0,0,0.0,13.333333333333334,0.2,54.0,10.0,2.0,5.0,12.0,15,0.0,13.333333333333334,13.0,12.0,12.0,0.0,6.0,5.152469232867586,0.0,4.0,0.0,1.0,3.0,-1.0
2020,15,stroll,racing_point,13,19,R,Collision,0.0,2,Bahrain Grand Prix,Sakhir,2020-11-29,conventional,13,0 days 00:01:28.679000,0 days 00:01:29.557000,,0,0,0,1,0.6666666666666666,9.333333333333334,0.2,55.0,0.0,9.0,5.666666666666667,7.833333333333333,1,2.0,9.333333333333334,10.0,-3.0,0.0,3.0,1.0,4.235438690998018,0.0,1.0,0.0,5.0,3.0,-5.0
2020,16,stroll,racing_point,10,3,3,Finished,15.0,87,Sakhir Grand Prix,Sakhir,2020-12-06,conventional,10,0 days 00:00:54.595000,0 days 00:00:53.840000,0 days 00:00:54.200000,15,1,1,0,0.6666666666666666,9.666666666666666,0.3,56.0,20.0,7.5,4.666666666666667,8.0,13,0.0,9.666666666666666,9.0,-1.0,0.0,1.0,0.0,2.760455048782544,15.0,0.0,0.0,5.0,3.0,-5.0
2020,17,stroll,racing_point,8,10,10,Finished,1.0,55,Abu Dhabi Grand Prix,Yas Island,2020-12-13,conventional,8,0 days 00:01:36.502000,0 days 00:01:36.143000,0 days 00:01:36.046000,1,1,0,0,5.666666666666667,8.0,0.3,57.0,0.5,11.5,10.0,6.166666666666667,10,15.0,8.0,7.0,-1.0,0.0,1.0,6.0,5.7798901349327005,0.0,5.0,15.0,5.0,3.0,10.0
2021,1,stroll,aston_martin,10,10,10,Finished,1.0,56,Bahrain Grand Prix,Sakhir,2021-03-28,conventional,10,0 days 00:01:31.261000,0 days 00:01:30.624000,0 days 00:01:30.601000,1,1,0,0,5.333333333333333,10.333333333333334,0.3,58.0,0.5,14.0,,,8,1.0,,,,,,,,,,0.0,0.0,0.0,0.0
2021,2,stroll,aston_martin,10,8,8,Finished,4.0,63,Emilia Romagna Grand Prix,Imola,2021-04-18,conventional,10,0 days 00:01:15.522000,0 days 00:01:15.138000,,4,1,0,0,5.666666666666667,9.333333333333334,0.3,59.0,2.0,11.5,0.5,14.0,10,1.0,9.333333333333334,9.0,-1.0,0.0,1.0,4.0,5.072801233705329,0.0,0.0,0.0,0.0,0.0,0.0
2021,3,stroll,aston_martin,17,14,14,+1 Lap,0.0,65,Portuguese Grand Prix,Portimão,2021-05-02,conventional,17,0 days 00:01:19.913000,,,0,0,0,0,2.0,9.333333333333334,0.3,60.0,0.0,13.5,1.25,12.75,10,4.0,9.333333333333334,10.0,-7.0,0.0,7.0,0.0,2.2074446158346466,0.0,0.0,0.0,0.0,1.0,0.0
2021,4,stroll,aston_martin,11,11,11,+1 Lap,0.0,65,Spanish Grand Prix,Barcelona,2021-05-09,conventional,11,0 days 00:01:18.241000,0 days 00:01:17.974000,,0,0,0,0,1.6666666666666667,12.333333333333334,0.3,61.0,0.0,12.0,0.8333333333333334,13.0,17,0.0,12.333333333333334,12.0,1.0,1.0,0.0,2.0,3.4781621377911245,0.0,2.0,0.0,0.0,2.0,0.0
2021,5,stroll,aston_martin,13,8,8,+1 Lap,4.0,77,Monaco Grand Prix,Monte Carlo,2021-05-23,conventional,13,0 days 00:01:11.979000,0 days 00:01:11.600000,,4,1,0,0,1.3333333333333333,12.666666666666666,0.2,62.0,7.0,10.5,0.6666666666666666,12.333333333333334,11,0.0,12.666666666666666,14.0,1.0,1.0,0.0,0.0,1.4505144399833338,4.0,0.0,0.0,2.0,3.0,-2.0
2021,6,stroll,aston_martin,19,19,R,Accident,0.0,29,Azerbaijan Grand Prix,Baku,2021-06-06,conventional,19,,,,0,0,0,1,1.3333333333333333,13.666666666666666,0.1,63.0,9.0,15.0,2.3333333333333335,12.0,13,4.0,13.666666666666666,15.0,-4.0,0.0,4.0,1.0,2.3939893161330055,0.0,1.0,4.0,2.0,3.0,2.0
2021,7,stroll,aston_martin,19,10,10,Finished,1.0,53,French Grand Prix,Le Castellet,2021-06-20,conventional,19,,,,1,1,0,0,1.3333333333333333,14.333333333333334,0.2,64.0,1.5,15.5,5.333333333333333,12.5,19,0.0,14.333333333333334,14.0,-5.0,0.0,5.0,0.0,1.5143049862594413,1.0,0.0,4.0,3.0,3.0,1.0
2021,8,stroll,aston_martin,9,8,8,+1 Lap,4.0,70,Styrian Grand Prix,Spielberg,2021-06-27,conventional,10,0 days 00:01:04.821000,0 days 00:01:04.663000,0 days 00:01:04.708000,4,1,0,0,1.6666666666666667,17.0,0.2,65.0,2.0,12.0,5.833333333333333,13.666666666666666,19,1.0,17.0,19.0,9.0,9.0,0.0,0.0,4.013348318169716,4.0,0.0,5.0,1.0,3.0,4.0
2021,9,stroll,aston_martin,9,13,13,+1 Lap,0.0,70,Austrian Grand Prix,Spielberg,2021-07-04,conventional,10,0 days 00:01:04.927000,0 days 00:01:04.547000,0 days 00:01:04.618000,0,0,0,0,1.6666666666666667,16.0,0.1,66.0,0.0,9.0,4.166666666666667,14.166666666666666,10,4.0,16.0,17.0,7.0,7.0,0.0,0.0,3.4145046868875992,0.0,0.0,5.0,1.0,3.0,4.0
2021,11,stroll,aston_martin,12,19,R,Collision,0.0,0,Hungarian Grand Prix,Budapest,2021-08-01,conventional,12,0 days 00:01:17.038000,0 days 00:01:16.893000,,0,0,0,1,1.6666666666666667,13.0,0.1,67.0,0.0,11.0,1.1666666666666667,12.166666666666666,10,0.0,13.0,14.0,2.0,2.0,0.0,0.0,2.507808584418026,0.0,0.0,5.0,0.0,3.0,5.0
2021,12,stroll,aston_martin,19,20,20,Finished,0.0,1,Belgian Grand Prix,Spa-Francorchamps,2021-08-29,conventional,15,0 days 00:02:01.597000,0 days 00:01:58.231000,,0,0,0,0,1.3333333333333333,10.666666666666666,0.2,68.0,5.0,10.0,0.6666666666666666,10.666666666666666,12,0.0,10.666666666666666,10.0,-5.0,0.0,5.0,0.0,1.7814861299450624,0.0,0.0,4.0,0.0,3.0,4.0
2021,13,stroll,aston_martin,12,12,12,+2 Laps,0.0,70,Dutch Grand Prix,Zandvoort,2021-09-05,conventional,12,0 days 00:01:10.438000,0 days 00:01:10.367000,,0,0,0,0,0.0,12.333333333333334,0.2,69.0,0.0,14.5,1.6666666666666667,10.0,15,0.0,12.333333333333334,13.0,1.0,1.0,0.0,0.0,2.686655926522362,0.0,0.0,0.0,0.0,3.0,0.0
2021,15,stroll,aston_martin,7,11,11,Finished,0.0,53,Russian Grand Prix,Sochi,2021-09-26,conventional,8,0 days 00:01:48.322000,0 days 00:01:46.360000,0 days 00:01:44.956000,0,0,0,0,0.0,13.0,0.2,70.0,0.0,9.5,1.6666666666666667,11.833333333333334,12,0.0,13.0,15.0,7.0,7.0,0.0,0.0,3.9796811487908923,0.0,0.0,0.0,0.0,3.0,0.0
2021,16,stroll,aston_martin,8,9,9,Finished,2.0,58,Turkish Grand Prix,Istanbul,2021-10-10,conventional,9,0 days 00:01:25.511000,0 days 00:01:24.601000,0 days 00:01:24.305000,2,1,0,0,0.0,11.666666666666666,0.2,71.0,1.0,10.0,1.6666666666666667,11.333333333333334,8,0.0,11.666666666666666,14.0,5.0,5.0,0.0,0.0,1.0906519981977842,2.0,0.0,0.0,0.0,3.0,0.0
2021,17,stroll,aston_martin,13,12,12,+1 Lap,0.0,55,United States Grand Prix,Austin,2021-10-24,conventional,16,0 days 00:01:35.983000,,,0,0,0,0,0.6666666666666666,9.666666666666666,0.2,72.0,0.5,14.0,0.3333333333333333,11.333333333333334,9,2.0,9.666666666666666,10.0,-6.0,0.0,6.0,0.0,0.693868901918588,0.0,0.0,2.0,0.0,3.0,2.0
2021,18,stroll,aston_martin,20,14,14,+2 Laps,0.0,69,Mexico City Grand Prix,Mexico City,2021-11-07,conventional,20,0 days 00:01:20.873000,,,0,0,0,0,0.6666666666666666,11.0,0.2,73.0,3.0,15.5,0.5,11.166666666666666,16,0.0,11.0,13.0,-7.0,0.0,7.0,0.0,0.0,0.0,0.0,2.0,0.0,3.0,2.0
2021,20,stroll,aston_martin,12,6,6,Finished,8.0,57,Qatar Grand Prix,Lusail,2021-11-21,conventional,12,0 days 00:01:22.551000,0 days 00:01:22.460000,,8,1,0,0,0.6666666666666666,15.0,0.1,74.0,4.5,11.0,1.5,13.166666666666666,20,0.0,15.0,16.0,4.0,4.0,0.0,0.0,1.3368705452672223,8.0,0.0,2.0,0.0,3.0,2.0
2021,21,stroll,aston_martin,18,11,11,Finished,0.0,50,Saudi Arabian Grand Prix,Jeddah,2021-12-05,conventional,18,0 days 00:01:29.368000,,,0,0,0,0,2.6666666666666665,16.0,0.1,75.0,0.0,17.5,2.6666666666666665,13.5,12,8.0,16.0,17.0,-1.0,0.0,1.0,0.0,1.395626350947012,0.0,0.0,8.0,0.0,3.0,8.0
2021,22,stroll,aston_martin,13,13,13,+1 Lap,0.0,57,Abu Dhabi Grand Prix,Yas Island,2021-12-12,conventional,13,0 days 00:01:24.061000,0 days 00:01:24.066000,,0,0,0,0,2.6666666666666665,16.666666666666668,0.1,76.0,0.0,14.0,2.5,14.666666666666666,18,0.0,16.666666666666668,18.0,5.0,5.0,0.0,0.0,1.8919113679061215,0.0,0.0,8.0,0.0,3.0,8.0
2022,1,stroll,aston_martin,19,12,12,Finished,0.0,57,Bahrain Grand Prix,Sakhir,2022-03-20,conventional,19,0 days 00:01:33.032000,,,0,0,0,0,2.6666666666666665,14.333333333333334,0.1,77.0,0.0,18.0,1.5,14.166666666666666,13,0.0,14.333333333333334,15.0,-4.0,0.0,4.0,0.0,0.09805293803306192,0.0,0.0,0.0,0.0,0.0,0.0
2022,2,stroll,aston_martin,13,13,13,+1 Lap,0.0,49,Saudi Arabian Grand Prix,Jeddah,2022-03-27,conventional,15,0 days 00:01:30.256000,0 days 00:01:31.009000,,0,0,0,0,0.0,16.666666666666668,0.0,78.0,0.0,16.5,0.0,16.5,19,0.0,16.666666666666668,19.0,4.0,4.0,0.0,0.0,1.1062121667282492,0.0,0.0,0.0,0.0,1.0,0.0
2022,3,stroll,aston_martin,19,12,12,Finished,0.0,58,Australian Grand Prix,Melbourne,2022-04-10,conventional,20,,,,0,0,0,0,0.0,15.666666666666666,0.0,79.0,0.0,19.0,0.0,16.166666666666668,15,0.0,15.666666666666666,19.0,-1.0,0.0,1.0,0.0,0.0,0.0,0.0,0.0,0.0,2.0,0.0
2022,5,stroll,aston_martin,0,10,10,Finished,1.0,57,Miami Grand Prix,Miami,2022-05-08,conventional,10,0 days 00:01:30.441000,0 days 00:01:29.996000,0 days 00:01:30.676000,1,1,0,0,0.0,18.0,0.0,80.0,0.5,11.5,0.0,17.833333333333332,20,0.0,18.0,19.0,9.0,9.0,0.0,0.0,0.9168150196134626,1.0,0.0,0.0,0.0,3.0,0.0
2022,6,stroll,aston_martin,17,15,15,+1 Lap,0.0,65,Spanish Grand Prix,Barcelona,2022-05-22,conventional,18,0 days 00:01:21.418000,,,0,0,0,0,0.3333333333333333,15.0,0.0,81.0,0.0,17.0,0.16666666666666666,15.666666666666666,10,1.0,15.0,17.0,-1.0,0.0,1.0,0.0,0.0,0.0,0.0,1.0,0.0,3.0,1.0
2022,7,stroll,aston_martin,18,14,14,Finished,0.0,64,Monaco Grand Prix,Monaco,2022-05-29,conventional,18,0 days 00:01:13.678000,,,0,0,0,0,0.3333333333333333,16.0,0.0,82.0,0.5,13.5,0.16666666666666666,15.833333333333334,18,0.0,16.0,18.0,0.0,0.0,-0.0,0.0,0.0,0.0,0.0,1.0,0.0,3.0,1.0
2022,8,stroll,aston_martin,19,16,16,Vibrations,0.0,46,Azerbaijan Grand Prix,Baku,2022-06-12,conventional,19,0 days 00:01:45.371000,,,0,0,0,0,0.3333333333333333,15.333333333333334,0.0,83.0,4.0,14.0,0.3333333333333333,14.0,18,0.0,15.333333333333334,17.0,-2.0,0.0,2.0,0.0,0.0,0.0,0.0,1.0,0.0,3.0,1.0
2022,9,stroll,aston_martin,17,10,10,Finished,1.0,70,Canadian Grand Prix,Montréal,2022-06-19,conventional,18,0 days 00:01:35.532000,,,1,1,0,0,0.0,18.333333333333332,0.0,84.0,0.5,17.5,1.5,14.833333333333334,19,0.0,18.333333333333332,19.0,1.0,1.0,0.0,0.0,1.2270571204513718,1.0,0.0,0.0,0.0,3.0,0.0
2022,10,stroll,aston_martin,20,11,11,Finished,0.0,52,British Grand Prix,Silverstone,2022-07-03,conventional,20,0 days 00:01:43.430000,,,0,0,0,0,0.3333333333333333,18.333333333333332,0.0,85.0,1.0,19.0,1.6666666666666667,15.0,18,1.0,18.333333333333332,19.0,-1.0,0.0,1.0,0.0,0.17181000434144256,0.0,0.0,1.0,0.0,3.0,1.0
2022,12,stroll,aston_martin,15,10,10,Finished,1.0,53,French Grand Prix,Le Castellet,2022-07-24,conventional,17,0 days 00:01:33.439000,,,1,1,0,0,0.3333333333333333,19.0,0.0,86.0,0.5,15.5,1.8333333333333333,16.833333333333332,20,0.0,19.0,20.0,3.0,3.0,0.0,0.0,0.0,1.0,0.0,1.0,0.0,3.0,1.0
2022,13,stroll,aston_martin,14,11,11,+1 Lap,0.0,69,Hungarian Grand Prix,Budapest,2022-07-31,conventional,14,0 days 00:01:19.205000,0 days 00:01:19.137000,,0,0,0,0,0.6666666666666666,18.333333333333332,0.0,87.0,0.5,16.0,0.6666666666666666,17.333333333333332,17,1.0,18.333333333333332,20.0,6.0,6.0,0.0,0.0,0.0,0.0,0.0,2.0,0.0,3.0,2.0
2022,14,stroll,aston_martin,9,11,11,Finished,0.0,44,Belgian Grand Prix,Spa-Francorchamps,2022-08-28,conventional,14,0 days 00:01:46.256000,0 days 00:01:46.611000,,0,0,0,0,0.3333333333333333,17.0,0.0,88.0,2.0,15.0,0.6666666666666666,16.833333333333332,14,0.0,17.0,19.0,5.0,5.0,0.0,0.0,0.24223943181961527,0.0,0.0,1.0,0.0,3.0,1.0
2022,15,stroll,aston_martin,10,10,10,Finished,1.0,72,Dutch Grand Prix,Zandvoort,2022-09-04,conventional,10,0 days 00:01:11.568000,0 days 00:01:11.416000,,1,1,0,0,0.3333333333333333,15.0,0.0,89.0,0.5,14.5,1.0,15.5,14,0.0,15.0,16.0,6.0,6.0,0.0,1.0,1.6646973172337236,0.0,0.0,1.0,0.0,3.0,1.0
2022,16,stroll,aston_martin,12,18,R,Engine,0.0,39,Italian Grand Prix,Monza,2022-09-11,conventional,18,0 days 00:01:22.748000,,,0,0,0,0,0.3333333333333333,12.666666666666666,0.0,90.0,0.0,17.5,1.0,15.166666666666666,10,1.0,12.666666666666666,12.0,-6.0,0.0,6.0,0.0,0.0,0.0,0.0,0.0,0.0,3.0,0.0
2022,17,stroll,aston_martin,11,6,6,Finished,8.0,59,Singapore Grand Prix,Marina Bay,2022-10-02,conventional,12,0 days 00:01:55.629000,0 days 00:01:54.211000,,8,1,0,0,0.3333333333333333,14.0,0.0,91.0,6.0,13.0,0.8333333333333334,15.666666666666666,18,0.0,14.0,14.0,2.0,2.0,0.0,0.0,0.0,8.0,0.0,0.0,0.0,3.0,0.0
2022,18,stroll,aston_martin,19,12,12,Finished,0.0,28,Japanese Grand Prix,Suzuka,2022-10-09,conventional,19,0 days 00:01:31.419000,,,0,0,0,0,3.0,13.333333333333334,0.0,92.0,4.0,14.0,2.1666666666666665,15.0,12,8.0,13.333333333333334,11.0,-8.0,0.0,8.0,0.0,1.8477302266996571,0.0,0.0,8.0,0.0,3.0,8.0
2022,19,stroll,aston_martin,5,18,R,Collision,0.0,21,United States Grand Prix,Austin,2022-10-23,conventional,7,0 days 00:01:36.860000,0 days 00:01:36.032000,0 days 00:01:35.598000,0,0,0,1,2.6666666666666665,16.333333333333332,0.0,93.0,2.0,9.5,3.3333333333333335,14.833333333333334,19,0.0,16.333333333333332,18.0,11.0,11.0,0.0,4.0,4.701802553915775,0.0,4.0,8.0,0.0,3.0,8.0
2022,20,stroll,aston_martin,20,15,15,+1 Lap,0.0,70,Mexico City Grand Prix,Mexico City,2022-10-30,conventional,18,0 days 00:01:20.520000,,,0,0,0,0,2.6666666666666665,12.666666666666666,0.1,94.0,0.0,17.5,4.0,12.166666666666666,7,0.0,12.666666666666666,12.0,-6.0,0.0,6.0,0.0,0.0,0.0,0.0,8.0,4.0,3.0,4.0
2022,22,stroll,aston_martin,14,8,8,Finished,4.0,58,Abu Dhabi Grand Prix,Yas Island,2022-11-20,conventional,14,0 days 00:01:25.741000,0 days 00:01:25.359000,,4,1,0,0,0.0,14.666666666666666,0.1,95.0,2.5,11.5,2.0,13.666666666666666,18,0.0,14.666666666666666,16.0,2.0,2.0,0.0,0.0,0.48627738817483923,4.0,0.0,0.0,4.0,3.0,-4.0
2023,1,stroll,aston_martin,8,6,6,Finished,8.0,57,Bahrain Grand Prix,Sakhir,2023-03-05,conventional,8,0 days 00:01:31.184000,0 days 00:01:31.127000,0 days 00:01:30.836000,8,1,0,0,1.3333333333333333,13.0,0.1,96.0,11.5,6.5,1.5,12.833333333333334,14,4.0,13.0,12.0,4.0,4.0,0.0,1.0,2.8615894281380707,7.0,0.0,0.0,0.0,0.0,0.0
2023,2,stroll,aston_martin,5,20,R,Retired,0.0,16,Saudi Arabian Grand Prix,Jeddah,2023-03-19,conventional,6,0 days 00:01:29.335000,0 days 00:01:28.962000,0 days 00:01:28.945000,0,0,0,0,4.0,13.333333333333334,0.1,97.0,7.5,4.5,4.666666666666667,11.833333333333334,8,8.0,13.333333333333334,12.0,6.0,6.0,0.0,4.0,6.56768239469913,0.0,4.0,7.0,0.0,1.0,7.0
2023,3,stroll,aston_martin,6,4,4,Finished,12.0,58,Australian Grand Prix,Melbourne,2023-04-02,conventional,6,0 days 00:01:17.873000,0 days 00:01:17.616000,0 days 00:01:17.308000,12,1,0,0,4.0,9.333333333333334,0.1,98.0,13.5,5.0,7.166666666666667,7.5,6,0.0,9.333333333333334,9.0,3.0,3.0,0.0,4.0,4.278587945437791,8.0,0.0,7.0,4.0,2.0,3.0
2023,5,stroll,aston_martin,18,12,12,Finished,0.0,57,Miami Grand Prix,Miami,2023-05-07,conventional,18,0 days 00:01:28.476000,,,0,0,0,0,6.666666666666667,6.666666666666667,0.1,99.0,7.5,10.0,10.833333333333334,5.333333333333333,6,12.0,6.666666666666667,7.0,-11.0,0.0,11.0,0.0,1.1617679788228181,0.0,0.0,15.0,4.0,3.0,11.0
2023,6,stroll,aston_martin,14,20,R,Retired,0.0,53,Monaco Grand Prix,Monaco,2023-05-28,conventional,14,0 days 00:01:12.722000,0 days 00:01:12.623000,,0,0,0,0,4.0,10.0,0.1,100.0,9.0,8.0,9.5,6.5,18,0.0,10.0,10.0,-4.0,0.0,4.0,2.0,3.309676583084345,0.0,2.0,8.0,4.0,3.0,4.0
2023,7,stroll,aston_martin,5,6,6,Finished,8.0,66,Spanish Grand Prix,Barcelona,2023-06-04,conventional,6,0 days 00:01:13.766000,0 days 00:01:13.082000,0 days 00:01:12.994000,8,1,0,0,4.0,12.666666666666666,0.1,101.0,7.0,7.5,10.0,7.666666666666667,14,0.0,12.666666666666666,11.0,5.0,5.0,0.0,2.0,4.715694553567328,6.0,0.0,8.0,2.0,3.0,6.0
2023,8,stroll,aston_martin,16,9,9,Finished,2.0,70,Canadian Grand Prix,Montréal,2023-06-18,conventional,13,0 days 00:01:22.677000,0 days 00:01:21.484000,,2,1,0,0,2.6666666666666665,12.666666666666666,0.1,102.0,10.0,8.0,7.833333333333333,8.5,6,8.0,12.666666666666666,13.0,0.0,0.0,-0.0,0.0,0.8280072914623569,2.0,0.0,6.0,2.0,3.0,4.0
2023,10,stroll,aston_martin,12,14,14,Finished,0.0,52,British Grand Prix,Silverstone,2023-07-09,conventional,12,0 days 00:01:29.448000,0 days 00:01:28.935000,,0,0,0,0,3.3333333333333335,11.0,0.1,103.0,3.0,10.5,8.666666666666666,7.833333333333333,13,2.0,11.0,12.0,0.0,0.0,-0.0,1.0,3.8731709109977377,0.0,1.0,8.0,2.0,3.0,6.0
2023,11,stroll,aston_martin,14,10,10,Lapped,1.0,69,Hungarian Grand Prix,Budapest,2023-07-23,conventional,14,0 days 00:01:18.782000,0 days 00:01:18.144000,,1,1,0,0,3.3333333333333335,10.333333333333334,0.0,104.0,1.5,11.0,6.666666666666667,8.666666666666666,12,0.0,10.333333333333334,11.0,-3.0,0.0,3.0,0.0,0.0,1.0,0.0,8.0,1.0,3.0,7.0
2023,13,stroll,aston_martin,11,11,11,Finished,0.0,72,Dutch Grand Prix,Zandvoort,2023-08-27,conventional,11,0 days 00:01:21.570000,0 days 00:01:20.121000,,0,0,0,0,1.0,13.0,0.0,105.0,9.0,8.0,4.833333333333333,9.833333333333334,14,1.0,13.0,14.0,3.0,3.0,0.0,0.0,0.6925392031283462,0.0,0.0,3.0,1.0,3.0,2.0
2023,14,stroll,aston_martin,20,16,16,Finished,0.0,51,Italian Grand Prix,Monza,2023-09-03,conventional,20,0 days 00:01:22.860000,,,0,0,0,0,0.3333333333333333,12.333333333333334,0.0,106.0,1.0,15.0,4.5,9.833333333333334,11,0.0,12.333333333333334,13.0,-7.0,0.0,7.0,0.0,2.2159288503643277,0.0,0.0,1.0,1.0,3.0,0.0
2023,15,stroll,aston_martin,0,20,W,Withdrew,0.0,0,Singapore Grand Prix,Marina Bay,2023-09-17,conventional,20,0 days 00:01:33.397000,,,0,0,0,0,0.3333333333333333,15.0,0.0,107.0,0.0,13.5,3.8333333333333335,11.333333333333334,20,0.0,15.0,16.0,-4.0,0.0,4.0,0.0,2.8544184430639534,0.0,0.0,1.0,0.0,3.0,1.0
2023,16,stroll,aston_martin,17,18,R,Retired,0.0,20,Japanese Grand Prix,Suzuka,2023-09-24,conventional,17,0 days 00:01:31.181000,,,0,0,0,0,0.0,17.0,0.0,108.0,2.0,13.5,3.3333333333333335,12.166666666666666,20,0.0,17.0,19.0,2.0,2.0,0.0,0.0,1.3036126163361468,0.0,0.0,0.0,0.0,3.0,0.0
2023,19,stroll,aston_martin,0,17,17,Collision damage,0.0,66,Mexico City Grand Prix,Mexico City,2023-10-29,conventional,18,0 days 00:01:19.227000,,,0,0,0,1,0.0,19.0,0.0,109.0,0.0,15.5,1.0,14.0,17,0.0,19.0,20.0,2.0,2.0,0.0,0.0,0.7426728817815675,0.0,0.0,0.0,0.0,3.0,0.0
2023,21,stroll,aston_martin,19,5,5,Finished,10.0,50,Las Vegas Grand Prix,Las Vegas,2023-11-18,conventional,14,0 days 00:01:34.504000,0 days 00:01:34.199000,,10,1,0,0,0.0,18.333333333333332,0.1,110.0,6.0,12.0,0.6666666666666666,14.166666666666666,18,0.0,18.333333333333332,19.0,5.0,5.0,0.0,0.0,2.156624063551687,10.0,0.0,0.0,0.0,3.0,0.0
2023,22,stroll,aston_martin,13,10,10,Finished,1.0,58,Abu Dhabi Grand Prix,Yas Island,2023-11-26,conventional,13,0 days 00:01:24.405000,0 days 00:01:24.422000,,1,1,0,0,3.3333333333333335,16.333333333333332,0.1,111.0,3.5,10.0,2.6666666666666665,13.666666666666666,14,10.0,16.333333333333332,20.0,7.0,7.0,0.0,0.0,0.8381398838776937,1.0,0.0,10.0,0.0,3.0,10.0
2024,1,stroll,aston_martin,12,10,10,Finished,1.0,57,Bahrain Grand Prix,Sakhir,2024-03-02,conventional,12,0 days 00:01:29.965000,0 days 00:01:30.200000,,1,1,0,0,3.6666666666666665,15.0,0.1,112.0,1.5,9.0,3.1666666666666665,12.5,13,1.0,15.0,16.0,4.0,4.0,0.0,0.0,1.2371699853798264,1.0,0.0,0.0,0.0,0.0,0.0
2024,2,stroll,aston_martin,10,19,R,Retired,0.0,5,Saudi Arabian Grand Prix,Jeddah,2024-03-09,conventional,10,0 days 00:01:28.250000,0 days 00:01:28.578000,0 days 00:01:28.572000,0,0,0,0,4.0,13.0,0.1,113.0,5.0,7.0,3.6666666666666665,10.333333333333334,12,1.0,13.0,13.0,3.0,3.0,0.0,2.0,3.187383338078649,0.0,2.0,1.0,0.0,1.0,1.0
2024,3,stroll,aston_martin,9,6,6,Finished,8.0,58,Australian Grand Prix,Melbourne,2024-03-24,conventional,9,0 days 00:01:17.376000,0 days 00:01:16.780000,0 days 00:01:17.072000,8,1,0,0,0.6666666666666666,11.666666666666666,0.1,114.0,6.0,9.5,3.3333333333333335,8.666666666666666,10,0.0,11.666666666666666,12.0,3.0,3.0,0.0,1.0,3.2355327037474204,7.0,0.0,1.0,2.0,2.0,-1.0
2024,4,stroll,aston_martin,16,12,12,Lapped,0.0,52,Japanese Grand Prix,Suzuka,2024-04-07,conventional,16,0 days 00:01:30.024000,,,0,0,0,0,3.0,10.333333333333334,0.1,115.0,4.0,10.5,4.166666666666667,8.5,9,8.0,10.333333333333334,11.0,-5.0,0.0,5.0,0.0,0.8284675663580714,0.0,0.0,8.0,2.0,3.0,6.0
2024,7,stroll,aston_martin,13,9,9,Finished,2.0,63,Emilia Romagna Grand Prix,Imola,2024-05-19,conventional,13,0 days 00:01:16.458000,0 days 00:01:15.992000,,2,1,0,0,2.6666666666666665,11.666666666666666,0.1,116.0,1.0,16.0,5.0,9.0,16,0.0,11.666666666666666,11.0,-2.0,0.0,2.0,0.0,0.8818838187321791,2.0,0.0,7.0,2.0,3.0,5.0
2024,8,stroll,aston_martin,13,14,14,Lapped,0.0,76,Monaco Grand Prix,Monaco,2024-05-26,conventional,13,0 days 00:01:11.728000,0 days 00:01:11.563000,,0,0,0,0,3.3333333333333335,12.666666666666666,0.1,117.0,0.0,13.5,3.6666666666666665,12.0,13,2.0,12.666666666666666,13.0,0.0,0.0,-0.0,0.0,1.8441646391204785,0.0,0.0,9.0,0.0,3.0,9.0
2024,9,stroll,aston_martin,9,7,7,Finished,6.0,70,Canadian Grand Prix,Montréal,2024-06-09,conventional,9,0 days 00:01:13.088000,0 days 00:01:12.659000,0 days 00:01:12.701000,6,1,0,0,0.6666666666666666,14.0,0.1,118.0,7.0,7.5,1.6666666666666667,13.333333333333334,13,0.0,14.0,16.0,7.0,7.0,0.0,0.0,3.1791525053423575,6.0,0.0,2.0,0.0,3.0,2.0
2024,10,stroll,aston_martin,14,14,14,Lapped,0.0,65,Spanish Grand Prix,Barcelona,2024-06-23,conventional,14,0 days 00:01:12.881000,0 days 00:01:12.372000,,0,0,0,0,2.6666666666666665,11.666666666666666,0.1,119.0,0.0,12.5,2.6666666666666665,12.333333333333334,9,6.0,11.666666666666666,11.0,-3.0,0.0,3.0,0.0,0.0,0.0,0.0,8.0,0.0,3.0,8.0
2024,12,stroll,aston_martin,8,7,7,Finished,6.0,52,British Grand Prix,Silverstone,2024-07-07,conventional,8,0 days 00:01:31.410000,0 days 00:01:26.938000,0 days 00:01:26.585000,6,1,0,0,2.0,12.0,0.0,120.0,5.0,9.0,2.3333333333333335,11.166666666666666,14,0.0,12.0,11.0,3.0,3.0,0.0,2.0,3.2275764477268973,4.0,0.0,6.0,0.0,3.0,6.0
2024,13,stroll,aston_martin,8,10,10,Finished,1.0,70,Hungarian Grand Prix,Budapest,2024-07-21,conventional,8,0 days 00:01:17.405000,0 days 00:01:16.075000,0 days 00:01:16.244000,1,1,0,0,4.0,10.333333333333334,0.0,121.0,0.5,7.5,4.0,9.666666666666666,8,6.0,10.333333333333334,9.0,1.0,1.0,0.0,1.0,3.489676629339649,0.0,0.0,10.0,0.0,3.0,10.0
2024,14,stroll,aston_martin,15,11,11,Finished,0.0,44,Belgian Grand Prix,Spa-Francorchamps,2024-07-28,conventional,15,0 days 00:01:56.072000,0 days 00:01:55.716000,,0,0,0,0,2.3333333333333335,10.0,0.0,122.0,2.0,12.0,1.8333333333333333,9.666666666666666,8,1.0,10.0,10.0,-5.0,0.0,5.0,0.0,0.7715976067751837,0.0,0.0,4.0,0.0,3.0,4.0
2024,15,stroll,aston_martin,8,13,13,Lapped,0.0,71,Dutch Grand Prix,Zandvoort,2024-08-25,conventional,8,0 days 00:01:11.518000,0 days 00:01:10.661000,0 days 00:01:10.857000,0,0,0,0,2.3333333333333335,10.333333333333334,0.0,123.0,0.5,7.5,2.5,9.5,15,0.0,10.333333333333334,9.0,1.0,1.0,0.0,0.0,2.6589563549652415,0.0,0.0,4.0,0.0,3.0,4.0
2024,16,stroll,aston_martin,17,19,19,Lapped,0.0,52,Italian Grand Prix,Monza,2024-09-01,conventional,17,0 days 00:01:21.013000,,,0,0,0,0,0.3333333333333333,10.333333333333334,0.0,124.0,0.0,14.0,1.0,9.0,8,0.0,10.333333333333334,10.0,-7.0,0.0,7.0,0.0,0.915459997316507,0.0,0.0,0.0,0.0,3.0,0.0
2024,17,stroll,aston_martin,13,19,19,Retired,0.0,45,Azerbaijan Grand Prix,Baku,2024-09-15,conventional,14,0 days 00:01:43.370000,0 days 00:01:43.404000,,0,0,0,0,0.0,13.333333333333334,0.0,125.0,4.0,11.0,0.8333333333333334,11.166666666666666,17,0.0,13.333333333333334,15.0,1.0,1.0,0.0,0.0,1.057387062363941,0.0,0.0,0.0,0.0,3.0,0.0
2024,18,stroll,aston_martin,17,14,14,Lapped,0.0,61,Singapore Grand Prix,Marina Bay,2024-09-22,conventional,17,0 days 00:01:31.094000,,,0,0,0,0,0.0,13.0,0.0,126.0,2.0,12.0,1.5,10.833333333333334,14,0.0,13.0,13.0,-4.0,0.0,4.0,0.0,0.8353291147020645,0.0,0.0,0.0,0.0,3.0,0.0
2024,20,stroll,aston_martin,14,11,11,Lapped,0.0,70,Mexico City Grand Prix,Mexico City,2024-10-27,conventional,14,0 days 00:01:17.407000,0 days 00:01:17.294000,,0,0,0,0,0.0,16.0,0.0,127.0,0.0,13.5,2.0,12.333333333333334,17,0.0,16.0,17.0,3.0,3.0,0.0,0.0,0.24488846036108924,0.0,0.0,0.0,0.0,3.0,0.0
2024,22,stroll,aston_martin,18,15,15,Finished,0.0,50,Las Vegas Grand Prix,Las Vegas,2024-11-23,conventional,20,0 days 00:01:34.484000,,,0,0,0,0,0.0,15.0,0.0,128.0,0.0,18.5,2.0,12.166666666666666,14,0.0,15.0,17.0,-3.0,0.0,3.0,0.0,0.0,0.0,0.0,0.0,0.0,3.0,0.0
2024,24,stroll,aston_martin,13,14,14,Lapped,0.0,57,Abu Dhabi Grand Prix,Yas Island,2024-12-08,conventional,13,0 days 00:01:23.729000,0 days 00:01:23.784000,,0,0,0,0,0.0,17.0,0.0,129.0,1.0,10.5,0.6666666666666666,14.666666666666666,20,0.0,17.0,17.0,4.0,4.0,0.0,0.0,0.0,0.0,0.0,0.0,0.0,3.0,0.0
2025,1,stroll,aston_martin,13,6,6,Finished,8.0,57,Australian Grand Prix,Melbourne,2025-03-16,conventional,13,0 days 00:01:16.369000,0 days 00:01:16.483000,,8,1,0,0,0.0,15.666666666666666,0.0,130.0,4.0,12.5,0.3333333333333333,14.166666666666666,13,0.0,15.666666666666666,16.0,3.0,3.0,0.0,0.0,1.106087912017454,8.0,0.0,0.0,0.0,0.0,0.0
2025,3,stroll,aston_martin,20,20,20,Lapped,0.0,52,Japanese Grand Prix,Suzuka,2025-04-06,conventional,20,0 days 00:01:29.271000,,,0,0,0,0,2.6666666666666665,15.333333333333334,0.0,131.0,0.0,16.5,1.6666666666666667,13.833333333333334,13,8.0,15.333333333333334,17.0,-3.0,0.0,3.0,1.0,1.4029789649123496,0.0,1.0,8.0,0.0,1.0,8.0
2025,4,stroll,aston_martin,19,17,17,Finished,0.0,57,Bahrain Grand Prix,Sakhir,2025-04-13,conventional,19,0 days 00:01:32.283000,,,0,0,0,0,2.6666666666666665,15.333333333333334,0.0,132.0,0.0,16.0,1.6666666666666667,13.166666666666666,20,0.0,15.333333333333334,17.0,-2.0,0.0,2.0,1.0,2.4764455904765548,0.0,1.0,8.0,1.0,2.0,7.0
2025,5,stroll,aston_martin,16,16,16,Lapped,0.0,49,Saudi Arabian Grand Prix,Jeddah,2025-04-20,conventional,16,0 days 00:01:28.645000,,,0,0,0,0,2.6666666666666665,17.333333333333332,0.0,133.0,0.0,14.5,1.3333333333333333,15.0,19,0.0,17.333333333333332,20.0,4.0,4.0,0.0,0.0,0.688979869713565,0.0,0.0,8.0,2.0,3.0,6.0
2025,7,stroll,aston_martin,8,15,15,Finished,0.0,63,Emilia Romagna Grand Prix,Imola,2025-05-18,conventional,8,0 days 00:01:15.817000,0 days 00:01:15.497000,0 days 00:01:15.581000,0,0,0,0,0.0,18.333333333333332,0.0,134.0,0.0,6.5,0.0,15.666666666666666,16,0.0,18.333333333333332,20.0,12.0,12.0,0.0,0.0,2.117181390049601,0.0,0.0,0.0,2.0,3.0,-2.0
2025,8,stroll,aston_martin,19,15,15,Lapped,0.0,76,Monaco Grand Prix,Monaco,2025-05-25,conventional,19,0 days 00:01:12.563000,,,0,0,0,0,0.0,14.333333333333334,0.0,135.0,0.0,13.0,0.0,12.333333333333334,8,0.0,14.333333333333334,14.0,-5.0,0.0,5.0,0.0,0.33935480702458065,0.0,0.0,0.0,1.0,3.0,-1.0
2025,10,stroll,aston_martin,17,17,17,Lapped,0.0,69,Canadian Grand Prix,Montréal,2025-06-15,conventional,18,0 days 00:01:12.517000,,,0,0,0,0,0.0,14.333333333333334,0.0,136.0,3.0,12.0,0.6666666666666666,9.833333333333334,19,0.0,14.333333333333334,16.0,-2.0,0.0,2.0,0.0,0.29243632956126575,0.0,0.0,0.0,0.0,3.0,0.0
2025,11,stroll,aston_martin,16,14,14,Lapped,0.0,69,Austrian Grand Prix,Spielberg,2025-06-29,conventional,16,0 days 00:01:05.329000,,,0,0,0,0,0.0,15.0,0.0,137.0,3.0,13.5,1.6666666666666667,11.666666666666666,18,0.0,15.0,16.0,0.0,0.0,-0.0,0.0,0.7169262314770979,0.0,0.0,0.0,0.0,3.0,0.0
2025,12,stroll,aston_martin,17,7,7,Finished,6.0,52,British Grand Prix,Silverstone,2025-07-06,conventional,18,0 days 00:01:26.504000,,,6,1,0,0,0.0,17.666666666666668,0.0,138.0,4.0,13.5,2.6666666666666665,11.833333333333334,16,0.0,17.666666666666668,19.0,1.0,1.0,0.0,0.0,0.0,6.0,0.0,0.0,0.0,3.0,0.0
2025,14,stroll,aston_martin,6,7,7,Finished,6.0,70,Hungarian Grand Prix,Budapest,2025-08-03,conventional,6,0 days 00:01:15.673000,0 days 00:01:15.129000,0 days 00:01:15.498000,6,1,0,0,2.0,17.333333333333332,0.0,139.0,8.0,5.5,3.3333333333333335,13.0,18,6.0,17.333333333333332,20.0,14.0,14.0,0.0,8.0,4.793202651224688,0.0,2.0,6.0,0.0,3.0,6.0
2025,15,stroll,aston_martin,19,7,7,Finished,6.0,72,Dutch Grand Prix,Zandvoort,2025-08-31,conventional,20,,,,6,1,0,0,4.0,13.333333333333334,0.0,140.0,5.0,15.0,5.0,10.833333333333334,6,6.0,13.333333333333334,15.0,-5.0,0.0,5.0,0.0,0.0,6.0,0.0,6.0,2.0,3.0,4.0
2025,16,stroll,aston_martin,16,18,18,Lapped,0.0,52,Italian Grand Prix,Monza,2025-09-07,conventional,17,0 days 00:01:19.948000,,,0,0,0,0,6.0,14.666666666666666,0.0,141.0,0.0,13.0,5.666666666666667,11.333333333333334,20,6.0,14.666666666666666,17.0,0.0,0.0,-0.0,1.0,1.2516413825214237,0.0,1.0,12.0,2.0,3.0,10.0
2025,17,stroll,aston_martin,14,17,17,Finished,0.0,51,Azerbaijan Grand Prix,Baku,2025-09-21,conventional,14,0 days 00:01:42.101000,0 days 00:01:43.061000,,0,0,0,0,4.0,14.333333333333334,0.0,142.0,0.0,12.5,4.333333333333333,11.166666666666666,17,0.0,14.333333333333334,15.0,1.0,1.0,0.0,0.0,1.0287147988812606,0.0,0.0,6.0,3.0,3.0,3.0
2025,18,stroll,aston_martin,15,13,13,Lapped,0.0,61,Singapore Grand Prix,Marina Bay,2025-10-05,conventional,15,0 days 00:01:30.949000,,,0,0,0,0,2.0,17.0,0.0,143.0,3.0,12.5,1.6666666666666667,13.5,14,0.0,17.0,18.0,3.0,3.0,0.0,0.0,0.25160358680092276,0.0,0.0,6.0,1.0,3.0,5.0
2025,20,stroll,aston_martin,19,14,14,Lapped,0.0,70,Mexico City Grand Prix,Mexico City,2025-10-26,conventional,19,0 days 00:01:17.606000,,,0,0,0,0,0.0,15.333333333333334,0.0,144.0,0.0,16.5,1.0,12.666666666666666,15,0.0,15.333333333333334,16.0,-3.0,0.0,3.0,0.0,0.8947879730905335,0.0,0.0,0.0,1.0,3.0,-1.0
2025,22,stroll,aston_martin,12,18,R,Retired,0.0,0,Las Vegas Grand Prix,Las Vegas,2025-11-22,conventional,12,0 days 00:01:54.416000,0 days 00:01:52.850000,,0,0,0,0,0.0,16.0,0.0,145.0,0.0,9.5,1.0,13.833333333333334,19,0.0,16.0,16.0,4.0,4.0,0.0,0.0,1.5946815513917825,0.0,0.0,0.0,0.0,3.0,0.0
2025,24,stroll,aston_martin,15,10,10,Finished,1.0,58,Abu Dhabi Grand Prix,Yas Island,2025-12-07,conventional,15,0 days 00:01:23.316000,0 days 00:01:23.097000,,1,1,0,0,0.0,15.333333333333334,0.0,146.0,4.5,10.5,1.0,12.833333333333334,12,0.0,15.333333333333334,17.0,2.0,2.0,0.0,0.0,0.30071074687521815,1.0,0.0,0.0,0.0,3.0,0.0
2021,1,tsunoda,alphatauri,13,9,9,Finished,2.0,56,Bahrain Grand Prix,Sakhir,2021-03-28,conventional,13,0 days 00:01:30.607000,0 days 00:01:31.203000,,2,1,0,0,,,,0.0,1.0,9.0,3.0,8.333333333333334,,,,,,,,,,,,0.0,0.0,0.0,0.0
2021,2,tsunoda,alphatauri,20,12,12,Finished,0.0,63,Emilia Romagna Grand Prix,Imola,2021-04-18,conventional,20,,,,0,0,0,0,2.0,13.0,0.0,1.0,3.0,12.5,2.0,8.333333333333334,13,2.0,13.0,13.0,-7.0,0.0,7.0,0.0,0.5320402441983587,0.0,0.0,0.0,0.0,0.0,0.0
2021,3,tsunoda,alphatauri,14,15,15,+1 Lap,0.0,65,Portuguese Grand Prix,Portimão,2021-05-02,conventional,14,0 days 00:01:19.684000,0 days 00:01:19.463000,,0,0,0,0,1.0,16.5,0.0,2.0,0.5,11.5,2.0,10.0,20,0.0,16.5,17.0,3.0,3.0,0.0,0.0,0.2557688089688144,0.0,0.0,0.0,0.0,1.0,0.0
2021,4,tsunoda,alphatauri,16,20,R,Electrical,0.0,6,Spanish Grand Prix,Barcelona,2021-05-09,conventional,16,0 days 00:01:18.556000,,,0,0,0,0,0.6666666666666666,15.666666666666666,0.0,3.0,0.5,14.0,1.5,11.0,14,0.0,15.666666666666666,17.0,1.0,1.0,0.0,0.0,0.0,0.0,0.0,0.0,0.0,2.0,0.0
2021,5,tsunoda,alphatauri,16,16,16,+1 Lap,0.0,77,Monaco Grand Prix,Monte Carlo,2021-05-23,conventional,16,0 days 00:01:12.096000,,,0,0,0,0,0.0,16.666666666666668,0.0,4.0,4.0,11.0,1.3333333333333333,12.666666666666666,16,0.0,16.666666666666668,17.0,1.0,1.0,0.0,0.0,0.0,0.0,0.0,0.0,0.0,3.0,0.0
2021,6,tsunoda,alphatauri,7,7,7,Finished,6.0,51,Azerbaijan Grand Prix,Baku,2021-06-06,conventional,8,0 days 00:01:42.521000,0 days 00:01:41.654000,0 days 00:01:42.211000,6,1,0,0,0.0,15.333333333333334,0.0,5.0,10.5,6.0,1.6666666666666667,12.166666666666666,16,0.0,15.333333333333334,17.0,9.0,9.0,0.0,0.0,2.2429442181966244,6.0,0.0,0.0,0.0,3.0,0.0
2021,7,tsunoda,alphatauri,0,13,13,+1 Lap,0.0,52,French Grand Prix,Le Castellet,2021-06-20,conventional,20,,,,0,0,0,0,2.0,13.333333333333334,0.0,6.0,3.0,13.0,5.0,10.333333333333334,8,6.0,13.333333333333334,13.0,-7.0,0.0,7.0,0.0,0.5678537168410793,0.0,0.0,6.0,0.0,3.0,6.0
2021,8,tsunoda,alphatauri,11,10,10,+1 Lap,1.0,70,Styrian Grand Prix,Spielberg,2021-06-27,conventional,8,0 days 00:01:04.608000,0 days 00:01:04.631000,0 days 00:01:04.514000,1,1,0,0,2.0,14.666666666666666,0.0,7.0,0.5,7.0,5.833333333333333,10.0,20,0.0,14.666666666666666,15.0,7.0,7.0,0.0,0.0,3.340984294235696,1.0,0.0,6.0,0.0,3.0,6.0
2021,9,tsunoda,alphatauri,7,12,12,+1 Lap,0.0,70,Austrian Grand Prix,Spielberg,2021-07-04,conventional,7,0 days 00:01:04.967000,0 days 00:01:04.518000,0 days 00:01:04.273000,0,0,0,0,2.3333333333333335,12.0,0.0,8.0,1.0,6.5,4.666666666666667,8.666666666666666,8,1.0,12.0,11.0,4.0,4.0,0.0,1.0,4.802301713080753,0.0,1.0,7.0,0.0,3.0,7.0
2021,11,tsunoda,alphatauri,16,6,6,Finished,8.0,70,Hungarian Grand Prix,Budapest,2021-08-01,conventional,16,0 days 00:01:17.919000,,,8,1,0,0,0.3333333333333333,11.666666666666666,0.0,9.0,9.0,10.5,1.5,8.833333333333334,7,0.0,11.666666666666666,12.0,-4.0,0.0,4.0,0.0,0.24626830170841973,8.0,0.0,1.0,1.0,3.0,0.0
2021,12,tsunoda,alphatauri,16,15,15,Finished,0.0,1,Belgian Grand Prix,Spa-Francorchamps,2021-08-29,conventional,17,0 days 00:02:02.413000,,,0,0,0,0,3.0,10.333333333333334,0.0,10.0,4.0,11.5,3.5,8.0,16,8.0,10.333333333333334,8.0,-9.0,0.0,9.0,0.0,2.6113078309317594,0.0,0.0,9.0,1.0,3.0,8.0
2021,13,tsunoda,alphatauri,14,19,R,Power Unit,0.0,48,Dutch Grand Prix,Zandvoort,2021-09-05,conventional,15,0 days 00:01:10.462000,0 days 00:01:11.314000,,0,0,0,0,2.6666666666666665,13.333333333333334,0.0,11.0,6.0,9.5,4.666666666666667,9.5,17,0.0,13.333333333333334,15.0,0.0,0.0,-0.0,0.0,0.38854153092407717,0.0,0.0,8.0,1.0,3.0,7.0
2021,15,tsunoda,alphatauri,12,17,17,+1 Lap,0.0,52,Russian Grand Prix,Sochi,2021-09-26,conventional,13,0 days 00:01:48.854000,0 days 00:01:46.751000,,0,0,0,0,2.6666666666666665,16.0,0.0,12.0,0.0,12.5,6.333333333333333,10.5,15,0.0,16.0,18.0,5.0,5.0,0.0,0.0,1.8026050191172307,0.0,0.0,8.0,0.0,3.0,8.0
2021,16,tsunoda,alphatauri,9,14,14,+1 Lap,0.0,57,Turkish Grand Prix,Istanbul,2021-10-10,conventional,10,0 days 00:01:25.409000,0 days 00:01:24.054000,0 days 00:01:24.368000,0,0,0,0,0.0,15.0,0.0,13.0,4.0,7.5,3.3333333333333335,11.166666666666666,13,0.0,15.0,17.0,7.0,7.0,0.0,0.0,2.0194384626318715,0.0,0.0,0.0,0.0,3.0,0.0
2021,17,tsunoda,alphatauri,10,9,9,+1 Lap,2.0,55,United States Grand Prix,Austin,2021-10-24,conventional,10,0 days 00:01:35.360000,0 days 00:01:35.137000,0 days 00:01:34.918000,2,1,0,0,0.0,12.666666666666666,0.0,14.0,1.0,9.5,3.3333333333333335,9.833333333333334,10,0.0,12.666666666666666,14.0,4.0,4.0,0.0,0.0,1.7305502291727475,2.0,0.0,0.0,0.0,3.0,0.0
2021,18,tsunoda,alphatauri,17,20,R,Collision,0.0,0,Mexico City Grand Prix,Mexico City,2021-11-07,conventional,9,0 days 00:01:17.330000,0 days 00:01:16.701000,0 days 00:01:17.158000,0,0,0,1,0.6666666666666666,11.0,0.0,15.0,6.0,7.0,1.6666666666666667,9.833333333333334,10,2.0,11.0,14.0,5.0,5.0,0.0,0.0,2.046290927032579,0.0,0.0,2.0,0.0,3.0,2.0
2021,20,tsunoda,alphatauri,8,13,13,+1 Lap,0.0,56,Qatar Grand Prix,Lusail,2021-11-21,conventional,8,0 days 00:01:22.458000,0 days 00:01:22.058000,0 days 00:01:21.881000,0,0,0,0,0.6666666666666666,9.666666666666666,0.1,16.0,0.0,6.0,3.6666666666666665,8.0,9,0.0,9.666666666666666,9.0,1.0,1.0,0.0,0.0,2.4295189453450488,0.0,0.0,2.0,0.0,3.0,2.0
2021,21,tsunoda,alphatauri,8,14,14,+1 Lap,0.0,49,Saudi Arabian Grand Prix,Jeddah,2021-12-05,conventional,8,0 days 00:01:28.503000,0 days 00:01:28.222000,0 days 00:01:28.442000,0,0,0,0,0.6666666666666666,9.0,0.1,17.0,4.0,7.0,2.3333333333333335,7.5,8,0.0,9.0,9.0,1.0,1.0,0.0,0.0,2.4957171382474748,0.0,0.0,2.0,0.0,3.0,2.0
2021,22,tsunoda,alphatauri,8,4,4,Finished,12.0,58,Abu Dhabi Grand Prix,Yas Island,2021-12-12,conventional,8,0 days 00:01:23.428000,0 days 00:01:23.404000,0 days 00:01:23.220000,12,1,0,0,0.0,8.333333333333334,0.1,18.0,11.0,10.0,3.3333333333333335,6.666666666666667,8,0.0,8.333333333333334,8.0,0.0,0.0,-0.0,0.0,1.9990959532966972,12.0,0.0,0.0,0.0,3.0,0.0
2022,1,tsunoda,alphatauri,16,8,8,Finished,4.0,57,Bahrain Grand Prix,Sakhir,2022-03-20,conventional,16,0 days 00:01:32.750000,,,4,1,0,0,4.0,8.0,0.1,19.0,2.0,13.0,5.0,7.666666666666667,8,12.0,8.0,9.0,-7.0,0.0,7.0,0.0,1.7764178142160354,4.0,0.0,0.0,0.0,0.0,0.0
2022,2,tsunoda,alphatauri,19,19,R,Power Unit,0.0,0,Saudi Arabian Grand Prix,Jeddah,2022-03-27,conventional,20,,,,0,0,0,0,5.333333333333333,10.666666666666666,0.1,20.0,2.0,14.5,5.666666666666667,10.0,16,4.0,10.666666666666666,12.0,-8.0,0.0,8.0,0.0,0.860928498798466,0.0,0.0,4.0,0.0,1.0,4.0
2022,3,tsunoda,alphatauri,13,15,15,+1 Lap,0.0,57,Australian Grand Prix,Melbourne,2022-04-10,conventional,13,0 days 00:01:19.742000,0 days 00:01:19.424000,,0,0,0,0,5.333333333333333,14.666666666666666,0.1,21.0,1.0,12.0,5.0,12.5,20,0.0,14.666666666666666,17.0,4.0,4.0,0.0,0.0,0.34943247867660343,0.0,0.0,4.0,0.0,2.0,4.0
2022,5,tsunoda,alphatauri,9,12,12,Finished,0.0,57,Miami Grand Prix,Miami,2022-05-08,conventional,9,0 days 00:01:30.485000,0 days 00:01:30.031000,0 days 00:01:29.932000,0,0,0,0,1.3333333333333333,16.333333333333332,0.1,22.0,0.0,8.0,1.6666666666666667,13.166666666666666,13,0.0,16.333333333333332,17.0,8.0,8.0,0.0,0.0,1.3052551339958094,0.0,0.0,4.0,0.0,3.0,4.0
2022,6,tsunoda,alphatauri,13,10,10,+1 Lap,1.0,65,Spanish Grand Prix,Barcelona,2022-05-22,conventional,13,0 days 00:01:20.707000,0 days 00:01:20.639000,,1,1,0,0,0.0,14.0,0.1,23.0,0.5,13.5,1.0,11.5,9,0.0,14.0,13.0,0.0,0.0,-0.0,0.0,1.041258838717221,1.0,0.0,0.0,0.0,3.0,0.0
2022,7,tsunoda,alphatauri,11,17,17,+1 Lap,0.0,63,Monaco Grand Prix,Monaco,2022-05-29,conventional,11,0 days 00:01:13.110000,0 days 00:01:12.797000,,0,0,0,0,0.3333333333333333,11.666666666666666,0.1,24.0,0.0,14.0,0.5,11.166666666666666,13,1.0,11.666666666666666,11.0,0.0,0.0,-0.0,0.0,2.6872721714910535,0.0,0.0,1.0,0.0,3.0,1.0
2022,8,tsunoda,alphatauri,8,13,13,+1 Lap,0.0,50,Azerbaijan Grand Prix,Baku,2022-06-12,conventional,8,0 days 00:01:43.595000,0 days 00:01:43.376000,0 days 00:01:43.056000,0,0,0,0,0.3333333333333333,11.0,0.1,25.0,5.0,7.0,0.16666666666666666,11.833333333333334,11,0.0,11.0,9.0,1.0,1.0,0.0,0.0,1.5175179668624068,0.0,0.0,1.0,0.0,3.0,1.0
2022,9,tsunoda,alphatauri,20,18,R,Accident,0.0,47,Canadian Grand Prix,Montréal,2022-06-19,conventional,20,0 days 00:01:36.575000,,,0,0,0,1,0.3333333333333333,10.666666666666666,0.0,26.0,0.0,18.0,1.8333333333333333,11.5,8,0.0,10.666666666666666,8.0,-12.0,0.0,12.0,0.0,0.49142485676553527,0.0,0.0,1.0,0.0,3.0,1.0
2022,10,tsunoda,alphatauri,13,14,14,Finished,0.0,52,British Grand Prix,Silverstone,2022-07-03,conventional,13,0 days 00:01:41.893000,0 days 00:01:44.311000,,0,0,0,0,0.0,13.0,0.1,27.0,0.0,12.0,1.6666666666666667,13.0,20,0.0,13.0,15.0,2.0,2.0,0.0,0.0,1.2716709655360607,0.0,0.0,0.0,0.0,3.0,0.0
2022,12,tsunoda,alphatauri,8,20,R,Undertray,0.0,17,French Grand Prix,Le Castellet,2022-07-24,conventional,8,0 days 00:01:33.394000,0 days 00:01:32.836000,0 days 00:01:32.780000,0,0,0,0,0.0,13.666666666666666,0.1,28.0,0.0,12.0,1.6666666666666667,12.333333333333334,13,0.0,13.666666666666666,15.0,7.0,7.0,0.0,1.0,2.5607667388733866,0.0,1.0,0.0,0.0,3.0,0.0
2022,13,tsunoda,alphatauri,16,19,19,+2 Laps,0.0,68,Hungarian Grand Prix,Budapest,2022-07-31,conventional,16,0 days 00:01:19.240000,,,0,0,0,0,0.0,13.666666666666666,0.1,29.0,0.0,17.5,0.0,14.0,8,0.0,13.666666666666666,14.0,-2.0,0.0,2.0,0.0,0.5993214625544674,0.0,0.0,0.0,1.0,3.0,-1.0
2022,14,tsunoda,alphatauri,0,13,13,Finished,0.0,44,Belgian Grand Prix,Spa-Francorchamps,2022-08-28,conventional,19,0 days 00:01:46.692000,,,0,0,0,0,0.0,12.333333333333334,0.1,30.0,1.0,15.5,0.0,13.833333333333334,16,0.0,12.333333333333334,12.0,-7.0,0.0,7.0,0.0,0.057689619692537164,0.0,0.0,0.0,1.0,3.0,-1.0
2022,15,tsunoda,alphatauri,9,20,R,Differential,0.0,43,Dutch Grand Prix,Zandvoort,2022-09-04,conventional,9,0 days 00:01:11.427000,0 days 00:01:11.428000,0 days 00:01:12.556000,0,0,0,0,0.0,14.333333333333334,0.1,31.0,0.0,10.0,0.3333333333333333,15.0,19,0.0,14.333333333333334,14.0,5.0,5.0,0.0,0.0,1.5726904235167867,0.0,0.0,0.0,1.0,3.0,-1.0
2022,16,tsunoda,alphatauri,20,14,14,+1 Lap,0.0,52,Italian Grand Prix,Monza,2022-09-11,conventional,15,0 days 00:01:22.020000,,,0,0,0,0,0.0,14.666666666666666,0.1,32.0,2.0,12.0,0.3333333333333333,14.333333333333334,9,0.0,14.666666666666666,16.0,1.0,1.0,0.0,0.0,0.832669401505389,0.0,0.0,0.0,0.0,3.0,0.0
2022,17,tsunoda,alphatauri,10,15,R,Accident,0.0,34,Singapore Grand Prix,Marina Bay,2022-10-02,conventional,10,0 days 00:01:55.314000,0 days 00:01:53.848000,0 days 00:01:51.983000,0,0,0,1,0.0,14.333333333333334,0.1,33.0,0.5,8.5,1.0,12.5,15,0.0,14.333333333333334,16.0,6.0,6.0,0.0,0.0,0.3947683643719664,0.0,0.0,0.0,0.0,3.0,0.0
2022,18,tsunoda,alphatauri,13,13,13,Finished,0.0,28,Japanese Grand Prix,Suzuka,2022-10-09,conventional,13,0 days 00:01:31.130000,0 days 00:01:30.808000,,0,0,0,0,0.0,11.333333333333334,0.2,34.0,0.0,15.0,0.8333333333333334,10.166666666666666,10,0.0,11.333333333333334,10.0,-3.0,0.0,3.0,0.0,0.7140253752681458,0.0,0.0,0.0,0.0,3.0,0.0
2022,19,tsunoda,alphatauri,19,10,10,Finished,1.0,56,United States Grand Prix,Austin,2022-10-23,conventional,15,0 days 00:01:36.808000,0 days 00:01:37.147000,,1,1,0,0,0.0,12.666666666666666,0.2,35.0,0.5,14.0,0.8333333333333334,11.833333333333334,13,0.0,12.666666666666666,12.0,-3.0,0.0,3.0,0.0,0.5217186417103123,1.0,0.0,0.0,0.0,3.0,0.0
2022,20,tsunoda,alphatauri,13,20,R,Collision damage,0.0,50,Mexico City Grand Prix,Mexico City,2022-10-30,conventional,13,0 days 00:01:19.907000,0 days 00:01:19.589000,,0,0,0,1,0.3333333333333333,12.666666666666666,0.2,36.0,0.0,13.5,0.3333333333333333,12.5,15,1.0,12.666666666666666,13.0,0.0,0.0,-0.0,0.0,0.6229753330832057,0.0,0.0,1.0,0.0,3.0,1.0
2022,22,tsunoda,alphatauri,11,11,11,Finished,0.0,58,Abu Dhabi Grand Prix,Yas Island,2022-11-20,conventional,12,0 days 00:01:25.630000,0 days 00:01:25.219000,,0,0,0,0,0.3333333333333333,13.666666666666666,0.2,37.0,0.0,14.5,0.16666666666666666,14.166666666666666,13,0.0,13.666666666666666,14.0,2.0,2.0,0.0,0.0,1.6041053740047766,0.0,0.0,1.0,0.0,3.0,1.0
2023,1,tsunoda,alphatauri,14,11,11,Finished,0.0,57,Bahrain Grand Prix,Sakhir,2023-03-05,conventional,14,0 days 00:01:31.400000,0 days 00:01:32.510000,,0,0,0,0,0.3333333333333333,13.333333333333334,0.2,38.0,0.0,16.5,0.16666666666666666,14.0,12,0.0,13.333333333333334,13.0,-1.0,0.0,1.0,0.0,0.32945758782657997,0.0,0.0,0.0,0.0,0.0,0.0
2023,2,tsunoda,alphatauri,16,11,11,Finished,0.0,50,Saudi Arabian Grand Prix,Jeddah,2023-03-19,conventional,16,0 days 00:01:29.939000,,,0,0,0,0,0.0,13.0,0.2,39.0,0.0,17.0,0.0,14.833333333333334,14,0.0,13.0,11.0,-5.0,0.0,5.0,0.0,0.0,0.0,0.0,0.0,0.0,1.0,0.0
2023,3,tsunoda,alphatauri,12,10,10,Finished,1.0,58,Australian Grand Prix,Melbourne,2023-04-02,conventional,12,0 days 00:01:18.471000,0 days 00:01:18.099000,,1,1,0,0,0.0,14.0,0.2,40.0,0.5,13.5,0.0,16.0,16,0.0,14.0,14.0,2.0,2.0,0.0,0.0,0.934171440307229,1.0,0.0,0.0,0.0,2.0,0.0
2023,5,tsunoda,alphatauri,17,11,11,Finished,0.0,57,Miami Grand Prix,Miami,2023-05-07,conventional,17,0 days 00:01:28.429000,,,0,0,0,0,0.3333333333333333,14.0,0.2,41.0,0.0,16.0,0.16666666666666666,15.666666666666666,12,1.0,14.0,13.0,-4.0,0.0,4.0,0.0,0.36452668978687086,0.0,0.0,1.0,0.0,3.0,1.0
2023,6,tsunoda,alphatauri,9,15,15,Lapped,0.0,76,Monaco Grand Prix,Monaco,2023-05-28,conventional,9,0 days 00:01:12.642000,0 days 00:01:12.249000,0 days 00:01:12.082000,0,0,0,0,0.3333333333333333,15.0,0.2,42.0,0.0,10.5,0.16666666666666666,15.5,17,0.0,15.0,17.0,8.0,8.0,0.0,0.0,1.351378206924116,0.0,0.0,1.0,0.0,3.0,1.0
2023,7,tsunoda,alphatauri,15,12,12,Finished,0.0,66,Spanish Grand Prix,Barcelona,2023-06-04,conventional,15,0 days 00:01:13.862000,0 days 00:01:14.477000,,0,0,0,0,0.3333333333333333,12.666666666666666,0.2,43.0,0.0,14.5,0.16666666666666666,13.333333333333334,9,0.0,12.666666666666666,12.0,-3.0,0.0,3.0,0.0,0.26559146839779757,0.0,0.0,1.0,0.0,3.0,1.0
2023,8,tsunoda,alphatauri,19,14,14,Finished,0.0,70,Canadian Grand Prix,Montréal,2023-06-18,conventional,16,0 days 00:01:22.746000,,,0,0,0,0,0.0,13.666666666666666,0.1,44.0,0.0,17.0,0.0,13.666666666666666,15,0.0,13.666666666666666,17.0,1.0,1.0,0.0,0.0,1.0794364982574134,0.0,0.0,0.0,0.0,3.0,0.0
2023,10,tsunoda,alphatauri,16,16,16,Finished,0.0,52,British Grand Prix,Silverstone,2023-07-09,conventional,16,0 days 00:01:30.025000,,,0,0,0,0,0.0,13.333333333333334,0.1,45.0,0.0,17.0,0.0,14.0,16,0.0,13.333333333333334,13.0,-3.0,0.0,3.0,0.0,0.38836381662039177,0.0,0.0,0.0,0.0,3.0,0.0
2023,11,tsunoda,alphatauri,17,15,15,Lapped,0.0,69,Hungarian Grand Prix,Budapest,2023-07-23,conventional,17,0 days 00:01:18.919000,,,0,0,0,0,0.0,15.666666666666666,0.1,46.0,0.0,15.0,0.0,16.166666666666668,16,0.0,15.666666666666666,17.0,0.0,0.0,-0.0,0.0,0.3376654963116801,0.0,0.0,0.0,0.0,3.0,0.0
2023,13,tsunoda,alphatauri,17,15,15,Finished,0.0,72,Dutch Grand Prix,Zandvoort,2023-08-27,conventional,14,0 days 00:01:21.781000,0 days 00:01:20.230000,,0,0,0,0,0.0,16.333333333333332,0.0,47.0,0.0,17.0,0.0,16.333333333333332,17,0.0,16.333333333333332,17.0,3.0,3.0,0.0,0.0,0.6710967778622088,0.0,0.0,0.0,0.0,3.0,0.0
2023,15,tsunoda,alphatauri,15,19,R,Retired,0.0,0,Singapore Grand Prix,Marina Bay,2023-09-17,conventional,15,0 days 00:01:31.991000,,,0,0,0,0,0.0,15.666666666666666,0.0,48.0,1.0,12.5,0.0,14.666666666666666,14,0.0,15.666666666666666,18.0,3.0,3.0,0.0,0.0,0.38552701979214277,0.0,0.0,0.0,0.0,3.0,0.0
2023,16,tsunoda,alphatauri,9,12,12,Lapped,0.0,52,Japanese Grand Prix,Suzuka,2023-09-24,conventional,9,0 days 00:01:30.733000,0 days 00:01:30.204000,0 days 00:01:30.303000,0,0,0,0,0.0,15.333333333333334,0.0,49.0,0.0,10.0,0.3333333333333333,13.833333333333334,15,0.0,15.333333333333334,17.0,8.0,8.0,0.0,0.0,1.197739651351481,0.0,0.0,0.0,0.0,3.0,0.0
2023,19,tsunoda,alphatauri,18,12,12,Finished,0.0,71,Mexico City Grand Prix,Mexico City,2023-10-29,conventional,15,0 days 00:01:18.890000,,,0,0,0,0,0.0,12.666666666666666,0.0,50.0,3.0,9.5,0.3333333333333333,11.5,9,0.0,12.666666666666666,12.0,-3.0,0.0,3.0,0.0,1.0138002322043729,0.0,0.0,0.0,0.0,3.0,0.0
2023,21,tsunoda,alphatauri,20,18,18,Retired,0.0,46,Las Vegas Grand Prix,Las Vegas,2023-11-18,conventional,20,0 days 00:01:36.447000,,,0,0,0,0,0.0,13.0,0.0,51.0,0.0,17.5,1.3333333333333333,10.666666666666666,15,0.0,13.0,15.0,-5.0,0.0,5.0,0.0,1.2032251451761118,0.0,0.0,0.0,0.0,3.0,0.0
2023,22,tsunoda,alphatauri,6,8,8,Finished,4.0,58,Abu Dhabi Grand Prix,Yas Island,2023-11-26,conventional,6,0 days 00:01:24.286000,0 days 00:01:24.207000,0 days 00:01:23.968000,4,1,0,0,0.0,14.666666666666666,0.0,52.0,2.0,10.5,1.0,12.333333333333334,20,0.0,14.666666666666666,16.0,10.0,10.0,0.0,2.0,3.769475489155629,2.0,0.0,0.0,0.0,3.0,0.0
2024,1,tsunoda,rb,11,14,14,Lapped,0.0,56,Bahrain Grand Prix,Sakhir,2024-03-02,conventional,11,0 days 00:01:30.481000,0 days 00:01:30.129000,,0,0,0,0,1.3333333333333333,13.666666666666666,0.0,53.0,0.0,12.5,,,6,4.0,,,,,,,,,,0.0,0.0,0.0,0.0
2024,2,tsunoda,rb,9,15,15,Lapped,0.0,49,Saudi Arabian Grand Prix,Jeddah,2024-03-09,conventional,9,0 days 00:01:28.988000,0 days 00:01:28.564000,0 days 00:01:28.547000,0,0,0,0,1.3333333333333333,12.333333333333334,0.0,54.0,0.0,11.5,0.0,12.5,11,0.0,12.333333333333334,12.0,3.0,3.0,0.0,1.0,2.22938270678097,0.0,1.0,0.0,0.0,0.0,0.0
2024,3,tsunoda,rb,8,7,7,Finished,6.0,58,Australian Grand Prix,Melbourne,2024-03-24,conventional,8,0 days 00:01:17.356000,0 days 00:01:16.791000,0 days 00:01:16.788000,6,1,0,0,1.3333333333333333,8.666666666666666,0.0,55.0,3.0,13.0,0.0,12.0,9,0.0,8.666666666666666,9.0,1.0,1.0,0.0,0.0,1.3437422508972685,6.0,0.0,0.0,1.0,1.0,-1.0
2024,4,tsunoda,rb,10,10,10,Lapped,1.0,52,Japanese Grand Prix,Suzuka,2024-04-07,conventional,10,0 days 00:01:29.775000,0 days 00:01:29.417000,0 days 00:01:29.413000,1,1,0,0,2.0,9.333333333333334,0.0,56.0,0.5,10.5,1.0,12.333333333333334,8,6.0,9.333333333333334,10.0,0.0,0.0,-0.0,0.0,1.467531049628854,1.0,0.0,6.0,1.0,2.0,5.0
2024,7,tsunoda,rb,7,10,10,Lapped,1.0,62,Emilia Romagna Grand Prix,Imola,2024-05-19,conventional,7,0 days 00:01:15.894000,0 days 00:01:15.358000,0 days 00:01:15.465000,1,1,0,0,2.3333333333333335,9.0,0.0,57.0,0.5,8.0,1.1666666666666667,11.666666666666666,10,1.0,9.0,10.0,3.0,3.0,0.0,2.0,3.9245075433019654,0.0,1.0,7.0,1.0,3.0,6.0
2024,8,tsunoda,rb,8,8,8,Lapped,4.0,77,Monaco Grand Prix,Monaco,2024-05-26,conventional,8,0 days 00:01:11.852000,0 days 00:01:11.106000,0 days 00:01:10.858000,4,1,0,0,2.6666666666666665,8.333333333333334,0.0,58.0,2.0,10.0,1.3333333333333333,10.5,7,1.0,8.333333333333334,8.0,0.0,0.0,-0.0,1.0,2.106354574865426,3.0,0.0,7.0,1.0,3.0,6.0
2024,9,tsunoda,rb,8,14,14,Finished,0.0,70,Canadian Grand Prix,Montréal,2024-06-09,conventional,8,0 days 00:01:12.748000,0 days 00:01:12.303000,0 days 00:01:12.414000,0,0,0,0,2.0,8.333333333333334,0.0,59.0,2.0,6.5,1.0,9.5,8,4.0,8.333333333333334,8.0,0.0,0.0,-0.0,0.0,3.7803890522287973,0.0,0.0,4.0,1.0,3.0,3.0
2024,10,tsunoda,rb,17,19,19,Lapped,0.0,65,Spanish Grand Prix,Barcelona,2024-06-23,conventional,17,0 days 00:01:12.985000,,,0,0,0,0,1.6666666666666667,7.666666666666667,0.0,60.0,0.0,17.5,1.5,8.166666666666666,8,0.0,7.666666666666667,8.0,-9.0,0.0,9.0,0.0,1.1440709137242613,0.0,0.0,3.0,1.0,3.0,2.0
2024,12,tsunoda,rb,13,10,10,Finished,1.0,52,British Grand Prix,Silverstone,2024-07-07,conventional,13,0 days 00:01:30.994000,0 days 00:01:27.269000,,1,1,0,0,1.3333333333333333,11.0,0.0,61.0,0.5,14.0,1.3333333333333333,11.333333333333334,17,0.0,11.0,9.0,-4.0,0.0,4.0,0.0,0.23300016993793715,1.0,0.0,3.0,0.0,3.0,3.0
2024,13,tsunoda,rb,10,9,9,Finished,2.0,70,Hungarian Grand Prix,Budapest,2024-07-21,conventional,10,0 days 00:01:17.436000,0 days 00:01:16.121000,0 days 00:01:16.477000,2,1,0,0,0.3333333333333333,12.666666666666666,0.0,62.0,1.0,9.5,0.8333333333333334,12.666666666666666,13,1.0,12.666666666666666,14.0,4.0,4.0,0.0,0.0,0.7848181161723247,2.0,0.0,1.0,0.0,3.0,1.0
2024,14,tsunoda,rb,20,16,16,Finished,0.0,44,Belgian Grand Prix,Spa-Francorchamps,2024-07-28,conventional,18,0 days 00:01:56.593000,,,0,0,0,0,1.0,13.333333333333334,0.0,63.0,0.5,15.5,0.5,13.666666666666666,10,2.0,13.333333333333334,12.0,-6.0,0.0,6.0,0.0,0.4115793150115561,0.0,0.0,3.0,0.0,3.0,3.0
2024,15,tsunoda,rb,11,17,17,Lapped,0.0,71,Dutch Grand Prix,Zandvoort,2024-08-25,conventional,12,0 days 00:01:11.603000,0 days 00:01:10.955000,,0,0,0,0,1.0,13.666666666666666,0.0,64.0,0.0,13.5,0.6666666666666666,13.0,18,0.0,13.666666666666666,15.0,3.0,3.0,0.0,0.0,0.48393022974304767,0.0,0.0,3.0,0.0,3.0,3.0
2024,16,tsunoda,rb,16,20,R,Retired,0.0,7,Italian Grand Prix,Monza,2024-09-01,conventional,16,0 days 00:01:20.945000,,,0,0,0,0,0.6666666666666666,13.333333333333334,0.0,65.0,0.0,14.0,0.5,12.833333333333334,12,0.0,13.333333333333334,14.0,-2.0,0.0,2.0,0.0,0.15767812500709866,0.0,0.0,2.0,0.0,3.0,2.0
2024,17,tsunoda,rb,11,20,R,Retired,0.0,14,Azerbaijan Grand Prix,Baku,2024-09-15,conventional,12,0 days 00:01:43.337000,0 days 00:01:43.035000,,0,0,0,0,0.0,15.333333333333334,0.0,66.0,0.0,13.5,0.16666666666666666,14.333333333333334,16,0.0,15.333333333333334,17.0,5.0,5.0,0.0,0.0,0.5897827952374364,0.0,0.0,0.0,0.0,3.0,0.0
2024,18,tsunoda,rb,8,12,12,Lapped,0.0,61,Singapore Grand Prix,Marina Bay,2024-09-22,conventional,8,0 days 00:01:30.716000,0 days 00:01:30.289000,0 days 00:01:30.354000,0,0,0,0,0.0,13.333333333333334,0.0,67.0,0.0,12.0,0.0,13.666666666666666,12,0.0,13.333333333333334,14.0,6.0,6.0,0.0,1.0,1.4457736450640897,0.0,1.0,0.0,0.0,3.0,0.0
2024,20,tsunoda,rb,11,20,R,Retired,0.0,0,Mexico City Grand Prix,Mexico City,2024-10-27,conventional,11,0 days 00:01:17.182000,0 days 00:01:17.129000,,0,0,0,0,0.0,12.0,0.0,68.0,0.0,11.5,0.0,13.166666666666666,8,0.0,12.0,13.0,2.0,2.0,0.0,0.0,1.0566060931214114,0.0,0.0,0.0,1.0,3.0,-1.0
2024,22,tsunoda,rb,7,9,9,Finished,2.0,50,Las Vegas Grand Prix,Las Vegas,2024-11-23,conventional,7,0 days 00:01:33.789000,0 days 00:01:33.089000,0 days 00:01:33.029000,2,1,0,0,0.0,10.333333333333334,0.0,69.0,1.0,11.0,0.0,12.333333333333334,11,0.0,10.333333333333334,11.0,4.0,4.0,0.0,1.0,2.2297705317922776,1.0,0.0,0.0,1.0,3.0,-1.0
2024,24,tsunoda,rb,11,12,12,Lapped,0.0,57,Abu Dhabi Grand Prix,Yas Island,2024-12-08,conventional,11,0 days 00:01:23.735000,0 days 00:01:23.419000,,0,0,0,0,0.6666666666666666,8.666666666666666,0.0,70.0,0.0,11.5,0.3333333333333333,11.5,7,2.0,8.666666666666666,8.0,-3.0,0.0,3.0,0.0,1.3939019505234453,0.0,0.0,1.0,1.0,3.0,0.0
2025,1,tsunoda,rb,5,12,12,Finished,0.0,57,Australian Grand Prix,Melbourne,2025-03-16,conventional,5,0 days 00:01:16.225000,0 days 00:01:16.009000,0 days 00:01:15.670000,0,0,0,0,0.6666666666666666,9.666666666666666,0.0,71.0,0.0,8.0,0.3333333333333333,11.333333333333334,11,0.0,9.666666666666666,9.0,4.0,4.0,0.0,6.0,2.930752114431452,0.0,6.0,0.0,0.0,0.0,0.0
2025,3,tsunoda,red_bull,14,12,12,Finished,0.0,53,Japanese Grand Prix,Suzuka,2025-04-06,conventional,15,0 days 00:01:27.967000,0 days 00:01:28,,0,0,0,0,0.6666666666666666,7.666666666666667,0.0,72.0,12.5,8.0,6.166666666666667,9.5,5,0.0,7.666666666666667,7.0,-8.0,0.0,8.0,0.0,0.7674486016022692,0.0,0.0,0.0,6.0,1.0,-6.0
2025,4,tsunoda,red_bull,10,9,9,Finished,2.0,57,Bahrain Grand Prix,Sakhir,2025-04-13,conventional,10,0 days 00:01:31.751000,0 days 00:01:31.228000,0 days 00:01:31.303000,2,1,0,0,0.0,10.333333333333334,0.0,73.0,5.0,8.5,8.5,8.666666666666666,15,0.0,10.333333333333334,10.0,0.0,0.0,-0.0,4.0,5.565016720612803,0.0,2.0,0.0,6.0,2.0,-6.0
2025,5,tsunoda,red_bull,8,19,R,Retired,0.0,1,Saudi Arabian Grand Prix,Jeddah,2025-04-20,conventional,8,0 days 00:01:28.226000,0 days 00:01:27.990000,0 days 00:01:28.204000,0,0,0,0,0.6666666666666666,10.0,0.0,74.0,9.0,4.5,8.833333333333334,9.0,10,2.0,10.0,12.0,4.0,4.0,0.0,2.0,4.577011914778446,0.0,2.0,0.0,8.0,3.0,-8.0
2025,7,tsunoda,red_bull,20,10,10,Finished,1.0,63,Emilia Romagna Grand Prix,Imola,2025-05-18,conventional,20,,,,1,1,0,0,0.6666666666666666,11.0,0.0,75.0,13.0,11.0,8.833333333333334,7.0,8,0.0,11.0,11.0,-9.0,0.0,9.0,0.0,2.4444182555188525,1.0,0.0,0.0,4.0,3.0,-4.0
2025,8,tsunoda,red_bull,12,17,17,Lapped,0.0,76,Monaco Grand Prix,Monaco,2025-05-25,conventional,12,0 days 00:01:11.800000,0 days 00:01:11.415000,,0,0,0,0,1.0,12.666666666666666,0.0,76.0,6.0,8.5,9.0,8.0,20,1.0,12.666666666666666,13.0,1.0,1.0,0.0,0.0,1.4576518001181515,0.0,0.0,1.0,4.0,3.0,-3.0
2025,9,tsunoda,red_bull,19,13,13,Finished,0.0,66,Spanish Grand Prix,Barcelona,2025-06-01,conventional,20,0 days 00:01:13.385000,,,0,0,0,0,0.3333333333333333,13.333333333333334,0.0,77.0,0.5,11.5,9.333333333333334,8.0,12,0.0,13.333333333333334,14.0,-6.0,0.0,6.0,0.0,0.0,0.0,0.0,1.0,2.0,3.0,-1.0
2025,10,tsunoda,red_bull,18,12,12,Lapped,0.0,69,Canadian Grand Prix,Montréal,2025-06-15,conventional,11,0 days 00:01:12.334000,0 days 00:01:12.102000,,0,0,0,0,0.3333333333333333,17.333333333333332,0.0,78.0,9.0,6.5,6.5,10.333333333333334,20,0.0,17.333333333333332,19.0,8.0,8.0,0.0,0.0,0.4452878415936983,0.0,0.0,1.0,0.0,3.0,1.0
2025,11,tsunoda,red_bull,18,16,16,Lapped,0.0,68,Austrian Grand Prix,Spielberg,2025-06-29,conventional,18,0 days 00:01:05.369000,,,0,0,0,0,0.0,14.333333333333334,0.0,79.0,0.0,12.5,5.166666666666667,8.833333333333334,11,0.0,14.333333333333334,14.0,-4.0,0.0,4.0,0.0,0.0,0.0,0.0,0.0,0.0,3.0,0.0
2025,12,tsunoda,red_bull,11,15,15,Lapped,0.0,51,British Grand Prix,Silverstone,2025-07-06,conventional,12,0 days 00:01:26.275000,0 days 00:01:25.826000,,0,0,0,0,0.0,16.333333333333332,0.0,80.0,5.0,6.5,3.1666666666666665,10.166666666666666,18,0.0,16.333333333333332,18.0,6.0,6.0,0.0,1.0,0.8861430084036961,0.0,1.0,0.0,0.0,3.0,0.0
2025,14,tsunoda,red_bull,20,17,17,Lapped,0.0,69,Hungarian Grand Prix,Budapest,2025-08-03,conventional,16,0 days 00:01:15.899000,,,0,0,0,0,0.0,13.666666666666666,0.0,81.0,1.0,12.0,4.666666666666667,8.5,12,0.0,13.666666666666666,15.0,-1.0,0.0,1.0,0.0,1.0381975410204554,0.0,0.0,0.0,1.0,3.0,-1.0
2025,15,tsunoda,red_bull,12,9,9,Finished,2.0,72,Dutch Grand Prix,Zandvoort,2025-08-31,conventional,12,0 days 00:01:09.954000,0 days 00:01:09.622000,,2,1,0,0,0.0,15.333333333333334,0.0,82.0,10.0,7.5,2.0,10.333333333333334,16,0.0,15.333333333333334,18.0,6.0,6.0,0.0,0.0,1.6384402897689716,2.0,0.0,0.0,1.0,3.0,-1.0
2025,16,tsunoda,red_bull,9,13,13,Finished,0.0,53,Italian Grand Prix,Monza,2025-09-07,conventional,10,0 days 00:01:19.619000,0 days 00:01:19.433000,0 days 00:01:19.519000,0,0,0,0,0.6666666666666666,13.333333333333334,0.0,83.0,12.5,5.5,5.333333333333333,8.666666666666666,12,2.0,13.333333333333334,14.0,4.0,4.0,0.0,0.0,0.9582433707357092,0.0,0.0,2.0,1.0,3.0,1.0
2025,17,tsunoda,red_bull,6,6,6,Finished,8.0,51,Azerbaijan Grand Prix,Baku,2025-09-21,conventional,6,0 days 00:01:42.347000,0 days 00:01:41.788000,0 days 00:01:42.143000,8,1,0,0,0.6666666666666666,12.666666666666666,0.0,84.0,16.5,3.5,7.833333333333333,8.333333333333334,10,0.0,12.666666666666666,13.0,7.0,7.0,0.0,6.0,6.845588549578709,2.0,0.0,2.0,0.0,3.0,2.0
2025,18,tsunoda,red_bull,13,12,12,Lapped,0.0,61,Singapore Grand Prix,Marina Bay,2025-10-05,conventional,13,0 days 00:01:30.574000,0 days 00:01:30.353000,,0,0,0,0,3.3333333333333335,9.333333333333334,0.0,85.0,9.0,7.5,13.0,5.5,6,8.0,9.333333333333334,10.0,-3.0,0.0,3.0,0.0,1.861130498567269,0.0,0.0,4.0,0.0,3.0,4.0
2025,20,tsunoda,red_bull,10,11,11,Finished,0.0,71,Mexico City Grand Prix,Mexico City,2025-10-26,conventional,11,0 days 00:01:17.234000,0 days 00:01:16.816000,,0,0,0,0,2.6666666666666665,9.666666666666666,0.0,86.0,7.5,8.0,12.666666666666666,5.5,13,0.0,9.666666666666666,8.0,-3.0,0.0,3.0,0.0,0.9416023496058763,0.0,0.0,2.0,0.0,3.0,2.0
2025,22,tsunoda,red_bull,20,12,12,Finished,0.0,50,Las Vegas Grand Prix,Las Vegas,2025-11-22,conventional,19,0 days 00:01:56.798000,,,0,0,0,0,2.6666666666666665,10.0,0.0,87.0,12.5,10.5,11.0,6.333333333333333,11,0.0,10.0,11.0,-8.0,0.0,8.0,0.0,1.8879475327515838,0.0,0.0,2.0,0.0,3.0,2.0
2025,24,tsunoda,red_bull,10,14,14,Finished,0.0,58,Abu Dhabi Grand Prix,Yas Island,2025-12-07,conventional,10,0 days 00:01:23.386000,0 days 00:01:23.034000,,0,0,0,0,0.0,14.333333333333334,0.0,88.0,12.5,5.5,9.666666666666666,8.666666666666666,19,0.0,14.333333333333334,15.0,5.0,5.0,0.0,2.0,2.727356798879885,0.0,2.0,0.0,0.0,3.0,0.0
2018,1,vandoorne,mclaren,11,9,9,Finished,2.0,58,Australian Grand Prix,Melbourne,2018-03-25,conventional,12,0 days 00:01:24.073000,0 days 00:01:23.853000,,2,1,0,0,,,,0.0,6.0,11.5,,,,,,,,,,,,,,0.0,0.0,0.0,0.0
2018,2,vandoorne,mclaren,14,8,8,+1 Lap,4.0,56,Bahrain Grand Prix,Sakhir,2018-04-08,conventional,14,0 days 00:01:30.479000,0 days 00:01:30.525000,,4,1,0,0,2.0,12.0,0.0,1.0,5.0,13.5,6.0,11.5,12,2.0,,,,,,,,,,0.0,0.0,0.0,0.0
2018,3,vandoorne,mclaren,14,13,13,Finished,0.0,56,Chinese Grand Prix,Shanghai,2018-04-15,conventional,14,0 days 00:01:33.824000,0 days 00:01:33.505000,,0,0,0,0,3.0,13.0,0.0,2.0,3.0,13.5,5.5,12.5,14,4.0,,,,,,,,,,0.0,0.0,0.0,0.0
2018,4,vandoorne,mclaren,16,9,9,Finished,2.0,51,Azerbaijan Grand Prix,Baku,2018-04-29,conventional,16,0 days 00:01:44.489000,,,2,1,0,0,2.0,13.333333333333334,0.0,3.0,4.0,14.5,4.666666666666667,12.833333333333334,14,0.0,,,,,,,,,,0.0,0.0,0.0,0.0
2018,5,vandoorne,mclaren,11,15,R,Gearbox,0.0,45,Spanish Grand Prix,Barcelona,2018-05-13,conventional,11,0 days 00:01:18.885000,0 days 00:01:18.323000,,0,0,0,0,2.0,14.666666666666666,0.0,4.0,2.0,9.5,4.0,13.833333333333334,16,2.0,,,,,,,,,,0.0,0.0,0.0,0.0
2018,6,vandoorne,mclaren,12,14,14,+1 Lap,0.0,77,Monaco Grand Prix,Monte Carlo,2018-05-27,conventional,12,0 days 00:01:12.463000,0 days 00:01:12.440000,,0,0,0,0,0.6666666666666666,13.666666666666666,0.0,5.0,0.0,9.5,3.0,12.5,11,0.0,,,,,,,,,,0.0,0.0,0.0,0.0
2018,7,vandoorne,mclaren,15,16,16,+2 Laps,0.0,66,Canadian Grand Prix,Montréal,2018-06-10,conventional,15,0 days 00:01:12.998000,0 days 00:01:12.865000,,0,0,0,0,0.6666666666666666,13.0,0.0,6.0,0.0,14.5,2.0,11.166666666666666,12,0.0,,,,,,,,,,0.0,0.0,0.0,0.0
2018,8,vandoorne,mclaren,17,12,12,+1 Lap,0.0,52,French Grand Prix,Le Castellet,2018-06-24,conventional,18,0 days 00:01:33.162000,,,0,0,0,0,0.0,12.666666666666666,0.0,7.0,0.0,17.0,0.6666666666666666,11.166666666666666,15,0.0,,,,,,,,,,0.0,0.0,0.0,0.0
2018,9,vandoorne,mclaren,15,15,15,Collision damage,0.0,65,Austrian Grand Prix,Spielberg,2018-07-01,conventional,16,0 days 00:01:05.271000,,,0,0,0,1,0.0,15.0,0.0,8.0,2.0,15.0,0.0,13.666666666666666,18,0.0,,,,,,,,,,0.0,0.0,0.0,0.0
2018,10,vandoorne,mclaren,17,11,11,Finished,0.0,52,British Grand Prix,Silverstone,2018-07-08,conventional,17,0 days 00:01:29.096000,,,0,0,0,0,0.0,16.333333333333332,0.1111111111111111,9.0,2.0,15.0,0.6666666666666666,15.5,16,0.0,,,,,,,,,,0.0,0.0,0.0,0.0
2018,11,vandoorne,mclaren,19,13,13,Finished,0.0,67,German Grand Prix,Hockenheim,2018-07-22,conventional,20,0 days 00:01:14.401000,,,0,0,0,0,0.0,17.0,0.1,10.0,0.0,15.5,1.3333333333333333,15.666666666666666,17,0.0,,,,,,,,,,0.0,0.0,0.0,0.0
2018,12,vandoorne,mclaren,16,18,R,Gearbox,0.0,49,Hungarian Grand Prix,Budapest,2018-07-29,conventional,16,0 days 00:01:18.782000,,,0,0,0,0,0.0,17.666666666666668,0.1,11.0,2.0,13.5,1.3333333333333333,15.166666666666666,20,0.0,,,,,,,,,,0.0,0.0,0.0,0.0
2018,13,vandoorne,mclaren,18,15,15,+1 Lap,0.0,43,Belgian Grand Prix,Spa-Francorchamps,2018-08-26,conventional,20,0 days 00:01:45.307000,,,0,0,0,0,0.0,17.666666666666668,0.1,12.0,0.0,18.5,1.3333333333333333,14.666666666666666,16,0.0,,,,,,,,,,0.0,0.0,0.0,0.0
2018,14,vandoorne,mclaren,17,12,12,+1 Lap,0.0,52,Italian Grand Prix,Monza,2018-09-02,conventional,20,0 days 00:01:22.085000,,,0,0,0,0,0.0,18.666666666666668,0.1,13.0,0.0,16.5,0.6666666666666666,15.833333333333334,20,0.0,,,,,,,,,,0.0,0.0,0.0,0.0
2018,15,vandoorne,mclaren,18,12,12,+1 Lap,0.0,60,Singapore Grand Prix,Singapore,2018-09-16,conventional,18,0 days 00:01:39.864000,,,0,0,0,0,0.0,18.666666666666668,0.1,14.0,3.0,14.5,0.6666666666666666,16.166666666666668,20,0.0,,,,,,,,,,0.0,0.0,0.0,0.0
2018,16,vandoorne,mclaren,15,16,16,+2 Laps,0.0,51,Russian Grand Prix,Sochi,2018-09-30,conventional,19,0 days 00:01:35.977000,,,0,0,0,0,0.0,19.333333333333332,0.1,15.0,0.0,18.0,1.0,16.5,18,0.0,,,,,,,,,,0.0,0.0,0.0,0.0
2018,17,vandoorne,mclaren,19,15,15,+1 Lap,0.0,52,Japanese Grand Prix,Suzuka,2018-10-07,conventional,19,0 days 00:01:31.041000,,,0,0,0,0,0.0,19.0,0.1,16.0,0.0,18.5,1.0,16.333333333333332,19,0.0,,,,,,,,,,0.0,0.0,0.0,0.0
2018,18,vandoorne,mclaren,17,11,11,+1 Lap,0.0,55,United States Grand Prix,Austin,2018-10-21,conventional,20,0 days 00:01:35.735000,,,0,0,0,0,0.0,18.666666666666668,0.1,17.0,0.0,18.0,1.0,17.0,19,0.0,,,,,,,,,,0.0,0.0,0.0,0.0
2018,19,vandoorne,mclaren,15,8,8,+2 Laps,4.0,69,Mexican Grand Prix,Mexico City,2018-10-28,conventional,17,0 days 00:01:16.966000,,,4,1,0,0,0.0,19.333333333333332,0.1,18.0,2.0,14.5,0.0,18.166666666666668,20,0.0,,,,,,,,,,0.0,0.0,0.0,0.0
2018,20,vandoorne,mclaren,20,14,14,+1 Lap,0.0,70,Brazilian Grand Prix,São Paulo,2018-11-11,conventional,20,0 days 00:01:09.601000,,,0,0,0,0,1.3333333333333333,18.666666666666668,0.0,19.0,0.0,19.0,0.6666666666666666,17.0,17,4.0,,,,,,,,,,0.0,0.0,0.0,0.0
2018,21,vandoorne,mclaren,18,14,14,+1 Lap,0.0,54,Abu Dhabi Grand Prix,Yas Marina,2018-11-25,conventional,18,0 days 00:01:38.577000,,,0,0,0,0,1.3333333333333333,19.0,0.0,20.0,0.0,16.5,0.6666666666666666,17.166666666666668,20,0.0,,,,,,,,,,0.0,0.0,0.0,0.0
2018,1,vettel,ferrari,3,1,1,Finished,25.0,58,Australian Grand Prix,Melbourne,2018-03-25,conventional,3,0 days 00:01:23.348000,0 days 00:01:21.944000,0 days 00:01:21.838000,25,1,1,0,,,,0.0,20.0,2.5,,,,,,,,,,,,,,0.0,0.0,0.0,0.0
2018,2,vettel,ferrari,1,1,1,Finished,25.0,57,Bahrain Grand Prix,Sakhir,2018-04-08,conventional,1,0 days 00:01:29.060000,0 days 00:01:28.341000,0 days 00:01:27.958000,25,1,1,0,25.0,3.0,0.0,1.0,12.5,1.5,20.0,2.5,3,25.0,,,,,,,,,,0.0,0.0,0.0,0.0
2018,3,vettel,ferrari,1,8,8,Finished,4.0,56,Chinese Grand Prix,Shanghai,2018-04-15,conventional,1,0 days 00:01:32.171000,0 days 00:01:32.385000,0 days 00:01:31.095000,4,1,0,0,25.0,2.0,0.0,2.0,9.5,1.5,16.25,2.0,1,25.0,,,,,,,,,,0.0,0.0,0.0,0.0
2018,4,vettel,ferrari,1,4,4,Finished,12.0,51,Azerbaijan Grand Prix,Baku,2018-04-29,conventional,1,0 days 00:01:42.762000,0 days 00:01:43.015000,0 days 00:01:41.498000,12,1,0,0,18.0,1.6666666666666667,0.0,3.0,15.0,3.5,14.0,1.8333333333333333,1,4.0,,,,,,,,,,0.0,0.0,0.0,0.0
2018,5,vettel,ferrari,3,4,4,Finished,12.0,66,Spanish Grand Prix,Barcelona,2018-05-13,conventional,3,0 days 00:01:17.031000,0 days 00:01:16.802000,0 days 00:01:16.305000,12,1,0,0,13.666666666666666,1.0,0.0,4.0,6.0,3.5,12.333333333333334,2.1666666666666665,1,12.0,,,,,,,,,,0.0,0.0,0.0,0.0
2018,6,vettel,ferrari,2,2,2,Finished,18.0,78,Monaco Grand Prix,Monte Carlo,2018-05-27,conventional,2,0 days 00:01:12.415000,0 days 00:01:11.518000,0 days 00:01:11.039000,18,1,1,0,9.333333333333334,1.6666666666666667,0.0,5.0,15.0,3.0,10.166666666666666,2.8333333333333335,3,12.0,,,,,,,,,,0.0,0.0,0.0,0.0
2018,7,vettel,ferrari,1,1,1,Finished,25.0,68,Canadian Grand Prix,Montréal,2018-06-10,conventional,1,0 days 00:01:11.710000,0 days 00:01:11.524000,0 days 00:01:10.764000,25,1,1,0,14.0,2.0,0.0,6.0,16.5,3.0,12.0,3.3333333333333335,2,18.0,,,,,,,,,,0.0,0.0,0.0,0.0
2018,8,vettel,ferrari,3,5,5,Finished,10.0,53,French Grand Prix,Le Castellet,2018-06-24,conventional,3,0 days 00:01:31.820000,0 days 00:01:30.751000,0 days 00:01:30.400000,10,1,0,0,18.333333333333332,2.0,0.0,7.0,12.5,4.5,12.5,3.1666666666666665,1,25.0,,,,,,,,,,0.0,0.0,0.0,0.0
2018,9,vettel,ferrari,6,3,3,Finished,15.0,71,Austrian Grand Prix,Spielberg,2018-07-01,conventional,3,0 days 00:01:04.347000,0 days 00:01:03.544000,0 days 00:01:03.464000,15,1,1,0,17.666666666666668,2.0,0.0,8.0,16.5,3.5,14.666666666666666,3.5,3,10.0,,,,,,,,,,0.0,0.0,0.0,0.0
2018,10,vettel,ferrari,2,1,1,Finished,25.0,52,British Grand Prix,Silverstone,2018-07-08,conventional,2,0 days 00:01:26.585000,0 days 00:01:26.372000,0 days 00:01:25.936000,25,1,1,0,16.666666666666668,2.3333333333333335,0.0,9.0,20.0,2.5,15.166666666666666,3.6666666666666665,3,15.0,,,,,,,,,,0.0,0.0,0.0,0.0
2018,11,vettel,ferrari,1,18,R,Accident,0.0,51,German Grand Prix,Hockenheim,2018-07-22,conventional,1,0 days 00:01:12.538000,0 days 00:01:12.505000,0 days 00:01:11.212000,0,0,0,1,16.666666666666668,2.6666666666666665,0.0,10.0,7.5,2.0,16.333333333333332,3.5,2,25.0,,,,,,,,,,0.0,0.0,0.0,0.0
2018,12,vettel,ferrari,4,2,2,Finished,18.0,70,Hungarian Grand Prix,Budapest,2018-07-29,conventional,4,0 days 00:01:16.666000,0 days 00:01:28.636000,0 days 00:01:36.210000,18,1,1,0,13.333333333333334,2.0,0.1,11.0,16.5,3.5,14.666666666666666,2.6666666666666665,1,0.0,,,,,,,,,,0.0,0.0,0.0,0.0
2018,13,vettel,ferrari,2,1,1,Finished,25.0,44,Belgian Grand Prix,Spa-Francorchamps,2018-08-26,conventional,2,0 days 00:01:43.035000,0 days 00:01:41.501000,0 days 00:01:58.905000,25,1,1,0,14.333333333333334,2.3333333333333335,0.1,12.0,12.5,4.0,14.666666666666666,2.6666666666666665,4,18.0,,,,,,,,,,0.0,0.0,0.0,0.0
2018,14,vettel,ferrari,2,4,4,Finished,12.0,53,Italian Grand Prix,Monza,2018-09-02,conventional,2,0 days 00:01:20.542000,0 days 00:01:19.629000,0 days 00:01:19.280000,12,1,0,0,14.333333333333334,2.3333333333333335,0.1,13.0,15.0,1.5,12.166666666666666,3.1666666666666665,2,25.0,,,,,,,,,,0.0,0.0,0.0,0.0
2018,15,vettel,ferrari,3,3,3,Finished,15.0,61,Singapore Grand Prix,Singapore,2018-09-16,conventional,3,0 days 00:01:38.218000,0 days 00:01:37.876000,0 days 00:01:36.628000,15,1,1,0,18.333333333333332,2.6666666666666665,0.1,14.0,12.5,4.0,14.666666666666666,3.0,2,12.0,,,,,,,,,,0.0,0.0,0.0,0.0
2018,16,vettel,ferrari,3,3,3,Finished,15.0,53,Russian Grand Prix,Sochi,2018-09-30,conventional,3,0 days 00:01:33.476000,0 days 00:01:33.045000,0 days 00:01:31.943000,15,1,1,0,17.333333333333332,2.3333333333333335,0.1,15.0,13.5,3.5,13.333333333333334,3.1666666666666665,3,15.0,,,,,,,,,,0.0,0.0,0.0,0.0
2018,17,vettel,ferrari,8,6,6,Finished,8.0,53,Japanese Grand Prix,Suzuka,2018-10-07,conventional,9,0 days 00:01:29.049000,0 days 00:01:28.279000,0 days 00:01:32.192000,8,1,0,0,14.0,2.6666666666666665,0.1,16.0,9.0,6.5,13.666666666666666,3.0,3,15.0,,,,,,,,,,0.0,0.0,0.0,0.0
2018,18,vettel,ferrari,5,4,4,Finished,12.0,56,United States Grand Prix,Austin,2018-10-21,conventional,2,0 days 00:01:34.569000,0 days 00:01:33.079000,0 days 00:01:32.298000,12,1,0,0,12.666666666666666,5.0,0.1,17.0,18.5,2.5,11.666666666666666,4.666666666666667,9,8.0,,,,,,,,,,0.0,0.0,0.0,0.0
2018,19,vettel,ferrari,4,2,2,Finished,18.0,71,Mexican Grand Prix,Mexico City,2018-10-28,conventional,4,0 days 00:01:16.089000,0 days 00:01:15.715000,0 days 00:01:14.970000,18,1,1,0,11.666666666666666,4.666666666666667,0.1,18.0,16.5,5.0,13.666666666666666,4.166666666666667,2,12.0,,,,,,,,,,0.0,0.0,0.0,0.0
2018,20,vettel,ferrari,2,6,6,Finished,8.0,71,Brazilian Grand Prix,São Paulo,2018-11-11,conventional,2,0 days 00:01:08.452000,0 days 00:01:07.776000,0 days 00:01:07.374000,8,1,0,0,12.666666666666666,5.0,0.1,19.0,11.5,3.0,14.666666666666666,4.666666666666667,4,18.0,,,,,,,,,,0.0,0.0,0.0,0.0
2018,21,vettel,ferrari,3,2,2,Finished,18.0,55,Abu Dhabi Grand Prix,Yas Marina,2018-11-25,conventional,3,0 days 00:01:36.775000,0 days 00:01:36.345000,0 days 00:01:35.125000,18,1,1,0,12.666666666666666,2.6666666666666665,0.1,20.0,9.0,3.5,15.5,3.5,2,8.0,,,,,,,,,,0.0,0.0,0.0,0.0
2019,1,vettel,ferrari,3,4,4,Finished,12.0,58,Australian Grand Prix,Melbourne,2019-03-17,conventional,3,0 days 00:01:22.885000,0 days 00:01:21.912000,0 days 00:01:21.190000,12,1,0,0,14.666666666666666,3.0,0.0,21.0,11.0,4.0,12.333333333333334,3.8333333333333335,3,18.0,,,,,,,,,,0.0,0.0,0.0,0.0
2019,2,vettel,ferrari,2,5,5,Finished,10.0,57,Bahrain Grand Prix,Sakhir,2019-03-31,conventional,2,0 days 00:01:28.733000,0 days 00:01:28.356000,0 days 00:01:28.160000,10,1,0,0,12.666666666666666,2.6666666666666665,0.0,22.0,12.5,1.5,10.5,3.5,3,12.0,,,,,,,,,,0.0,0.0,0.0,0.0
2019,3,vettel,ferrari,3,3,3,Finished,15.0,56,Chinese Grand Prix,Shanghai,2019-04-14,conventional,3,0 days 00:01:33.557000,0 days 00:01:32.232000,0 days 00:01:31.848000,15,1,1,0,13.333333333333334,2.6666666666666665,0.0,23.0,12.5,3.5,10.833333333333334,3.0,2,10.0,,,,,,,,,,0.0,0.0,0.0,0.0
2019,4,vettel,ferrari,3,3,3,Finished,15.0,51,Azerbaijan Grand Prix,Baku,2019-04-28,conventional,3,0 days 00:01:42.042000,0 days 00:01:41.889000,0 days 00:01:40.797000,15,1,1,0,12.333333333333334,2.6666666666666665,0.0,24.0,12.5,6.0,12.0,3.0,3,15.0,,,,,,,,,,0.0,0.0,0.0,0.0
2019,5,vettel,ferrari,3,4,4,Finished,12.0,66,Spanish Grand Prix,Barcelona,2019-05-12,conventional,3,0 days 00:01:17.425000,0 days 00:01:16.667000,0 days 00:01:16.272000,12,1,0,0,13.333333333333334,2.6666666666666665,0.0,25.0,11.0,4.0,12.5,3.6666666666666665,3,15.0,,,,,,,,,,0.0,0.0,0.0,0.0
2019,6,vettel,ferrari,4,2,2,Finished,18.0,78,Monaco Grand Prix,Monte Carlo,2019-05-26,conventional,4,0 days 00:01:11.434000,0 days 00:01:11.227000,0 days 00:01:10.947000,18,1,1,0,14.0,3.0,0.0,26.0,9.0,10.0,12.0,4.5,3,12.0,,,,,,,,,,0.0,0.0,0.0,0.0
2019,7,vettel,ferrari,1,2,2,Finished,18.0,70,Canadian Grand Prix,Montréal,2019-06-09,conventional,1,0 days 00:01:11.200000,0 days 00:01:11.142000,0 days 00:01:10.240000,18,1,1,0,15.0,3.3333333333333335,0.0,27.0,16.5,2.0,10.833333333333334,6.666666666666667,4,18.0,,,,,,,,,,0.0,0.0,0.0,0.0
2019,8,vettel,ferrari,7,5,5,Finished,11.0,53,French Grand Prix,Le Castellet,2019-06-23,conventional,7,0 days 00:01:31.075000,0 days 00:01:29.506000,0 days 00:01:29.799000,10,1,0,0,16.0,2.6666666666666665,0.0,28.0,12.5,5.0,12.166666666666666,5.333333333333333,1,18.0,,,,,,,,,,0.0,0.0,0.0,0.0
2019,9,vettel,ferrari,9,4,4,Finished,12.0,71,Austrian Grand Prix,Spielberg,2019-06-30,conventional,10,0 days 00:01:04.430000,0 days 00:01:03.667000,,12,1,0,0,15.333333333333334,4.0,0.0,29.0,15.0,5.5,12.666666666666666,5.666666666666667,7,10.0,,,,,,,,,,0.0,0.0,0.0,0.0
2019,10,vettel,ferrari,6,16,16,+1 Lap,0.0,51,British Grand Prix,Silverstone,2019-07-14,conventional,6,0 days 00:01:25.898000,0 days 00:01:26.023000,0 days 00:01:25.787000,0,0,0,0,13.333333333333334,6.0,0.0,30.0,7.5,4.5,14.666666666666666,4.166666666666667,10,12.0,,,,,,,,,,0.0,0.0,0.0,0.0
2019,11,vettel,ferrari,20,2,2,Finished,18.0,64,German Grand Prix,Hockenheim,2019-07-28,conventional,20,,,,18,1,1,0,7.333333333333333,7.666666666666667,0.0,31.0,9.0,15.0,11.666666666666666,5.0,6,0.0,,,,,,,,,,0.0,0.0,0.0,0.0
2019,12,vettel,ferrari,5,3,3,Finished,15.0,70,Hungarian Grand Prix,Budapest,2019-08-04,conventional,5,0 days 00:01:16.452000,0 days 00:01:15.885000,0 days 00:01:15.071000,15,1,1,0,10.0,12.0,0.0,32.0,13.5,4.5,10.5,8.333333333333334,20,18.0,,,,,,,,,,0.0,0.0,0.0,0.0
2019,13,vettel,ferrari,2,4,4,Finished,13.0,44,Belgian Grand Prix,Spa-Francorchamps,2019-09-01,conventional,2,0 days 00:01:44.109000,0 days 00:01:43.037000,0 days 00:01:43.267000,12,1,0,0,11.0,10.333333333333334,0.0,33.0,18.5,1.5,10.0,8.0,5,15.0,,,,,,,,,,0.0,0.0,0.0,0.0
2019,14,vettel,ferrari,4,13,13,+1 Lap,0.0,52,Italian Grand Prix,Monza,2019-09-08,conventional,4,0 days 00:01:20.378000,0 days 00:01:19.715000,0 days 00:01:19.457000,0,0,0,0,15.0,9.0,0.0,34.0,12.5,2.5,13.666666666666666,7.0,2,12.0,,,,,,,,,,0.0,0.0,0.0,0.0
2019,15,vettel,ferrari,3,1,1,Finished,25.0,61,Singapore Grand Prix,Singapore,2019-09-22,conventional,3,0 days 00:01:38.374000,0 days 00:01:36.720000,0 days 00:01:36.437000,25,1,1,0,9.0,3.6666666666666665,0.0,35.0,21.5,2.0,14.833333333333334,2.8333333333333335,4,0.0,,,,,,,,,,0.0,0.0,0.0,0.0
2019,16,vettel,ferrari,3,18,R,Power loss,0.0,26,Russian Grand Prix,Sochi,2019-09-29,conventional,3,0 days 00:01:33.032000,0 days 00:01:32.536000,0 days 00:01:32.053000,0,0,0,0,12.333333333333334,3.0,0.0,36.0,7.5,2.0,17.5,2.0,3,25.0,,,,,,,,,,0.0,0.0,0.0,0.0
2019,17,vettel,ferrari,1,2,2,Finished,18.0,52,Japanese Grand Prix,Suzuka,2019-10-13,conventional,1,0 days 00:01:28.988000,0 days 00:01:28.174000,0 days 00:01:27.064000,18,1,1,0,8.333333333333334,3.3333333333333335,0.0,37.0,13.0,1.5,13.833333333333334,2.1666666666666665,3,0.0,,,,,,,,,,0.0,0.0,0.0,0.0
2019,18,vettel,ferrari,2,2,2,Finished,18.0,71,Mexican Grand Prix,Mexico City,2019-10-27,conventional,3,0 days 00:01:16.696000,0 days 00:01:15.914000,0 days 00:01:15.170000,18,1,1,0,14.333333333333334,2.3333333333333335,0.0,38.0,15.0,2.5,14.0,1.8333333333333333,1,18.0,,,,,,,,,,0.0,0.0,0.0,0.0
2019,19,vettel,ferrari,2,20,R,Suspension,0.0,7,United States Grand Prix,Austin,2019-11-03,conventional,2,0 days 00:01:33.766000,0 days 00:01:33.782000,0 days 00:01:32.041000,0,0,0,0,12.0,2.3333333333333335,0.0,39.0,6.0,3.0,11.833333333333334,2.0,3,18.0,,,,,,,,,,0.0,0.0,0.0,0.0
2019,20,vettel,ferrari,2,17,17,Collision,0.0,65,Brazilian Grand Prix,São Paulo,2019-11-17,conventional,2,0 days 00:01:08.556000,0 days 00:01:08.050000,0 days 00:01:07.631000,0,0,0,1,12.0,2.0,0.0,40.0,0.0,3.0,11.333333333333334,2.3333333333333335,2,0.0,,,,,,,,,,0.0,0.0,0.0,0.0
2019,21,vettel,ferrari,4,5,5,Finished,10.0,55,Abu Dhabi Grand Prix,Yas Island,2019-12-01,conventional,5,0 days 00:01:36.963000,0 days 00:01:35.786000,0 days 00:01:35.339000,10,1,0,0,6.0,2.3333333333333335,0.1,41.0,12.5,4.5,7.0,2.8333333333333335,2,0.0,,,,,,,,,,0.0,0.0,0.0,0.0
2020,1,vettel,ferrari,11,10,10,Finished,1.0,71,Austrian Grand Prix,Spielberg,2020-07-05,conventional,11,0 days 00:01:04.554000,0 days 00:01:04.206000,,1,1,0,0,3.3333333333333335,3.0,0.1,42.0,9.5,9.0,6.166666666666667,3.5,5,10.0,3.0,4.0,-7.0,0.0,7.0,6.0,7.026279545675637,0.0,5.0,0.0,0.0,0.0,0.0
2020,2,vettel,ferrari,10,20,R,Collision damage,0.0,1,Styrian Grand Prix,Spielberg,2020-07-12,conventional,10,0 days 00:01:20.243000,0 days 00:01:19.545000,0 days 00:01:21.651000,0,0,0,1,3.6666666666666665,6.0,0.1,43.0,0.0,10.5,7.333333333333333,5.5,11,1.0,6.0,6.0,-4.0,0.0,4.0,8.0,7.321064906308106,0.0,8.0,0.0,5.0,1.0,-5.0
2020,3,vettel,ferrari,5,6,6,+1 Lap,8.0,69,Hungarian Grand Prix,Budapest,2020-07-19,conventional,5,0 days 00:01:15.455000,0 days 00:01:15.131000,0 days 00:01:14.774000,8,1,0,0,3.6666666666666665,8.666666666666666,0.2,44.0,4.0,5.5,7.333333333333333,8.0,10,0.0,8.666666666666666,8.0,3.0,3.0,0.0,15.0,11.0276521283132,0.0,7.0,0.0,13.0,2.0,-13.0
2020,4,vettel,ferrari,10,10,10,Finished,1.0,52,British Grand Prix,Silverstone,2020-08-02,conventional,10,0 days 00:01:26.469000,0 days 00:01:26.455000,0 days 00:01:26.339000,1,1,0,0,3.0,8.666666666666666,0.2,45.0,8.0,7.0,4.5,8.333333333333334,5,8.0,8.666666666666666,9.0,-1.0,0.0,1.0,2.0,4.33248213984848,0.0,1.0,0.0,20.0,3.0,-20.0
2020,5,vettel,ferrari,11,12,12,Finished,0.0,52,70th Anniversary Grand Prix,Silverstone,2020-08-09,conventional,12,0 days 00:01:27.612000,0 days 00:01:27.078000,,0,0,0,0,3.0,8.333333333333334,0.2,46.0,6.0,10.0,4.0,7.666666666666667,10,1.0,8.333333333333334,8.0,-4.0,0.0,4.0,4.0,4.39842742564011,0.0,4.0,0.0,16.0,3.0,-16.0
2020,6,vettel,ferrari,11,7,7,+1 Lap,6.0,65,Spanish Grand Prix,Barcelona,2020-08-16,conventional,11,0 days 00:01:17.573000,0 days 00:01:17.168000,,6,1,0,0,3.0,9.0,0.2,47.0,3.0,10.0,6.0,7.5,12,0.0,9.0,9.0,-2.0,0.0,2.0,1.0,2.4915267985974845,5.0,0.0,0.0,12.0,3.0,-12.0
2020,7,vettel,ferrari,14,13,13,Finished,0.0,44,Belgian Grand Prix,Spa-Francorchamps,2020-08-30,conventional,14,0 days 00:01:43.567000,0 days 00:01:43.261000,,0,0,0,0,2.3333333333333335,11.0,0.2,48.0,0.0,13.5,5.666666666666667,9.0,11,6.0,11.0,12.0,-2.0,0.0,2.0,6.0,4.011130686522974,0.0,6.0,5.0,5.0,3.0,0.0
2020,8,vettel,ferrari,17,20,R,Brakes,0.0,6,Italian Grand Prix,Monza,2020-09-06,conventional,17,0 days 00:01:21.151000,,,0,0,0,0,2.0,12.333333333333334,0.2,49.0,0.0,15.0,3.0,11.166666666666666,14,0.0,12.333333333333334,13.0,-4.0,0.0,4.0,0.0,0.7562336273602845,0.0,0.0,5.0,10.0,3.0,-5.0
2020,9,vettel,ferrari,14,10,10,Finished,1.0,59,Tuscan Grand Prix,Mugello,2020-09-13,conventional,14,0 days 00:01:17.072000,0 days 00:01:16.858000,,1,1,0,0,2.0,14.0,0.2,50.0,2.5,9.5,1.0,12.833333333333334,17,0.0,14.0,14.0,0.0,0.0,-0.0,0.0,0.8438825309157192,1.0,0.0,5.0,6.0,3.0,-1.0
2020,10,vettel,ferrari,14,13,13,+1 Lap,0.0,52,Russian Grand Prix,Sochi,2020-09-27,conventional,15,0 days 00:01:34.134000,0 days 00:01:33.609000,,0,0,0,0,0.3333333333333333,15.0,0.1,51.0,4.0,13.0,0.8333333333333334,12.666666666666666,14,1.0,15.0,15.0,0.0,0.0,-0.0,0.0,2.1684666299890467,0.0,0.0,1.0,6.0,3.0,-5.0
2020,11,vettel,ferrari,11,11,11,Finished,0.0,60,Eifel Grand Prix,Nürburgring,2020-10-11,conventional,11,0 days 00:01:27.107000,0 days 00:01:26.738000,,0,0,0,0,0.3333333333333333,15.333333333333334,0.1,52.0,3.0,7.5,2.1666666666666665,12.5,15,0.0,15.333333333333334,14.0,3.0,3.0,0.0,0.0,3.6119759431118172,0.0,0.0,1.0,0.0,3.0,1.0
2020,12,vettel,ferrari,15,10,10,+1 Lap,1.0,65,Portuguese Grand Prix,Portimão,2020-10-25,conventional,15,0 days 00:01:17.446000,0 days 00:01:17.919000,,1,1,0,0,0.3333333333333333,13.333333333333334,0.1,53.0,6.5,9.5,3.1666666666666665,10.0,11,0.0,13.333333333333334,14.0,-1.0,0.0,1.0,0.0,2.300504590999755,1.0,0.0,1.0,0.0,3.0,1.0
2020,13,vettel,ferrari,14,12,12,Finished,0.0,63,Emilia Romagna Grand Prix,Imola,2020-11-01,conventional,14,0 days 00:01:15.571000,0 days 00:01:15.385000,,0,0,0,0,0.3333333333333333,13.666666666666666,0.0,54.0,5.0,10.5,4.5,10.0,15,1.0,13.666666666666666,14.0,0.0,0.0,-0.0,0.0,0.0,0.0,0.0,1.0,0.0,3.0,1.0
2020,14,vettel,ferrari,11,3,3,Finished,15.0,58,Turkish Grand Prix,Istanbul,2020-11-15,conventional,12,0 days 00:02:03.356000,0 days 00:01:55.169000,,15,1,1,0,0.3333333333333333,13.333333333333334,0.0,55.0,13.5,13.0,4.833333333333333,9.166666666666666,14,0.0,13.333333333333334,14.0,2.0,2.0,0.0,0.0,2.779111811829247,15.0,0.0,1.0,0.0,3.0,1.0
2020,15,vettel,ferrari,11,13,13,+1 Lap,0.0,56,Bahrain Grand Prix,Sakhir,2020-11-29,conventional,11,0 days 00:01:29.142000,0 days 00:01:29.149000,,0,0,0,0,5.333333333333333,13.666666666666666,0.0,56.0,0.5,11.5,8.333333333333334,11.0,12,15.0,13.666666666666666,14.0,3.0,3.0,0.0,12.0,8.962236299749405,0.0,12.0,16.0,0.0,3.0,16.0
2020,16,vettel,ferrari,13,12,12,Finished,0.0,87,Sakhir Grand Prix,Sakhir,2020-12-06,conventional,13,0 days 00:00:54.301000,0 days 00:00:54.175000,,0,0,0,0,5.0,12.333333333333334,0.0,57.0,0.0,8.5,6.333333333333333,11.666666666666666,11,0.0,12.333333333333334,12.0,-1.0,0.0,1.0,2.0,4.104978460897369,0.0,2.0,15.0,12.0,3.0,3.0
2020,17,vettel,ferrari,13,14,14,+1 Lap,0.0,54,Abu Dhabi Grand Prix,Yas Island,2020-12-13,conventional,13,0 days 00:01:36.655000,0 days 00:01:36.631000,,0,0,0,0,5.0,12.0,0.0,58.0,0.0,11.0,4.666666666666667,11.0,13,0.0,12.0,15.0,2.0,2.0,0.0,0.0,1.4680750460330754,0.0,0.0,15.0,14.0,3.0,1.0
2021,1,vettel,aston_martin,20,15,15,+1 Lap,0.0,55,Bahrain Grand Prix,Sakhir,2021-03-28,conventional,18,0 days 00:01:32.056000,,,0,0,0,0,0.0,12.333333333333334,0.0,59.0,0.5,14.0,,,13,0.0,,,,,,,,,,0.0,0.0,0.0,0.0
2021,2,vettel,aston_martin,0,15,15,Gearbox,0.0,61,Emilia Romagna Grand Prix,Imola,2021-04-18,conventional,13,0 days 00:01:15.459000,0 days 00:01:15.394000,,0,0,0,0,0.0,14.666666666666666,0.0,60.0,2.0,11.5,0.5,14.0,18,0.0,14.666666666666666,16.0,3.0,3.0,0.0,0.0,4.024044759417582,0.0,0.0,0.0,0.0,0.0,0.0
2021,3,vettel,aston_martin,10,13,13,+1 Lap,0.0,65,Portuguese Grand Prix,Portimão,2021-05-02,conventional,10,0 days 00:01:19.403000,0 days 00:01:18.970000,0 days 00:01:19.659000,0,0,0,0,0.0,14.666666666666666,0.0,61.0,0.0,13.5,1.25,12.75,13,0.0,14.666666666666666,14.0,4.0,4.0,0.0,2.0,4.115475000198353,0.0,2.0,0.0,0.0,1.0,0.0
2021,4,vettel,aston_martin,13,13,13,+1 Lap,0.0,65,Spanish Grand Prix,Barcelona,2021-05-09,conventional,13,0 days 00:01:18.289000,0 days 00:01:18.079000,,0,0,0,0,0.0,13.666666666666666,0.0,62.0,0.0,12.0,0.8333333333333334,13.0,10,0.0,13.666666666666666,15.0,2.0,2.0,0.0,0.0,0.0,0.0,0.0,0.0,2.0,2.0,-2.0
2021,5,vettel,aston_martin,8,5,5,Finished,10.0,78,Monaco Grand Prix,Monte Carlo,2021-05-23,conventional,8,0 days 00:01:12.078000,0 days 00:01:11.309000,0 days 00:01:11.419000,10,1,0,0,0.0,12.0,0.0,63.0,7.0,10.5,0.6666666666666666,12.333333333333334,13,0.0,12.0,11.0,3.0,3.0,0.0,0.0,1.2055645099187515,10.0,0.0,0.0,2.0,3.0,-2.0
2021,6,vettel,aston_martin,11,2,2,Finished,18.0,51,Azerbaijan Grand Prix,Baku,2021-06-06,conventional,11,0 days 00:01:42.460000,0 days 00:01:42.224000,,18,1,1,0,3.3333333333333335,10.333333333333334,0.0,64.0,9.0,15.0,2.3333333333333335,12.0,8,10.0,10.333333333333334,10.0,-1.0,0.0,1.0,2.0,4.606318611970732,16.0,0.0,10.0,2.0,3.0,8.0
2021,7,vettel,aston_martin,12,9,9,Finished,2.0,53,French Grand Prix,Le Castellet,2021-06-20,conventional,12,0 days 00:01:32.132000,0 days 00:01:31.767000,,2,1,0,0,9.333333333333334,10.666666666666666,0.0,65.0,1.5,15.5,5.333333333333333,12.5,11,18.0,10.666666666666666,11.0,-1.0,0.0,1.0,2.0,5.095976389926372,0.0,0.0,26.0,0.0,3.0,26.0
2021,8,vettel,aston_martin,14,12,12,+1 Lap,0.0,70,Styrian Grand Prix,Spielberg,2021-06-27,conventional,14,0 days 00:01:05.051000,0 days 00:01:04.875000,,0,0,0,0,10.0,10.333333333333334,0.0,66.0,2.0,12.0,5.833333333333333,13.666666666666666,12,2.0,10.333333333333334,9.0,-5.0,0.0,5.0,2.0,5.7390204106051055,0.0,2.0,26.0,0.0,3.0,26.0
2021,9,vettel,aston_martin,11,17,17,Collision,0.0,69,Austrian Grand Prix,Spielberg,2021-07-04,conventional,8,0 days 00:01:04.846000,0 days 00:01:04.493000,0 days 00:01:04.570000,0,0,0,1,6.666666666666667,12.333333333333334,0.0,67.0,0.0,9.0,4.166666666666667,14.166666666666666,14,0.0,12.333333333333334,12.0,4.0,4.0,0.0,0.0,4.230944745706091,0.0,0.0,16.0,2.0,3.0,14.0
2021,11,vettel,aston_martin,10,20,D,Disqualified,0.0,70,Hungarian Grand Prix,Budapest,2021-08-01,conventional,10,0 days 00:01:17.105000,0 days 00:01:16.794000,0 days 00:01:16.750000,0,0,0,0,0.6666666666666666,11.333333333333334,0.1,68.0,0.0,11.0,1.1666666666666667,12.166666666666666,8,0.0,11.333333333333334,11.0,1.0,1.0,0.0,2.0,3.3622455776799245,0.0,2.0,0.0,2.0,3.0,-2.0
2021,12,vettel,aston_martin,5,5,5,Finished,5.0,1,Belgian Grand Prix,Spa-Francorchamps,2021-08-29,conventional,5,0 days 00:02:00.175000,0 days 00:01:56.814000,0 days 00:02:00.935000,10,1,0,0,0.0,10.666666666666666,0.1,69.0,5.0,10.0,0.6666666666666666,10.666666666666666,10,0.0,10.666666666666666,11.0,6.0,6.0,0.0,2.0,5.063093914447462,8.0,0.0,0.0,4.0,3.0,-4.0
2021,13,vettel,aston_martin,15,13,13,+2 Laps,0.0,70,Dutch Grand Prix,Zandvoort,2021-09-05,conventional,17,0 days 00:01:10.731000,,,0,0,0,0,3.3333333333333335,7.666666666666667,0.1,70.0,0.0,14.5,1.6666666666666667,10.0,5,10.0,7.666666666666667,7.0,-10.0,0.0,10.0,4.0,3.9860670999411285,0.0,4.0,8.0,2.0,3.0,6.0
2021,15,vettel,aston_martin,10,12,12,+1 Lap,0.0,52,Russian Grand Prix,Sochi,2021-09-26,conventional,11,0 days 00:01:47.205000,0 days 00:01:46.573000,,0,0,0,0,3.3333333333333335,10.666666666666666,0.1,71.0,0.0,9.5,1.6666666666666667,11.833333333333334,17,0.0,10.666666666666666,12.0,1.0,1.0,0.0,1.0,4.279184055718269,0.0,1.0,8.0,6.0,3.0,2.0
2021,16,vettel,aston_martin,10,18,18,+1 Lap,0.0,57,Turkish Grand Prix,Istanbul,2021-10-10,conventional,11,0 days 00:01:25.787000,0 days 00:01:24.795000,,0,0,0,0,3.3333333333333335,11.0,0.1,72.0,1.0,10.0,1.6666666666666667,11.333333333333334,11,0.0,11.0,13.0,2.0,2.0,0.0,0.0,1.8673605469927708,0.0,0.0,8.0,5.0,3.0,3.0
2021,17,vettel,aston_martin,18,10,10,+1 Lap,1.0,55,United States Grand Prix,Austin,2021-10-24,conventional,12,0 days 00:01:35.281000,0 days 00:01:35.500000,,1,1,0,0,0.0,13.0,0.1,73.0,0.5,14.0,0.3333333333333333,11.333333333333334,11,0.0,13.0,15.0,3.0,3.0,0.0,1.0,2.6791015713006856,0.0,0.0,0.0,5.0,3.0,-5.0
2021,18,vettel,aston_martin,9,7,7,+1 Lap,6.0,70,Mexico City Grand Prix,Mexico City,2021-11-07,conventional,11,0 days 00:01:17.502000,0 days 00:01:17.746000,,6,1,0,0,0.3333333333333333,11.333333333333334,0.1,74.0,3.0,15.5,0.5,11.166666666666666,12,1.0,11.333333333333334,15.0,4.0,4.0,0.0,1.0,2.372301896182587,5.0,0.0,0.0,1.0,3.0,-1.0
2021,20,vettel,aston_martin,10,10,10,+1 Lap,1.0,56,Qatar Grand Prix,Lusail,2021-11-21,conventional,10,0 days 00:01:22.549000,0 days 00:01:22.146000,0 days 00:01:22.785000,1,1,0,0,2.3333333333333335,11.333333333333334,0.1,75.0,4.5,11.0,1.5,13.166666666666666,11,6.0,11.333333333333334,11.0,1.0,1.0,0.0,0.0,2.349202315823965,1.0,0.0,5.0,0.0,3.0,5.0
2021,21,vettel,aston_martin,17,16,R,Collision damage,0.0,44,Saudi Arabian Grand Prix,Jeddah,2021-12-05,conventional,17,0 days 00:01:29.198000,,,0,0,0,1,2.6666666666666665,11.0,0.1,76.0,0.0,17.5,2.6666666666666665,13.5,10,1.0,11.0,11.0,-6.0,0.0,6.0,0.0,0.21002396722524175,0.0,0.0,6.0,0.0,3.0,6.0
2021,22,vettel,aston_martin,15,11,11,Finished,0.0,58,Abu Dhabi Grand Prix,Yas Island,2021-12-12,conventional,15,0 days 00:01:24.225000,0 days 00:01:24.305000,,0,0,0,0,2.3333333333333335,12.666666666666666,0.2,77.0,0.0,14.0,2.5,14.666666666666666,17,0.0,12.666666666666666,13.0,-2.0,0.0,2.0,0.0,1.5549250014423572,0.0,0.0,6.0,0.0,3.0,6.0
2022,3,vettel,aston_martin,17,19,R,Accident,0.0,22,Australian Grand Prix,Melbourne,2022-04-10,conventional,18,0 days 00:01:21.149000,,,0,0,0,1,0.3333333333333333,14.0,0.1,78.0,0.0,19.0,0.0,16.166666666666668,15,0.0,14.0,15.0,-3.0,0.0,3.0,0.0,0.0,0.0,0.0,0.0,0.0,0.0,0.0
2022,5,vettel,aston_martin,0,17,17,Collision,0.0,54,Miami Grand Prix,Miami,2022-05-08,conventional,13,0 days 00:01:30.677000,0 days 00:01:30.214000,,0,0,0,1,0.0,16.666666666666668,0.2,79.0,0.5,11.5,0.0,17.833333333333332,18,0.0,16.666666666666668,18.0,5.0,5.0,0.0,0.0,1.9067872137243387,0.0,0.0,0.0,0.0,1.0,0.0
2022,6,vettel,aston_martin,16,11,11,+1 Lap,0.0,65,Spanish Grand Prix,Barcelona,2022-05-22,conventional,16,0 days 00:01:20.954000,,,0,0,0,0,0.0,15.333333333333334,0.3,80.0,0.0,17.0,0.16666666666666666,15.666666666666666,13,0.0,15.333333333333334,18.0,2.0,2.0,0.0,0.0,0.2948992828029926,0.0,0.0,0.0,0.0,2.0,0.0
2022,7,vettel,aston_martin,9,10,10,Finished,1.0,64,Monaco Grand Prix,Monaco,2022-05-29,conventional,9,0 days 00:01:13.313000,0 days 00:01:12.613000,0 days 00:01:12.732000,1,1,0,0,0.0,15.666666666666666,0.3,81.0,0.5,13.5,0.16666666666666666,15.833333333333334,16,0.0,15.666666666666666,17.0,8.0,8.0,0.0,1.0,2.781626701594911,0.0,0.0,0.0,0.0,3.0,0.0
2022,8,vettel,aston_martin,9,6,6,Finished,8.0,51,Azerbaijan Grand Prix,Baku,2022-06-12,conventional,9,0 days 00:01:43.279000,0 days 00:01:43.268000,0 days 00:01:43.091000,8,1,0,0,0.3333333333333333,12.666666666666666,0.3,82.0,4.0,14.0,0.3333333333333333,14.0,9,1.0,12.666666666666666,14.0,5.0,5.0,0.0,2.0,2.9792895785616644,6.0,0.0,0.0,0.0,3.0,0.0
2022,9,vettel,aston_martin,16,12,12,Finished,0.0,70,Canadian Grand Prix,Montréal,2022-06-19,conventional,17,0 days 00:01:34.512000,,,0,0,0,0,3.0,11.333333333333334,0.3,83.0,0.5,17.5,1.5,14.833333333333334,9,8.0,11.333333333333334,11.0,-6.0,0.0,6.0,0.0,2.2395620179202167,0.0,0.0,6.0,0.0,3.0,6.0
2022,10,vettel,aston_martin,18,9,9,Finished,2.0,52,British Grand Prix,Silverstone,2022-07-03,conventional,18,0 days 00:01:42.666000,,,2,1,0,0,3.0,11.666666666666666,0.3,84.0,1.0,19.0,1.6666666666666667,15.0,17,0.0,11.666666666666666,12.0,-6.0,0.0,6.0,0.0,0.0,2.0,0.0,6.0,0.0,3.0,6.0
2022,12,vettel,aston_martin,12,11,11,Finished,0.0,53,French Grand Prix,Le Castellet,2022-07-24,conventional,14,0 days 00:01:33.285000,0 days 00:01:33.276000,,0,0,0,0,3.3333333333333335,14.666666666666666,0.3,85.0,0.5,15.5,1.8333333333333333,16.833333333333332,18,2.0,14.666666666666666,16.0,2.0,2.0,0.0,0.0,1.4188563902752778,0.0,0.0,8.0,0.0,3.0,8.0
2022,13,vettel,aston_martin,18,10,10,+1 Lap,1.0,69,Hungarian Grand Prix,Budapest,2022-07-31,conventional,18,0 days 00:01:19.273000,,,1,1,0,0,0.6666666666666666,16.333333333333332,0.3,86.0,0.5,16.0,0.6666666666666666,17.333333333333332,14,0.0,16.333333333333332,19.0,1.0,1.0,0.0,0.0,0.0,1.0,0.0,2.0,0.0,3.0,2.0
2022,14,vettel,aston_martin,10,8,8,Finished,4.0,44,Belgian Grand Prix,Spa-Francorchamps,2022-08-28,conventional,16,0 days 00:01:46.344000,,,4,1,0,0,1.0,16.666666666666668,0.2,87.0,2.0,15.0,0.6666666666666666,16.833333333333332,18,1.0,16.666666666666668,18.0,2.0,2.0,0.0,0.0,0.0,4.0,0.0,3.0,0.0,3.0,3.0
2022,15,vettel,aston_martin,19,14,14,Finished,0.0,72,Dutch Grand Prix,Zandvoort,2022-09-04,conventional,19,0 days 00:01:12.391000,,,0,0,0,0,1.6666666666666667,16.0,0.2,88.0,0.5,14.5,1.0,15.5,16,4.0,16.0,18.0,-1.0,0.0,1.0,0.0,0.2530955366322347,0.0,0.0,5.0,0.0,3.0,5.0
2022,16,vettel,aston_martin,11,20,R,Engine,0.0,10,Italian Grand Prix,Monza,2022-09-11,conventional,17,0 days 00:01:22.636000,,,0,0,0,0,1.6666666666666667,17.666666666666668,0.1,89.0,0.0,17.5,1.0,15.166666666666666,19,0.0,17.666666666666668,18.0,1.0,1.0,0.0,0.0,0.03559465258629224,0.0,0.0,5.0,0.0,3.0,5.0
2022,17,vettel,aston_martin,13,8,8,Finished,4.0,59,Singapore Grand Prix,Marina Bay,2022-10-02,conventional,14,0 days 00:01:55.602000,0 days 00:01:54.380000,,4,1,0,0,1.3333333333333333,17.333333333333332,0.0,90.0,6.0,13.0,0.8333333333333334,15.666666666666666,17,0.0,17.333333333333332,18.0,4.0,4.0,0.0,0.0,0.0,4.0,0.0,4.0,0.0,3.0,4.0
2022,18,vettel,aston_martin,9,6,6,Finished,8.0,28,Japanese Grand Prix,Suzuka,2022-10-09,conventional,9,0 days 00:01:31.256000,0 days 00:01:30.656000,0 days 00:01:30.554000,8,1,0,0,1.3333333333333333,16.666666666666668,0.0,91.0,4.0,14.0,2.1666666666666665,15.0,14,4.0,16.666666666666668,19.0,10.0,10.0,0.0,1.0,4.007080191100022,7.0,0.0,4.0,0.0,3.0,4.0
2022,19,vettel,aston_martin,10,8,8,Finished,4.0,56,United States Grand Prix,Austin,2022-10-23,conventional,12,0 days 00:01:36.695000,0 days 00:01:36.398000,,4,1,0,0,4.0,13.333333333333334,0.0,92.0,2.0,9.5,3.3333333333333335,14.833333333333334,9,8.0,13.333333333333334,14.0,2.0,2.0,0.0,2.0,2.8451475117433755,2.0,0.0,11.0,0.0,3.0,11.0
2022,20,vettel,aston_martin,16,14,14,+1 Lap,0.0,70,Mexico City Grand Prix,Mexico City,2022-10-30,conventional,17,0 days 00:01:20.419000,,,0,0,0,0,5.333333333333333,11.666666666666666,0.0,93.0,0.0,17.5,4.0,12.166666666666666,12,4.0,11.666666666666666,9.0,-8.0,0.0,8.0,0.0,0.9920076144285837,0.0,0.0,13.0,0.0,3.0,13.0
2022,22,vettel,aston_martin,9,10,10,Finished,1.0,58,Abu Dhabi Grand Prix,Yas Island,2022-11-20,conventional,9,0 days 00:01:25.523000,0 days 00:01:24.974000,0 days 00:01:24.961000,1,1,0,0,4.0,12.666666666666666,0.0,94.0,2.5,11.5,2.0,13.666666666666666,17,0.0,12.666666666666666,11.0,2.0,2.0,0.0,0.0,1.6465514463889277,1.0,0.0,9.0,0.0,3.0,9.0
2022,1,zhou,alfa,15,10,10,Finished,1.0,57,Bahrain Grand Prix,Sakhir,2022-03-20,conventional,15,0 days 00:01:32.493000,0 days 00:01:33.543000,,1,1,0,0,,,,0.0,4.5,10.5,0.3333333333333333,14.666666666666666,,,,,,,,,,,,0.0,0.0,0.0,0.0
2022,2,zhou,alfa,12,11,11,Finished,0.0,50,Saudi Arabian Grand Prix,Jeddah,2022-03-27,conventional,13,0 days 00:01:29.978000,0 days 00:01:29.819000,,0,0,0,0,1.0,15.0,0.0,1.0,0.0,10.5,1.8333333333333333,12.5,15,1.0,15.0,17.0,4.0,4.0,0.0,0.0,0.0,0.0,0.0,0.0,0.0,0.0,0.0
2022,3,zhou,alfa,14,11,11,Finished,0.0,58,Australian Grand Prix,Melbourne,2022-04-10,conventional,14,0 days 00:01:19.910000,0 days 00:01:20.155000,,0,0,0,0,0.5,14.0,0.0,2.0,2.0,13.0,1.5,12.333333333333334,13,0.0,14.0,16.0,2.0,2.0,0.0,0.0,0.25820829236507414,0.0,0.0,0.0,0.0,1.0,0.0
2022,5,zhou,alfa,17,20,R,Water leak,0.0,6,Miami Grand Prix,Miami,2022-05-08,conventional,17,0 days 00:01:31.020000,,,0,0,0,0,0.3333333333333333,14.0,0.0,3.0,3.0,11.0,2.1666666666666665,11.333333333333334,14,0.0,14.0,15.0,-2.0,0.0,2.0,0.0,0.0,0.0,0.0,0.0,0.0,2.0,0.0
2022,6,zhou,alfa,15,19,R,Power loss,0.0,28,Spanish Grand Prix,Barcelona,2022-05-22,conventional,15,0 days 00:01:20.476000,0 days 00:01:21.094000,,0,0,0,0,0.0,14.666666666666666,0.0,4.0,4.0,11.0,1.6666666666666667,11.5,17,0.0,14.666666666666666,16.0,1.0,1.0,0.0,0.0,0.5474553345051234,0.0,0.0,0.0,0.0,3.0,0.0
2022,7,zhou,alfa,20,16,16,+1 Lap,0.0,63,Monaco Grand Prix,Monaco,2022-05-29,conventional,20,0 days 00:01:15.606000,,,0,0,0,0,0.0,15.333333333333334,0.0,5.0,1.0,16.0,3.0,11.666666666666666,15,0.0,15.333333333333334,16.0,-4.0,0.0,4.0,0.0,0.0,0.0,0.0,0.0,0.0,3.0,0.0
2022,8,zhou,alfa,14,18,R,Hydraulics,0.0,23,Azerbaijan Grand Prix,Baku,2022-06-12,conventional,14,0 days 00:01:43.777000,0 days 00:01:43.790000,,0,0,0,0,0.0,17.333333333333332,0.0,6.0,0.0,14.5,2.6666666666666665,12.666666666666666,20,0.0,17.333333333333332,18.0,4.0,4.0,0.0,0.0,1.0534808270790679,0.0,0.0,0.0,0.0,3.0,0.0
2022,9,zhou,alfa,10,8,8,Finished,4.0,70,Canadian Grand Prix,Montréal,2022-06-19,conventional,10,0 days 00:01:33.692000,0 days 00:01:26.116000,0 days 00:01:24.030000,4,1,0,0,0.0,16.333333333333332,0.0,7.0,5.0,10.5,1.6666666666666667,13.833333333333334,14,0.0,16.333333333333332,17.0,7.0,7.0,0.0,0.0,0.331871508490873,4.0,0.0,0.0,0.0,3.0,0.0
2022,10,zhou,alfa,9,19,R,Collision,0.0,0,British Grand Prix,Silverstone,2022-07-03,conventional,9,0 days 00:01:40.791000,0 days 00:01:42.640000,0 days 00:01:42.719000,0,0,0,1,1.3333333333333333,14.666666666666666,0.0,8.0,0.0,10.5,2.0,13.666666666666666,10,4.0,14.666666666666666,17.0,8.0,8.0,0.0,0.0,1.5355133623125425,0.0,0.0,4.0,0.0,3.0,4.0
2022,12,zhou,alfa,16,16,16,+6 Laps,0.0,47,French Grand Prix,Le Castellet,2022-07-24,conventional,18,0 days 00:01:33.674000,,,0,0,0,0,1.3333333333333333,11.0,0.1111111111111111,9.0,0.0,15.5,1.6666666666666667,11.833333333333334,9,0.0,11.0,10.0,-8.0,0.0,8.0,0.0,0.1473857458000003,0.0,0.0,4.0,0.0,3.0,4.0
2022,13,zhou,alfa,12,13,13,+1 Lap,0.0,69,Hungarian Grand Prix,Budapest,2022-07-31,conventional,12,0 days 00:01:18.973000,0 days 00:01:18.573000,,0,0,0,0,1.3333333333333333,12.333333333333334,0.1,10.0,0.0,10.0,1.6666666666666667,12.166666666666666,18,0.0,12.333333333333334,13.0,1.0,1.0,0.0,0.0,1.2299617553944575,0.0,0.0,4.0,0.0,3.0,4.0
2022,14,zhou,alfa,18,14,14,Finished,0.0,44,Belgian Grand Prix,Spa-Francorchamps,2022-08-28,conventional,13,0 days 00:01:46.178000,0 days 00:01:46.085000,,0,0,0,0,0.0,13.0,0.1,11.0,0.0,16.5,0.0,12.0,12,0.0,13.0,13.0,0.0,0.0,-0.0,0.0,0.8979542224747208,0.0,0.0,0.0,0.0,3.0,0.0
2022,15,zhou,alfa,14,16,16,Finished,0.0,72,Dutch Grand Prix,Zandvoort,2022-09-04,conventional,14,0 days 00:01:11.826000,0 days 00:01:11.704000,,0,0,0,0,0.0,14.333333333333334,0.1,12.0,0.0,15.0,0.0,14.0,13,0.0,14.333333333333334,15.0,1.0,1.0,0.0,0.0,0.5354388413043365,0.0,0.0,0.0,0.0,3.0,0.0
2022,16,zhou,alfa,9,10,10,Finished,1.0,53,Italian Grand Prix,Monza,2022-09-11,conventional,14,0 days 00:01:22.003000,0 days 00:01:22.577000,,1,1,0,0,0.0,13.0,0.1,13.0,0.5,13.0,0.0,13.833333333333334,14,0.0,13.0,13.0,-1.0,0.0,1.0,0.0,0.08444750308341842,1.0,0.0,0.0,0.0,3.0,0.0
2022,17,zhou,alfa,14,20,R,Collision,0.0,6,Singapore Grand Prix,Marina Bay,2022-10-02,conventional,15,0 days 00:01:55.375000,0 days 00:01:55.518000,,0,0,0,1,0.3333333333333333,13.666666666666666,0.1,14.0,0.0,15.5,0.16666666666666666,14.833333333333334,14,1.0,13.666666666666666,13.0,-2.0,0.0,2.0,0.0,0.0,0.0,0.0,1.0,0.0,3.0,1.0
2022,18,zhou,alfa,14,16,16,Finished,0.0,28,Japanese Grand Prix,Suzuka,2022-10-09,conventional,14,0 days 00:01:30.894000,0 days 00:01:30.953000,,0,0,0,0,0.3333333333333333,14.333333333333334,0.2,15.0,0.0,13.0,0.16666666666666666,14.5,15,0.0,14.333333333333334,16.0,2.0,2.0,0.0,0.0,0.26119848916818356,0.0,0.0,1.0,0.0,3.0,1.0
2022,19,zhou,alfa,18,12,12,Finished,0.0,56,United States Grand Prix,Austin,2022-10-23,conventional,14,0 days 00:01:36.656000,0 days 00:01:36.970000,,0,0,0,0,0.3333333333333333,14.333333333333334,0.2,16.0,0.0,12.0,0.16666666666666666,13.833333333333334,14,0.0,14.333333333333334,15.0,1.0,1.0,0.0,0.0,0.2256950147320147,0.0,0.0,1.0,0.0,3.0,1.0
2022,20,zhou,alfa,12,13,13,+1 Lap,0.0,70,Mexico City Grand Prix,Mexico City,2022-10-30,conventional,12,0 days 00:01:20.283000,0 days 00:01:19.476000,,0,0,0,0,0.0,14.333333333333334,0.2,17.0,0.5,9.0,0.0,13.5,14,0.0,14.333333333333334,16.0,4.0,4.0,0.0,0.0,0.48865094720888447,0.0,0.0,0.0,0.0,3.0,0.0
2022,22,zhou,alfa,15,12,12,+1 Lap,0.0,57,Abu Dhabi Grand Prix,Yas Island,2022-11-20,conventional,15,0 days 00:01:25.594000,0 days 00:01:25.408000,,0,0,0,0,0.0,13.333333333333334,0.2,18.0,0.0,16.5,0.16666666666666666,11.333333333333334,12,0.0,13.333333333333334,13.0,-2.0,0.0,2.0,0.0,0.2889164185889035,0.0,0.0,0.0,0.0,3.0,0.0
2023,1,zhou,alfa,13,16,16,Lapped,0.0,56,Bahrain Grand Prix,Sakhir,2023-03-05,conventional,13,0 days 00:01:31.615000,0 days 00:01:31.473000,,0,0,0,0,0.0,13.666666666666666,0.1,19.0,2.0,12.5,0.16666666666666666,12.5,15,0.0,13.666666666666666,14.0,1.0,1.0,0.0,0.0,0.7112239491752312,0.0,0.0,0.0,0.0,0.0,0.0
2023,2,zhou,alfa,11,13,13,Finished,0.0,50,Saudi Arabian Grand Prix,Jeddah,2023-03-19,conventional,12,0 days 00:01:29.654000,0 days 00:01:29.461000,,0,0,0,0,0.0,13.333333333333334,0.1,20.0,0.0,13.0,0.8333333333333334,12.666666666666666,13,0.0,13.333333333333334,13.0,1.0,1.0,0.0,0.0,0.48855637475050173,0.0,0.0,0.0,0.0,1.0,0.0
2023,3,zhou,alfa,17,9,9,Finished,2.0,58,Australian Grand Prix,Melbourne,2023-04-02,conventional,17,0 days 00:01:18.540000,,,2,1,0,0,0.0,13.333333333333334,0.1,21.0,1.0,18.0,0.6666666666666666,14.0,12,0.0,13.333333333333334,12.0,-5.0,0.0,5.0,0.0,0.0,2.0,0.0,0.0,0.0,2.0,0.0
2023,5,zhou,alfa,14,16,16,Finished,0.0,57,Miami Grand Prix,Miami,2023-05-07,conventional,14,0 days 00:01:28.180000,0 days 00:01:28.091000,,0,0,0,0,0.6666666666666666,14.0,0.1,22.0,0.0,12.0,1.0,14.5,17,2.0,14.0,14.0,0.0,0.0,-0.0,0.0,0.37665428509036847,0.0,0.0,2.0,0.0,3.0,2.0
2023,6,zhou,alfa,19,13,13,Lapped,0.0,77,Monaco Grand Prix,Monaco,2023-05-28,conventional,19,0 days 00:01:13.523000,,,0,0,0,0,0.6666666666666666,14.333333333333334,0.1,23.0,0.0,17.0,0.3333333333333333,14.333333333333334,14,0.0,14.333333333333334,15.0,-4.0,0.0,4.0,0.0,0.14098783114543334,0.0,0.0,2.0,0.0,3.0,2.0
2023,7,zhou,alfa,13,9,9,Finished,2.0,66,Spanish Grand Prix,Barcelona,2023-06-04,conventional,13,0 days 00:01:13.677000,0 days 00:01:13.521000,,2,1,0,0,0.6666666666666666,16.666666666666668,0.1,24.0,1.0,14.5,0.3333333333333333,15.666666666666666,19,0.0,16.666666666666668,19.0,6.0,6.0,0.0,0.0,0.0,2.0,0.0,2.0,0.0,3.0,2.0
2023,8,zhou,alfa,20,16,16,Lapped,0.0,69,Canadian Grand Prix,Montréal,2023-06-18,conventional,20,0 days 00:01:23.342000,,,0,0,0,0,0.6666666666666666,15.333333333333334,0.0,25.0,0.5,17.5,0.3333333333333333,14.5,13,2.0,15.333333333333334,19.0,-1.0,0.0,1.0,0.0,0.32632685416683405,0.0,0.0,2.0,0.0,3.0,2.0
2023,10,zhou,alfa,17,15,15,Finished,0.0,52,British Grand Prix,Silverstone,2023-07-09,conventional,17,0 days 00:01:30.123000,,,0,0,0,0,0.6666666666666666,17.333333333333332,0.0,26.0,0.0,16.0,0.5,16.333333333333332,20,0.0,17.333333333333332,19.0,2.0,2.0,0.0,0.0,0.0,0.0,0.0,2.0,0.0,3.0,2.0
2023,11,zhou,alfa,5,16,16,Lapped,0.0,69,Hungarian Grand Prix,Budapest,2023-07-23,conventional,5,0 days 00:01:18.143000,0 days 00:01:17.700000,0 days 00:01:16.971000,0,0,0,0,0.6666666666666666,16.666666666666668,0.0,27.0,0.0,6.0,0.5,16.0,17,0.0,16.666666666666668,19.0,14.0,14.0,0.0,0.0,2.6514095667045314,0.0,0.0,2.0,0.0,3.0,2.0
2023,13,zhou,alfa,15,18,R,Accident,0.0,62,Dutch Grand Prix,Zandvoort,2023-08-27,conventional,16,0 days 00:01:22.067000,,,0,0,0,1,0.0,14.0,0.0,28.0,0.0,17.5,0.16666666666666666,13.166666666666666,5,0.0,14.0,16.0,0.0,0.0,-0.0,0.0,0.20422290447096447,0.0,0.0,0.0,0.0,3.0,0.0
2023,14,zhou,alfa,16,14,14,Finished,0.0,51,Italian Grand Prix,Monza,2023-09-03,conventional,16,0 days 00:01:22.390000,,,0,0,0,0,0.0,12.666666666666666,0.1,29.0,0.5,15.0,0.0,13.166666666666666,16,0.0,12.666666666666666,14.0,-2.0,0.0,2.0,0.0,0.05505916815650114,0.0,0.0,0.0,0.0,3.0,0.0
2023,15,zhou,alfa,19,12,12,Finished,0.0,62,Singapore Grand Prix,Marina Bay,2023-09-17,conventional,19,0 days 00:01:33.258000,,,0,0,0,0,0.0,12.333333333333334,0.1,30.0,0.0,17.5,0.16666666666666666,12.833333333333334,16,0.0,12.333333333333334,11.0,-8.0,0.0,8.0,0.0,0.0,0.0,0.0,0.0,0.0,3.0,0.0
2023,16,zhou,alfa,19,13,13,Lapped,0.0,52,Japanese Grand Prix,Suzuka,2023-09-24,conventional,19,0 days 00:01:31.398000,,,0,0,0,0,0.0,17.0,0.1,31.0,0.0,17.5,0.16666666666666666,16.666666666666668,19,0.0,17.0,20.0,1.0,1.0,0.0,0.0,0.0,0.0,0.0,0.0,0.0,3.0,0.0
2023,19,zhou,alfa,10,14,14,Finished,0.0,71,Mexico City Grand Prix,Mexico City,2023-10-29,conventional,10,0 days 00:01:19.016000,0 days 00:01:18.440000,0 days 00:01:18.050000,0,0,0,0,0.0,18.0,0.1,32.0,0.0,9.5,0.16666666666666666,16.666666666666668,19,0.0,18.0,19.0,9.0,9.0,0.0,0.0,0.22595410902051416,0.0,0.0,0.0,0.0,3.0,0.0
2023,21,zhou,alfa,17,15,15,Finished,0.0,50,Las Vegas Grand Prix,Las Vegas,2023-11-18,conventional,18,0 days 00:01:34.849000,,,0,0,0,0,0.0,16.0,0.1,33.0,0.0,13.0,0.0,14.833333333333334,10,0.0,16.0,18.0,0.0,0.0,-0.0,0.0,0.7945152530811512,0.0,0.0,0.0,0.0,3.0,0.0
2023,22,zhou,alfa,19,17,17,Finished,0.0,58,Abu Dhabi Grand Prix,Yas Island,2023-11-26,conventional,19,0 days 00:01:25.159000,,,0,0,0,0,0.0,15.666666666666666,0.1,34.0,0.0,18.5,0.0,13.333333333333334,18,0.0,15.666666666666666,19.0,0.0,0.0,-0.0,0.0,0.0074005638252367945,0.0,0.0,0.0,0.0,3.0,0.0
2024,1,zhou,sauber,17,11,11,Lapped,0.0,56,Bahrain Grand Prix,Sakhir,2024-03-02,conventional,17,0 days 00:01:30.757000,,,0,0,0,0,0.0,15.666666666666666,0.1,35.0,0.0,16.5,3.3333333333333335,9.0,19,0.0,15.666666666666666,18.0,1.0,1.0,0.0,0.0,0.6771528185700557,0.0,0.0,0.0,0.0,0.0,0.0
2024,2,zhou,sauber,20,18,18,Lapped,0.0,49,Saudi Arabian Grand Prix,Jeddah,2024-03-09,conventional,20,,,,0,0,0,0,0.0,18.0,0.1,36.0,0.0,18.0,2.0,11.333333333333334,17,0.0,18.0,19.0,-1.0,0.0,1.0,0.0,0.0737970349762822,0.0,0.0,0.0,0.0,1.0,0.0
2024,3,zhou,sauber,19,15,15,Lapped,0.0,57,Australian Grand Prix,Melbourne,2024-03-24,conventional,19,0 days 00:01:18.188000,,,0,0,0,0,0.0,18.666666666666668,0.1,37.0,0.0,16.0,1.0,14.833333333333334,20,0.0,18.666666666666668,19.0,0.0,0.0,-0.0,0.0,0.06115019196526372,0.0,0.0,0.0,0.0,2.0,0.0
2024,4,zhou,sauber,20,18,R,Retired,0.0,12,Japanese Grand Prix,Suzuka,2024-04-07,conventional,20,0 days 00:01:30.143000,,,0,0,0,0,0.0,18.666666666666668,0.1,38.0,0.0,16.5,0.0,16.833333333333332,19,0.0,18.666666666666668,19.0,-1.0,0.0,1.0,0.0,0.20422360961002362,0.0,0.0,0.0,0.0,3.0,0.0
2024,7,zhou,sauber,17,15,15,Lapped,0.0,62,Emilia Romagna Grand Prix,Imola,2024-05-19,conventional,17,0 days 00:01:16.834000,,,0,0,0,0,0.0,19.666666666666668,0.0,39.0,0.0,16.5,0.0,16.833333333333332,20,0.0,19.666666666666668,20.0,3.0,3.0,0.0,0.0,0.018599056794009527,0.0,0.0,0.0,0.0,3.0,0.0
2024,8,zhou,sauber,18,16,16,Lapped,0.0,76,Monaco Grand Prix,Monaco,2024-05-26,conventional,18,0 days 00:01:13.028000,,,0,0,0,0,0.0,18.666666666666668,0.0,40.0,0.0,17.5,0.0,16.333333333333332,17,0.0,18.666666666666668,19.0,1.0,1.0,0.0,0.0,0.0,0.0,0.0,0.0,0.0,3.0,0.0
2024,9,zhou,sauber,20,15,15,Lapped,0.0,69,Canadian Grand Prix,Montréal,2024-06-09,conventional,20,0 days 00:01:14.292000,,,0,0,0,0,0.0,18.333333333333332,0.0,41.0,0.0,18.5,0.0,16.833333333333332,18,0.0,18.333333333333332,20.0,0.0,0.0,-0.0,0.0,0.35923540670115006,0.0,0.0,0.0,0.0,3.0,0.0
2024,10,zhou,sauber,15,13,13,Lapped,0.0,65,Spanish Grand Prix,Barcelona,2024-06-23,conventional,15,0 days 00:01:12.880000,0 days 00:01:12.738000,,0,0,0,0,0.0,18.333333333333332,0.0,42.0,0.0,13.5,0.0,17.5,20,0.0,18.333333333333332,20.0,5.0,5.0,0.0,0.0,0.0,0.0,0.0,0.0,0.0,3.0,0.0
2024,12,zhou,sauber,14,18,18,Lapped,0.0,50,British Grand Prix,Silverstone,2024-07-07,conventional,14,0 days 00:01:31.190000,0 days 00:01:27.867000,,0,0,0,0,0.0,17.666666666666668,0.0,43.0,0.0,15.0,0.0,16.5,15,0.0,17.666666666666668,19.0,5.0,5.0,0.0,0.0,0.1344890586472527,0.0,0.0,0.0,0.0,3.0,0.0
2024,13,zhou,sauber,18,19,19,Lapped,0.0,69,Hungarian Grand Prix,Budapest,2024-07-21,conventional,18,0 days 00:01:18.037000,,,0,0,0,0,0.0,16.333333333333332,0.0,44.0,0.0,15.0,0.0,15.666666666666666,14,0.0,16.333333333333332,20.0,2.0,2.0,0.0,0.0,0.0,0.0,0.0,0.0,0.0,3.0,0.0
2024,14,zhou,sauber,19,19,R,Retired,0.0,5,Belgian Grand Prix,Spa-Francorchamps,2024-07-28,conventional,20,0 days 00:01:57.775000,,,0,0,0,0,0.0,15.666666666666666,0.0,45.0,0.0,17.0,0.0,14.5,18,0.0,15.666666666666666,19.0,-1.0,0.0,1.0,0.0,0.18218652251021172,0.0,0.0,0.0,0.0,3.0,0.0
2024,15,zhou,sauber,17,20,20,Lapped,0.0,70,Dutch Grand Prix,Zandvoort,2024-08-25,conventional,18,0 days 00:01:13.261000,,,0,0,0,0,0.0,17.333333333333332,0.0,46.0,0.0,17.5,0.0,15.666666666666666,20,0.0,17.333333333333332,20.0,2.0,2.0,0.0,0.0,0.13702682688158596,0.0,0.0,0.0,0.0,3.0,0.0
2024,16,zhou,sauber,20,18,18,Lapped,0.0,52,Italian Grand Prix,Monza,2024-09-01,conventional,20,0 days 00:01:21.445000,,,0,0,0,0,0.0,18.666666666666668,0.0,47.0,0.0,19.5,0.0,16.5,18,0.0,18.666666666666668,19.0,-1.0,0.0,1.0,0.0,0.02975347451710242,0.0,0.0,0.0,0.0,3.0,0.0
2024,17,zhou,sauber,17,14,14,Finished,0.0,51,Azerbaijan Grand Prix,Baku,2024-09-15,conventional,18,0 days 00:01:44.246000,,,0,0,0,0,0.0,19.333333333333332,0.0,48.0,0.0,17.5,0.0,18.0,20,0.0,19.333333333333332,20.0,2.0,2.0,0.0,0.0,0.46390126470400705,0.0,0.0,0.0,0.0,3.0,0.0
2024,18,zhou,sauber,20,15,15,Lapped,0.0,61,Singapore Grand Prix,Marina Bay,2024-09-22,conventional,20,0 days 00:01:32.054000,,,0,0,0,0,0.0,18.666666666666668,0.0,49.0,0.0,19.5,0.0,18.166666666666668,18,0.0,18.666666666666668,20.0,0.0,0.0,-0.0,0.0,0.6319840200420455,0.0,0.0,0.0,0.0,3.0,0.0
2024,20,zhou,sauber,19,15,15,Lapped,0.0,70,Mexico City Grand Prix,Mexico City,2024-10-27,conventional,20,0 days 00:01:18.072000,,,0,0,0,0,0.0,19.333333333333332,0.0,50.0,0.0,17.5,0.0,18.833333333333332,20,0.0,19.333333333333332,20.0,0.0,0.0,-0.0,0.0,0.35852272977269006,0.0,0.0,0.0,0.0,3.0,0.0
2024,22,zhou,sauber,13,13,13,Finished,0.0,50,Las Vegas Grand Prix,Las Vegas,2024-11-23,conventional,13,0 days 00:01:34.079000,0 days 00:01:33.566000,,0,0,0,0,0.0,19.333333333333332,0.0,51.0,0.0,16.0,0.0,18.166666666666668,20,0.0,19.333333333333332,20.0,7.0,7.0,0.0,0.0,0.4918686038611906,0.0,0.0,0.0,0.0,3.0,0.0
2024,24,zhou,sauber,15,13,13,Lapped,0.0,57,Abu Dhabi Grand Prix,Yas Island,2024-12-08,conventional,17,0 days 00:01:23.880000,,,0,0,0,0,0.0,17.666666666666668,0.0,52.0,0.0,13.0,0.0,17.666666666666668,13,0.0,17.666666666666668,19.0,2.0,2.0,0.0,0.0,0.0,0.0,0.0,0.0,0.0,3.0,0.0
